order_id,order_date,year,month,quarter,region,city,sales_channel,customer_segment,product,category,salesperson,units,unit_price_cop,discount_pct,gross_sales_cop,discount_amount_cop,net_sales_cop,unit_cost_cop,total_cost_cop,profit_cop,profit_margin_pct,order_status,payment_method,customer_rating,delivery_days,returned,new_customer
ORD-00001,2025-10-16,2025,2025-10,Q4,Andina,Bucaramanga,Web,Emprendedor,Monitor 24,Tecnología,Diego Martínez,4,764000,8,3056000,244480,2811520,535000,2140000,671520,23.88,Entregado,Efectivo,2,5,No,No
ORD-00002,2025-04-04,2025,2025-04,Q2,Caribe,Barranquilla,Marketplace,Corporativo,Monitor 27,Tecnología,Juan Castro,2,1200000,0,2400000,0,2400000,866000,1732000,668000,27.83,Entregado,Efectivo,4,4,No,Sí
ORD-00003,2024-02-14,2024,2024-02,Q1,Pacífica,Quibdó,Ventas corporativas,PyME,Laptop Air 13,Tecnología,Carlos Ruiz,17,3255000,3,55335000,1660050,53674950,2659000,45203000,8471950,15.78,Entregado,Tarjeta débito,5,4,No,No
ORD-00004,2025-01-24,2025,2025-01,Q1,Andina,Bucaramanga,Web,PyME,Monitor 27,Tecnología,Ana Torres,1,1225000,3,1225000,36750,1188250,864000,864000,324250,27.29,Cancelado,Efectivo,,,No,No
ORD-00005,2024-06-16,2024,2024-06,Q2,Caribe,Santa Marta,Marketplace,Corporativo,Headset Pro,Audio,Sofía Herrera,1,529000,3,529000,15870,513130,295000,295000,218130,42.51,Entregado,Tarjeta crédito,2,4,No,Sí
ORD-00006,2026-08-23,2026,2026-08,Q3,Caribe,Santa Marta,Marketplace,Corporativo,Monitor 24,Tecnología,Valentina Rojas,2,749000,15,1498000,224700,1273300,513000,1026000,247300,19.42,Entregado,PSE,5,1,No,Sí
ORD-00007,2024-05-21,2024,2024-05,Q2,Caribe,Barranquilla,Ventas corporativas,Corporativo,Laptop Pro 14,Tecnología,Sofía Herrera,5,4732000,10,23660000,2366000,21294000,3558000,17790000,3504000,16.46,Entregado,Efectivo,5,2,No,No
ORD-00008,2024-01-12,2024,2024-01,Q1,Pacífica,Cali,Ventas corporativas,Consumidor,Headset Pro,Audio,Ana Torres,10,484000,0,4840000,0,4840000,286000,2860000,1980000,40.91,En tránsito,Efectivo,1,3,No,No
ORD-00009,2026-06-10,2026,2026-06,Q2,Caribe,Valledupar,Web,Emprendedor,Escritorio Ajustable,Mobiliario,Andrés Moreno,2,2181000,0,4362000,0,4362000,1499000,2998000,1364000,31.27,Procesando,Tarjeta crédito,5,1,No,Sí
ORD-00010,2025-01-06,2025,2025-01,Q1,Orinoquía,Yopal,Web,PyME,Monitor 24,Tecnología,Andrés Moreno,6,764000,15,4584000,687600,3896400,494000,2964000,932400,23.93,En tránsito,Efectivo,5,6,No,Sí
ORD-00011,2025-06-24,2025,2025-06,Q2,Orinoquía,Yopal,Ventas corporativas,Emprendedor,Monitor 24,Tecnología,Andrés Moreno,8,769000,10,6152000,615200,5536800,510000,4080000,1456800,26.31,Cancelado,Efectivo,,,No,No
ORD-00012,2024-09-10,2024,2024-09,Q3,Andina,Bucaramanga,Tienda física,PyME,Laptop Pro 14,Tecnología,Carlos Ruiz,1,4800000,3,4800000,144000,4656000,3433000,3433000,1223000,26.27,Cancelado,Tarjeta crédito,,,No,No
ORD-00013,2024-03-13,2024,2024-03,Q1,Caribe,Santa Marta,Tienda física,Consumidor,Headset Pro,Audio,Valentina Rojas,2,520000,10,1040000,104000,936000,299000,598000,338000,36.11,Procesando,Tarjeta débito,4,3,No,Sí
ORD-00014,2025-11-05,2025,2025-11,Q4,Caribe,Montería,Tienda física,PyME,Dock USB-C,Accesorios,Andrés Moreno,4,459000,8,1836000,146880,1689120,249000,996000,693120,41.03,Entregado,Tarjeta débito,5,3,No,No
ORD-00015,2024-10-12,2024,2024-10,Q4,Caribe,Barranquilla,Marketplace,Consumidor,Webcam HD,Accesorios,Diego Martínez,5,259000,0,1295000,0,1295000,149000,745000,550000,42.47,Procesando,Tarjeta débito,5,2,No,No
ORD-00016,2025-05-07,2025,2025-05,Q2,Andina,Manizales,Web,Consumidor,Laptop Pro 14,Tecnología,Andrés Moreno,1,4986000,5,4986000,249300,4736700,3737000,3737000,999700,21.11,En tránsito,Tarjeta débito,4,3,No,Sí
ORD-00017,2024-08-10,2024,2024-08,Q3,Amazonía,Mocoa,Tienda física,Emprendedor,Audífonos Bluetooth,Audio,Laura Gómez,4,390000,0,1560000,0,1560000,209000,836000,724000,46.41,Procesando,Efectivo,5,1,No,Sí
ORD-00018,2024-07-09,2024,2024-07,Q3,Andina,Bogotá,Ventas corporativas,Corporativo,Headset Pro,Audio,Sofía Herrera,17,484000,3,8228000,246840,7981160,291000,4947000,3034160,38.02,Procesando,Tarjeta débito,3,2,No,No
ORD-00019,2024-11-17,2024,2024-11,Q4,Andina,Manizales,Marketplace,Emprendedor,Monitor 27,Tecnología,Carlos Ruiz,1,1344000,3,1344000,40320,1303680,849000,849000,454680,34.88,Entregado,Tarjeta crédito,5,1,Sí,No
ORD-00020,2025-06-02,2025,2025-06,Q2,Andina,Bucaramanga,Ventas corporativas,Consumidor,Laptop Air 13,Tecnología,Sofía Herrera,6,3450000,5,20700000,1035000,19665000,2637000,15822000,3843000,19.54,Entregado,Tarjeta crédito,5,3,No,No
ORD-00021,2024-05-17,2024,2024-05,Q2,Andina,Bogotá,Tienda física,Corporativo,Audífonos Bluetooth,Audio,Sofía Herrera,1,413000,8,413000,33040,379960,212000,212000,167960,44.2,Entregado,Tarjeta crédito,5,3,No,Sí
ORD-00022,2025-03-09,2025,2025-03,Q1,Pacífica,Cali,Web,PyME,Laptop Pro 14,Tecnología,Ana Torres,1,4704000,20,4704000,940800,3763200,3465000,3465000,298200,7.92,En tránsito,Efectivo,5,4,No,Sí
ORD-00023,2025-01-13,2025,2025-01,Q1,Caribe,Cartagena,Web,PyME,Dock USB-C,Accesorios,Carlos Ruiz,2,402000,15,804000,120600,683400,244000,488000,195400,28.59,Entregado,PSE,4,4,No,No
ORD-00024,2026-06-24,2026,2026-06,Q2,Orinoquía,Arauca,Web,Consumidor,Audífonos Bluetooth,Audio,Diego Martínez,8,405000,10,3240000,324000,2916000,217000,1736000,1180000,40.47,Entregado,PSE,2,4,No,Sí
ORD-00025,2025-12-19,2025,2025-12,Q4,Andina,Bogotá,Web,Corporativo,Webcam HD,Accesorios,Sofía Herrera,5,296000,5,1480000,74000,1406000,144000,720000,686000,48.79,Entregado,Tarjeta crédito,5,3,No,No
ORD-00026,2024-10-12,2024,2024-10,Q4,Andina,Pereira,Marketplace,Corporativo,Dock USB-C,Accesorios,Juan Castro,5,394000,3,1970000,59100,1910900,226000,1130000,780900,40.87,Entregado,Transferencia,5,3,No,No
ORD-00027,2025-06-07,2025,2025-06,Q2,Andina,Pereira,Web,Consumidor,Monitor 24,Tecnología,Diego Martínez,4,810000,0,3240000,0,3240000,537000,2148000,1092000,33.7,Procesando,PSE,5,5,No,No
ORD-00028,2026-08-29,2026,2026-08,Q3,Pacífica,Pasto,Web,PyME,Escritorio Ajustable,Mobiliario,Valentina Rojas,5,2058000,10,10290000,1029000,9261000,1406000,7030000,2231000,24.09,Entregado,Tarjeta débito,4,4,No,No
ORD-00029,2024-11-04,2024,2024-11,Q4,Andina,Bogotá,Web,Emprendedor,Teclado Mecánico,Accesorios,Andrés Moreno,2,351000,8,702000,56160,645840,179000,358000,287840,44.57,En tránsito,Tarjeta débito,4,2,No,No
ORD-00030,2024-10-17,2024,2024-10,Q4,Caribe,Valledupar,Web,Consumidor,Mouse Inalámbrico,Accesorios,Andrés Moreno,8,176000,3,1408000,42240,1365760,84000,672000,693760,50.8,Entregado,Transferencia,2,7,No,No
ORD-00031,2025-08-12,2025,2025-08,Q3,Andina,Manizales,Web,Consumidor,Webcam HD,Accesorios,Andrés Moreno,1,265000,8,265000,21200,243800,152000,152000,91800,37.65,Entregado,Tarjeta crédito,4,4,No,No
ORD-00032,2026-07-28,2026,2026-07,Q3,Pacífica,Popayán,Marketplace,Consumidor,Monitor 27,Tecnología,Andrés Moreno,3,1200000,20,3600000,720000,2880000,836000,2508000,372000,12.92,En tránsito,Tarjeta débito,5,3,No,No
ORD-00033,2025-05-01,2025,2025-05,Q2,Caribe,Cartagena,Web,PyME,Headset Pro,Audio,Sofía Herrera,4,540000,5,2160000,108000,2052000,280000,1120000,932000,45.42,En tránsito,PSE,3,2,No,No
ORD-00034,2025-07-07,2025,2025-07,Q3,Andina,Medellín,Web,Consumidor,Monitor 24,Tecnología,Laura Gómez,1,764000,0,764000,0,764000,511000,511000,253000,33.12,Entregado,Efectivo,4,5,No,No
ORD-00035,2024-01-07,2024,2024-01,Q1,Amazonía,Florencia,Ventas corporativas,Corporativo,Dock USB-C,Accesorios,Sofía Herrera,18,381000,5,6858000,342900,6515100,243000,4374000,2141100,32.86,Procesando,Transferencia,5,5,No,No
ORD-00036,2025-02-02,2025,2025-02,Q1,Andina,Manizales,Web,Corporativo,Audífonos Bluetooth,Audio,Andrés Moreno,2,382000,0,764000,0,764000,210000,420000,344000,45.03,Entregado,Tarjeta débito,5,4,No,Sí
ORD-00037,2025-01-23,2025,2025-01,Q1,Andina,Manizales,Web,PyME,Mouse Inalámbrico,Accesorios,Laura Gómez,6,176000,3,1056000,31680,1024320,90000,540000,484320,47.28,En tránsito,Efectivo,4,4,No,Sí
ORD-00038,2026-09-01,2026,2026-09,Q3,Andina,Bogotá,Web,Emprendedor,Headset Pro,Audio,Diego Martínez,1,510000,3,510000,15300,494700,298000,298000,196700,39.76,Procesando,Transferencia,3,6,No,No
ORD-00039,2026-02-24,2026,2026-02,Q1,Andina,Pereira,Ventas corporativas,Consumidor,Escritorio Ajustable,Mobiliario,Valentina Rojas,8,1953000,20,15624000,3124800,12499200,1379000,11032000,1467200,11.74,Entregado,Transferencia,5,5,No,No
ORD-00040,2024-07-22,2024,2024-07,Q3,Andina,Medellín,Marketplace,Corporativo,Laptop Air 13,Tecnología,Juan Castro,2,3360000,8,6720000,537600,6182400,2705000,5410000,772400,12.49,Procesando,Tarjeta crédito,5,2,No,No
ORD-00041,2026-04-22,2026,2026-04,Q2,Caribe,Montería,Tienda física,Corporativo,Mouse Inalámbrico,Accesorios,Sofía Herrera,5,180000,8,900000,72000,828000,85000,425000,403000,48.67,Cancelado,Efectivo,,,No,No
ORD-00042,2025-07-05,2025,2025-07,Q3,Pacífica,Popayán,Marketplace,Consumidor,Dock USB-C,Accesorios,Valentina Rojas,3,394000,3,1182000,35460,1146540,231000,693000,453540,39.56,Entregado,PSE,4,5,No,Sí
ORD-00043,2026-05-21,2026,2026-05,Q2,Andina,Manizales,Web,Corporativo,Monitor 24,Tecnología,Diego Martínez,1,810000,3,810000,24300,785700,520000,520000,265700,33.82,Entregado,Transferencia,4,5,No,No
ORD-00044,2025-05-17,2025,2025-05,Q2,Caribe,Barranquilla,Web,Corporativo,Laptop Air 13,Tecnología,Juan Castro,2,3636000,3,7272000,218160,7053840,2669000,5338000,1715840,24.32,Entregado,PSE,4,6,No,No
ORD-00045,2024-10-04,2024,2024-10,Q4,Andina,Medellín,Marketplace,PyME,Laptop Air 13,Tecnología,Diego Martínez,2,3360000,10,6720000,672000,6048000,2743000,5486000,562000,9.29,Cancelado,Transferencia,,,No,Sí
ORD-00046,2025-08-26,2025,2025-08,Q3,Amazonía,Mocoa,Web,PyME,Escritorio Ajustable,Mobiliario,Sofía Herrera,1,2058000,0,2058000,0,2058000,1396000,1396000,662000,32.17,Entregado,Tarjeta débito,5,5,No,No
ORD-00047,2026-02-09,2026,2026-02,Q1,Caribe,Barranquilla,Web,Consumidor,Escritorio Ajustable,Mobiliario,Valentina Rojas,2,2058000,5,4116000,205800,3910200,1500000,3000000,910200,23.28,Entregado,Transferencia,4,5,No,Sí
ORD-00048,2025-10-06,2025,2025-10,Q4,Pacífica,Buenaventura,Marketplace,PyME,Monitor 27,Tecnología,Valentina Rojas,8,1200000,0,9600000,0,9600000,808000,6464000,3136000,32.67,Procesando,Transferencia,5,1,No,No
ORD-00049,2024-10-31,2024,2024-10,Q4,Orinoquía,Yopal,Tienda física,PyME,Teclado Mecánico,Accesorios,Diego Martínez,1,320000,20,320000,64000,256000,170000,170000,86000,33.59,Entregado,Tarjeta débito,4,1,No,No
ORD-00050,2024-06-09,2024,2024-06,Q2,Andina,Manizales,Tienda física,Consumidor,Audífonos Bluetooth,Audio,Carlos Ruiz,1,413000,3,413000,12390,400610,211000,211000,189610,47.33,Cancelado,Tarjeta débito,,,No,No
ORD-00051,2026-03-17,2026,2026-03,Q1,Pacífica,Quibdó,Marketplace,Corporativo,Headset Pro,Audio,Sofía Herrera,1,499000,0,499000,0,499000,280000,280000,219000,43.89,Entregado,Transferencia,5,4,No,Sí
ORD-00052,2025-12-06,2025,2025-12,Q4,Andina,Manizales,Tienda física,Emprendedor,Teclado Mecánico,Accesorios,Laura Gómez,2,358000,0,716000,0,716000,169000,338000,378000,52.79,En tránsito,Tarjeta crédito,5,4,No,Sí
ORD-00053,2025-11-21,2025,2025-11,Q4,Pacífica,Quibdó,Ventas corporativas,Emprendedor,Escritorio Ajustable,Mobiliario,Andrés Moreno,16,2187000,8,34992000,2799360,32192640,1472000,23552000,8640640,26.84,Entregado,Tarjeta crédito,5,4,No,No
ORD-00054,2025-02-22,2025,2025-02,Q1,Andina,Bogotá,Web,PyME,Monitor 27,Tecnología,Sofía Herrera,3,1225000,3,3675000,110250,3564750,865000,2595000,969750,27.2,Procesando,PSE,2,4,No,Sí
ORD-00055,2026-03-02,2026,2026-03,Q1,Andina,Pereira,Marketplace,PyME,Laptop Pro 14,Tecnología,Ana Torres,3,4608000,5,13824000,691200,13132800,3475000,10425000,2707800,20.62,Entregado,PSE,4,3,No,No
ORD-00056,2025-12-16,2025,2025-12,Q4,Caribe,Barranquilla,Tienda física,PyME,Headset Pro,Audio,Carlos Ruiz,1,582000,0,582000,0,582000,289000,289000,293000,50.34,Procesando,Transferencia,4,3,No,No
ORD-00057,2025-10-25,2025,2025-10,Q4,Pacífica,Popayán,Web,Consumidor,Audífonos Bluetooth,Audio,Ana Torres,4,382000,5,1528000,76400,1451600,207000,828000,623600,42.96,En tránsito,Tarjeta crédito,4,3,No,Sí
ORD-00058,2026-03-19,2026,2026-03,Q1,Pacífica,Pasto,Web,Corporativo,Silla Ergonómica,Mobiliario,Ana Torres,1,1421000,10,1421000,142100,1278900,971000,971000,307900,24.08,Procesando,Transferencia,5,4,No,No
ORD-00059,2024-12-19,2024,2024-12,Q4,Andina,Pereira,Tienda física,Corporativo,Dock USB-C,Accesorios,Andrés Moreno,2,459000,0,918000,0,918000,242000,484000,434000,47.28,Procesando,Transferencia,4,4,No,No
ORD-00060,2025-11-10,2025,2025-11,Q4,Pacífica,Buenaventura,Ventas corporativas,Consumidor,Webcam HD,Accesorios,Laura Gómez,16,281000,3,4496000,134880,4361120,141000,2256000,2105120,48.27,En tránsito,Tarjeta débito,3,2,No,No
ORD-00061,2025-11-01,2025,2025-11,Q4,Amazonía,Leticia,Marketplace,Corporativo,Webcam HD,Accesorios,Andrés Moreno,1,290000,8,290000,23200,266800,145000,145000,121800,45.65,Entregado,Efectivo,5,4,No,Sí
ORD-00062,2024-03-11,2024,2024-03,Q1,Andina,Bucaramanga,Marketplace,Consumidor,Monitor 24,Tecnología,Laura Gómez,2,749000,0,1498000,0,1498000,522000,1044000,454000,30.31,Entregado,PSE,5,2,No,No
ORD-00063,2024-10-27,2024,2024-10,Q4,Andina,Manizales,Web,Consumidor,Monitor 27,Tecnología,Ana Torres,2,1225000,8,2450000,196000,2254000,802000,1604000,650000,28.84,Entregado,Tarjeta débito,5,3,No,No
ORD-00064,2024-09-17,2024,2024-09,Q3,Caribe,Barranquilla,Ventas corporativas,Consumidor,Webcam HD,Accesorios,Sofía Herrera,7,251000,0,1757000,0,1757000,153000,1071000,686000,39.04,Procesando,Transferencia,4,2,No,No
ORD-00065,2024-07-22,2024,2024-07,Q3,Amazonía,Florencia,Web,Consumidor,Laptop Air 13,Tecnología,Laura Gómez,3,3430000,8,10290000,823200,9466800,2754000,8262000,1204800,12.73,Entregado,Efectivo,5,4,Sí,No
ORD-00066,2026-05-02,2026,2026-05,Q2,Orinoquía,Yopal,Tienda física,Consumidor,Monitor 24,Tecnología,Ana Torres,2,827000,8,1654000,132320,1521680,521000,1042000,479680,31.52,Cancelado,Tarjeta crédito,,,No,No
ORD-00067,2025-10-23,2025,2025-10,Q4,Andina,Manizales,Tienda física,Corporativo,Laptop Pro 14,Tecnología,Diego Martínez,4,4800000,0,19200000,0,19200000,3513000,14052000,5148000,26.81,Cancelado,Tarjeta débito,,,No,No
ORD-00068,2026-06-16,2026,2026-06,Q2,Amazonía,Mocoa,Ventas corporativas,PyME,Silla Ergonómica,Mobiliario,Carlos Ruiz,11,1429000,15,15719000,2357850,13361150,981000,10791000,2570150,19.24,Entregado,Tarjeta débito,4,3,No,No
ORD-00069,2024-08-19,2024,2024-08,Q3,Orinoquía,Arauca,Ventas corporativas,PyME,Headset Pro,Audio,Valentina Rojas,25,484000,5,12100000,605000,11495000,296000,7400000,4095000,35.62,Entregado,PSE,3,1,No,Sí
ORD-00070,2024-08-27,2024,2024-08,Q3,Caribe,Valledupar,Web,Corporativo,Silla Ergonómica,Mobiliario,Valentina Rojas,3,1421000,8,4263000,341040,3921960,952000,2856000,1065960,27.18,En tránsito,Tarjeta crédito,5,6,No,Sí
ORD-00071,2026-08-26,2026,2026-08,Q3,Andina,Manizales,Web,Consumidor,Laptop Air 13,Tecnología,Valentina Rojas,6,3430000,0,20580000,0,20580000,2614000,15684000,4896000,23.79,Cancelado,Efectivo,,,No,No
ORD-00072,2024-06-07,2024,2024-06,Q2,Orinoquía,Arauca,Marketplace,Corporativo,Laptop Air 13,Tecnología,Andrés Moreno,3,3562000,15,10686000,1602900,9083100,2569000,7707000,1376100,15.15,Cancelado,Transferencia,,,No,No
ORD-00073,2026-05-25,2026,2026-05,Q2,Andina,Bucaramanga,Ventas corporativas,Emprendedor,Silla Ergonómica,Mobiliario,Laura Gómez,5,1429000,5,7145000,357250,6787750,910000,4550000,2237750,32.97,Entregado,Tarjeta crédito,5,4,No,No
ORD-00074,2024-09-06,2024,2024-09,Q3,Amazonía,Mocoa,Web,Consumidor,Monitor 24,Tecnología,Laura Gómez,4,764000,0,3056000,0,3056000,501000,2004000,1052000,34.42,Entregado,PSE,3,5,No,No
ORD-00075,2024-05-28,2024,2024-05,Q2,Amazonía,Mocoa,Marketplace,PyME,Teclado Mecánico,Accesorios,Valentina Rojas,1,326000,10,326000,32600,293400,170000,170000,123400,42.06,Entregado,Efectivo,4,3,No,Sí
ORD-00076,2024-03-06,2024,2024-03,Q1,Caribe,Santa Marta,Tienda física,Consumidor,Silla Ergonómica,Mobiliario,Sofía Herrera,2,1450000,3,2900000,87000,2813000,950000,1900000,913000,32.46,Cancelado,Transferencia,,,No,No
ORD-00077,2024-02-01,2024,2024-02,Q1,Andina,Manizales,Tienda física,PyME,Dock USB-C,Accesorios,Juan Castro,1,410000,10,410000,41000,369000,236000,236000,133000,36.04,Entregado,Transferencia,3,4,No,No
ORD-00078,2025-06-27,2025,2025-06,Q2,Andina,Pereira,Tienda física,PyME,Escritorio Ajustable,Mobiliario,Juan Castro,4,2226000,0,8904000,0,8904000,1456000,5824000,3080000,34.59,Procesando,Transferencia,5,4,No,No
ORD-00079,2026-01-17,2026,2026-01,Q1,Andina,Manizales,Marketplace,Corporativo,Mouse Inalámbrico,Accesorios,Juan Castro,2,173000,0,346000,0,346000,89000,178000,168000,48.55,Entregado,Tarjeta débito,3,5,No,No
ORD-00080,2025-08-23,2025,2025-08,Q3,Amazonía,Mocoa,Marketplace,Emprendedor,Mouse Inalámbrico,Accesorios,Juan Castro,2,173000,15,346000,51900,294100,90000,180000,114100,38.8,En tránsito,Tarjeta crédito,5,2,No,No
ORD-00081,2024-08-05,2024,2024-08,Q3,Andina,Manizales,Marketplace,Consumidor,Monitor 24,Tecnología,Laura Gómez,2,749000,5,1498000,74900,1423100,495000,990000,433100,30.43,Entregado,Efectivo,5,1,No,No
ORD-00082,2026-04-29,2026,2026-04,Q2,Pacífica,Cali,Web,Emprendedor,Monitor 27,Tecnología,Laura Gómez,4,1225000,15,4900000,735000,4165000,816000,3264000,901000,21.63,Entregado,Tarjeta crédito,5,3,No,No
ORD-00083,2024-08-08,2024,2024-08,Q3,Andina,Manizales,Web,PyME,Mouse Inalámbrico,Accesorios,Ana Torres,2,176000,3,352000,10560,341440,90000,180000,161440,47.28,Procesando,Efectivo,3,5,No,Sí
ORD-00084,2024-03-24,2024,2024-03,Q1,Andina,Manizales,Tienda física,Emprendedor,Webcam HD,Accesorios,Laura Gómez,2,270000,0,540000,0,540000,147000,294000,246000,45.56,Entregado,Tarjeta débito,4,2,No,No
ORD-00085,2025-09-05,2025,2025-09,Q3,Andina,Medellín,Ventas corporativas,PyME,Teclado Mecánico,Accesorios,Valentina Rojas,10,298000,3,2980000,89400,2890600,170000,1700000,1190600,41.19,En tránsito,Efectivo,5,1,No,No
ORD-00086,2025-05-27,2025,2025-05,Q2,Caribe,Santa Marta,Web,Corporativo,Laptop Air 13,Tecnología,Carlos Ruiz,4,3636000,5,14544000,727200,13816800,2616000,10464000,3352800,24.27,Entregado,Transferencia,5,2,No,Sí
ORD-00087,2024-11-28,2024,2024-11,Q4,Andina,Pereira,Marketplace,PyME,Webcam HD,Accesorios,Sofía Herrera,6,290000,0,1740000,0,1740000,151000,906000,834000,47.93,Entregado,PSE,4,2,No,Sí
ORD-00088,2026-03-08,2026,2026-03,Q1,Andina,Pereira,Web,Consumidor,Headset Pro,Audio,Ana Torres,2,510000,15,1020000,153000,867000,284000,568000,299000,34.49,Cancelado,Tarjeta débito,,,No,Sí
ORD-00089,2024-09-19,2024,2024-09,Q3,Andina,Pereira,Marketplace,Emprendedor,Monitor 27,Tecnología,Juan Castro,3,1200000,0,3600000,0,3600000,851000,2553000,1047000,29.08,En tránsito,PSE,4,1,No,Sí
ORD-00090,2024-03-10,2024,2024-03,Q1,Caribe,Santa Marta,Tienda física,PyME,Teclado Mecánico,Accesorios,Carlos Ruiz,2,320000,0,640000,0,640000,176000,352000,288000,45.0,Entregado,Efectivo,5,2,No,No
ORD-00091,2025-01-28,2025,2025-01,Q1,Caribe,Valledupar,Ventas corporativas,Consumidor,Audífonos Bluetooth,Audio,Juan Castro,17,363000,8,6171000,493680,5677320,203000,3451000,2226320,39.21,En tránsito,Tarjeta crédito,4,5,No,No
ORD-00092,2024-06-25,2024,2024-06,Q2,Andina,Manizales,Tienda física,Corporativo,Webcam HD,Accesorios,Laura Gómez,3,286000,5,858000,42900,815100,153000,459000,356100,43.69,En tránsito,PSE,4,3,No,Sí
ORD-00093,2024-04-06,2024,2024-04,Q2,Caribe,Montería,Web,Consumidor,Teclado Mecánico,Accesorios,Valentina Rojas,5,314000,20,1570000,314000,1256000,179000,895000,361000,28.74,Entregado,Tarjeta débito,5,5,No,No
ORD-00094,2026-08-18,2026,2026-08,Q3,Andina,Pereira,Tienda física,Consumidor,Dock USB-C,Accesorios,Carlos Ruiz,2,410000,0,820000,0,820000,242000,484000,336000,40.98,Cancelado,Transferencia,,,No,No
ORD-00095,2024-01-19,2024,2024-01,Q1,Andina,Medellín,Web,PyME,Monitor 24,Tecnología,Laura Gómez,4,764000,0,3056000,0,3056000,541000,2164000,892000,29.19,Entregado,PSE,5,6,No,No
ORD-00096,2025-09-24,2025,2025-09,Q3,Andina,Manizales,Web,Consumidor,Monitor 27,Tecnología,Sofía Herrera,5,1225000,10,6125000,612500,5512500,854000,4270000,1242500,22.54,Entregado,Transferencia,2,2,No,Sí
ORD-00097,2024-09-01,2024,2024-09,Q3,Andina,Manizales,Web,Corporativo,Monitor 24,Tecnología,Ana Torres,8,764000,20,6112000,1222400,4889600,513000,4104000,785600,16.07,Entregado,Tarjeta débito,4,6,No,No
ORD-00098,2024-05-21,2024,2024-05,Q2,Orinoquía,Villavicencio,Tienda física,PyME,Headset Pro,Audio,Ana Torres,2,551000,15,1102000,165300,936700,294000,588000,348700,37.23,Procesando,Transferencia,5,3,No,Sí
ORD-00099,2026-07-21,2026,2026-07,Q3,Andina,Manizales,Ventas corporativas,Consumidor,Mouse Inalámbrico,Accesorios,Juan Castro,12,167000,5,2004000,100200,1903800,84000,1008000,895800,47.05,Entregado,Tarjeta débito,2,6,No,Sí
ORD-00100,2024-10-20,2024,2024-10,Q4,Orinoquía,Yopal,Marketplace,Emprendedor,Audífonos Bluetooth,Audio,Valentina Rojas,4,374000,5,1496000,74800,1421200,209000,836000,585200,41.18,Entregado,Tarjeta crédito,4,6,Sí,No
ORD-00101,2024-08-31,2024,2024-08,Q3,Andina,Bogotá,Web,PyME,Monitor 24,Tecnología,Diego Martínez,4,764000,5,3056000,152800,2903200,495000,1980000,923200,31.8,En tránsito,Tarjeta débito,5,8,No,Sí
ORD-00102,2024-01-02,2024,2024-01,Q1,Caribe,Cartagena,Web,PyME,Escritorio Ajustable,Mobiliario,Andrés Moreno,3,2058000,0,6174000,0,6174000,1502000,4506000,1668000,27.02,Entregado,Tarjeta crédito,5,5,No,No
ORD-00103,2025-01-17,2025,2025-01,Q1,Andina,Bogotá,Marketplace,Corporativo,Mouse Inalámbrico,Accesorios,Laura Gómez,2,173000,10,346000,34600,311400,87000,174000,137400,44.12,Procesando,PSE,5,1,No,No
ORD-00104,2026-04-13,2026,2026-04,Q2,Caribe,Montería,Tienda física,Consumidor,Audífonos Bluetooth,Audio,Juan Castro,1,390000,0,390000,0,390000,211000,211000,179000,45.9,En tránsito,PSE,2,4,No,No
ORD-00105,2026-04-14,2026,2026-04,Q2,Caribe,Santa Marta,Marketplace,Corporativo,Laptop Pro 14,Tecnología,Carlos Ruiz,1,4608000,5,4608000,230400,4377600,3685000,3685000,692600,15.82,Cancelado,PSE,,,No,No
ORD-00106,2025-02-13,2025,2025-02,Q1,Pacífica,Popayán,Ventas corporativas,PyME,Mouse Inalámbrico,Accesorios,Ana Torres,12,167000,5,2004000,100200,1903800,88000,1056000,847800,44.53,Entregado,Efectivo,5,6,No,Sí
ORD-00107,2024-04-15,2024,2024-04,Q2,Andina,Bucaramanga,Tienda física,Consumidor,Teclado Mecánico,Accesorios,Sofía Herrera,4,320000,0,1280000,0,1280000,176000,704000,576000,45.0,En tránsito,Tarjeta crédito,2,4,No,Sí
ORD-00108,2025-10-14,2025,2025-10,Q4,Andina,Pereira,Marketplace,PyME,Audífonos Bluetooth,Audio,Juan Castro,8,374000,0,2992000,0,2992000,209000,1672000,1320000,44.12,En tránsito,PSE,2,2,No,No
ORD-00109,2025-08-03,2025,2025-08,Q3,Andina,Medellín,Tienda física,PyME,Headset Pro,Audio,Ana Torres,2,520000,5,1040000,52000,988000,276000,552000,436000,44.13,Entregado,Transferencia,4,2,No,No
ORD-00110,2026-07-24,2026,2026-07,Q3,Caribe,Santa Marta,Marketplace,PyME,Teclado Mecánico,Accesorios,Carlos Ruiz,1,307000,8,307000,24560,282440,180000,180000,102440,36.27,En tránsito,Transferencia,4,2,No,Sí
ORD-00111,2025-12-31,2025,2025-12,Q4,Caribe,Barranquilla,Ventas corporativas,Emprendedor,Headset Pro,Audio,Juan Castro,16,542000,8,8672000,693760,7978240,289000,4624000,3354240,42.04,Entregado,Efectivo,5,2,No,Sí
ORD-00112,2024-07-24,2024,2024-07,Q3,Pacífica,Buenaventura,Web,Consumidor,Webcam HD,Accesorios,Carlos Ruiz,3,265000,5,795000,39750,755250,151000,453000,302250,40.02,Procesando,PSE,3,1,No,No
ORD-00113,2026-01-04,2026,2026-01,Q1,Pacífica,Quibdó,Marketplace,PyME,Dock USB-C,Accesorios,Andrés Moreno,5,394000,0,1970000,0,1970000,248000,1240000,730000,37.06,Cancelado,Efectivo,,,No,No
ORD-00114,2026-06-18,2026,2026-06,Q2,Pacífica,Quibdó,Tienda física,Consumidor,Headset Pro,Audio,Diego Martínez,4,551000,0,2204000,0,2204000,288000,1152000,1052000,47.73,Entregado,PSE,4,3,No,No
ORD-00115,2025-06-15,2025,2025-06,Q2,Orinoquía,Villavicencio,Web,Corporativo,Teclado Mecánico,Accesorios,Ana Torres,8,332000,3,2656000,79680,2576320,179000,1432000,1144320,44.42,Procesando,Efectivo,4,5,No,No
ORD-00116,2024-06-06,2024,2024-06,Q2,Andina,Pereira,Ventas corporativas,Consumidor,Audífonos Bluetooth,Audio,Valentina Rojas,17,384000,0,6528000,0,6528000,215000,3655000,2873000,44.01,Entregado,Efectivo,5,1,Sí,No
ORD-00117,2025-05-24,2025,2025-05,Q2,Orinoquía,Arauca,Tienda física,PyME,Teclado Mecánico,Accesorios,Laura Gómez,2,339000,3,678000,20340,657660,182000,364000,293660,44.65,En tránsito,Tarjeta débito,4,2,No,No
ORD-00118,2025-05-10,2025,2025-05,Q2,Caribe,Santa Marta,Web,Corporativo,Escritorio Ajustable,Mobiliario,Andrés Moreno,5,2181000,3,10905000,327150,10577850,1503000,7515000,3062850,28.96,Entregado,Tarjeta crédito,3,3,No,Sí
ORD-00119,2024-09-10,2024,2024-09,Q3,Andina,Bogotá,Ventas corporativas,Emprendedor,Teclado Mecánico,Accesorios,Diego Martínez,15,298000,3,4470000,134100,4335900,183000,2745000,1590900,36.69,Entregado,Tarjeta débito,5,5,No,No
ORD-00120,2025-06-11,2025,2025-06,Q2,Caribe,Santa Marta,Web,Consumidor,Webcam HD,Accesorios,Andrés Moreno,8,280000,5,2240000,112000,2128000,153000,1224000,904000,42.48,Entregado,PSE,2,4,No,No
ORD-00121,2026-05-17,2026,2026-05,Q2,Andina,Medellín,Marketplace,Corporativo,Teclado Mecánico,Accesorios,Sofía Herrera,4,326000,5,1304000,65200,1238800,175000,700000,538800,43.49,Procesando,Tarjeta crédito,5,6,No,No
ORD-00122,2025-04-06,2025,2025-04,Q2,Pacífica,Pasto,Marketplace,Corporativo,Escritorio Ajustable,Mobiliario,Laura Gómez,1,2016000,20,2016000,403200,1612800,1419000,1419000,193800,12.02,Entregado,Tarjeta crédito,4,5,No,Sí
ORD-00123,2025-12-31,2025,2025-12,Q4,Andina,Manizales,Tienda física,Corporativo,Silla Ergonómica,Mobiliario,Sofía Herrera,3,1624000,5,4872000,243600,4628400,923000,2769000,1859400,40.17,Procesando,Efectivo,4,5,No,No
ORD-00124,2026-04-28,2026,2026-04,Q2,Caribe,Montería,Tienda física,Emprendedor,Audífonos Bluetooth,Audio,Laura Gómez,2,390000,0,780000,0,780000,204000,408000,372000,47.69,Entregado,Efectivo,5,4,No,No
ORD-00125,2026-09-17,2026,2026-09,Q3,Caribe,Valledupar,Web,Emprendedor,Escritorio Ajustable,Mobiliario,Valentina Rojas,1,2058000,5,2058000,102900,1955100,1438000,1438000,517100,26.45,Cancelado,Tarjeta débito,,,No,No
ORD-00126,2024-09-05,2024,2024-09,Q3,Andina,Bogotá,Web,Emprendedor,Monitor 24,Tecnología,Andrés Moreno,2,764000,0,1528000,0,1528000,525000,1050000,478000,31.28,En tránsito,Tarjeta crédito,4,2,No,No
ORD-00127,2025-06-15,2025,2025-06,Q2,Andina,Bucaramanga,Tienda física,Emprendedor,Headset Pro,Audio,Sofía Herrera,2,551000,15,1102000,165300,936700,287000,574000,362700,38.72,Procesando,Efectivo,4,1,No,No
ORD-00128,2026-09-07,2026,2026-09,Q3,Andina,Pereira,Web,Corporativo,Teclado Mecánico,Accesorios,Sofía Herrera,10,314000,3,3140000,94200,3045800,173000,1730000,1315800,43.2,Entregado,PSE,4,7,No,Sí
ORD-00129,2025-11-23,2025,2025-11,Q4,Caribe,Montería,Ventas corporativas,PyME,Mouse Inalámbrico,Accesorios,Sofía Herrera,11,187000,0,2057000,0,2057000,90000,990000,1067000,51.87,Entregado,Efectivo,4,3,No,No
ORD-00130,2024-05-20,2024,2024-05,Q2,Andina,Pereira,Web,Corporativo,Monitor 24,Tecnología,Ana Torres,3,810000,5,2430000,121500,2308500,522000,1566000,742500,32.16,Entregado,Tarjeta crédito,4,6,No,No
ORD-00131,2026-09-28,2026,2026-09,Q3,Orinoquía,Yopal,Ventas corporativas,Emprendedor,Headset Pro,Audio,Laura Gómez,16,484000,8,7744000,619520,7124480,295000,4720000,2404480,33.75,Entregado,Tarjeta débito,5,4,No,No
ORD-00132,2026-05-07,2026,2026-05,Q2,Andina,Bogotá,Marketplace,Emprendedor,Dock USB-C,Accesorios,Carlos Ruiz,1,417000,10,417000,41700,375300,246000,246000,129300,34.45,Entregado,PSE,1,3,No,Sí
ORD-00133,2025-10-18,2025,2025-10,Q4,Caribe,Montería,Ventas corporativas,Corporativo,Monitor 27,Tecnología,Sofía Herrera,6,1162000,10,6972000,697200,6274800,814000,4884000,1390800,22.16,Cancelado,Tarjeta débito,,,No,Sí
ORD-00134,2024-12-11,2024,2024-12,Q4,Pacífica,Quibdó,Marketplace,PyME,Headset Pro,Audio,Ana Torres,1,559000,10,559000,55900,503100,299000,299000,204100,40.57,En tránsito,Transferencia,4,5,No,No
ORD-00135,2024-09-11,2024,2024-09,Q3,Andina,Manizales,Tienda física,Emprendedor,Monitor 24,Tecnología,Diego Martínez,1,780000,3,780000,23400,756600,519000,519000,237600,31.4,Procesando,Tarjeta crédito,1,5,No,No
ORD-00136,2025-04-21,2025,2025-04,Q2,Andina,Manizales,Tienda física,Consumidor,Headset Pro,Audio,Andrés Moreno,6,520000,8,3120000,249600,2870400,282000,1692000,1178400,41.05,Entregado,Tarjeta débito,5,2,No,No
ORD-00137,2025-09-12,2025,2025-09,Q3,Andina,Pereira,Marketplace,Consumidor,Webcam HD,Accesorios,Carlos Ruiz,5,259000,10,1295000,129500,1165500,150000,750000,415500,35.65,Cancelado,Efectivo,,,No,No
ORD-00138,2025-12-21,2025,2025-12,Q4,Andina,Pereira,Web,Corporativo,Laptop Air 13,Tecnología,Diego Martínez,3,3842000,5,11526000,576300,10949700,2645000,7935000,3014700,27.53,Entregado,Efectivo,5,5,No,No
ORD-00139,2026-07-09,2026,2026-07,Q3,Caribe,Barranquilla,Web,Consumidor,Webcam HD,Accesorios,Laura Gómez,2,265000,5,530000,26500,503500,147000,294000,209500,41.61,Cancelado,Transferencia,,,No,Sí
ORD-00140,2024-01-04,2024,2024-01,Q1,Pacífica,Quibdó,Web,PyME,Laptop Air 13,Tecnología,Valentina Rojas,2,3430000,0,6860000,0,6860000,2754000,5508000,1352000,19.71,Entregado,PSE,4,4,No,No
ORD-00141,2025-01-26,2025,2025-01,Q1,Caribe,Montería,Web,Corporativo,Dock USB-C,Accesorios,Ana Torres,10,402000,15,4020000,603000,3417000,229000,2290000,1127000,32.98,Entregado,Tarjeta débito,5,5,No,No
ORD-00142,2026-02-13,2026,2026-02,Q1,Andina,Bucaramanga,Marketplace,Consumidor,Webcam HD,Accesorios,Laura Gómez,3,259000,5,777000,38850,738150,151000,453000,285150,38.63,Entregado,Transferencia,3,5,No,No
ORD-00143,2026-08-16,2026,2026-08,Q3,Orinoquía,Villavicencio,Web,Consumidor,Monitor 24,Tecnología,Diego Martínez,1,764000,0,764000,0,764000,520000,520000,244000,31.94,Cancelado,Tarjeta crédito,,,No,No
ORD-00144,2024-08-27,2024,2024-08,Q3,Caribe,Barranquilla,Tienda física,Consumidor,Monitor 27,Tecnología,Diego Martínez,1,1250000,10,1250000,125000,1125000,847000,847000,278000,24.71,Entregado,PSE,5,7,No,No
ORD-00145,2025-11-07,2025,2025-11,Q4,Caribe,Montería,Web,Consumidor,Teclado Mecánico,Accesorios,Valentina Rojas,3,351000,8,1053000,84240,968760,181000,543000,425760,43.95,Entregado,Efectivo,4,1,No,No
ORD-00146,2025-03-02,2025,2025-03,Q1,Andina,Bucaramanga,Web,PyME,Dock USB-C,Accesorios,Andrés Moreno,2,402000,3,804000,24120,779880,231000,462000,317880,40.76,Cancelado,Tarjeta crédito,,,No,No
ORD-00147,2026-09-18,2026,2026-09,Q3,Andina,Pereira,Web,PyME,Monitor 27,Tecnología,Diego Martínez,1,1225000,3,1225000,36750,1188250,794000,794000,394250,33.18,En tránsito,Tarjeta crédito,5,4,No,Sí
ORD-00148,2025-11-20,2025,2025-11,Q4,Caribe,Barranquilla,Web,Consumidor,Laptop Air 13,Tecnología,Diego Martínez,4,3842000,10,15368000,1536800,13831200,2641000,10564000,3267200,23.62,En tránsito,Tarjeta débito,4,6,No,No
ORD-00149,2024-04-30,2024,2024-04,Q2,Pacífica,Popayán,Marketplace,Emprendedor,Monitor 24,Tecnología,Juan Castro,4,749000,5,2996000,149800,2846200,502000,2008000,838200,29.45,Entregado,PSE,4,2,No,Sí
ORD-00150,2025-06-09,2025,2025-06,Q2,Orinoquía,Yopal,Marketplace,PyME,Laptop Air 13,Tecnología,Sofía Herrera,4,3562000,10,14248000,1424800,12823200,2579000,10316000,2507200,19.55,Entregado,Efectivo,4,2,No,No
ORD-00151,2025-08-16,2025,2025-08,Q3,Pacífica,Pasto,Web,Emprendedor,Monitor 27,Tecnología,Sofía Herrera,1,1225000,5,1225000,61250,1163750,807000,807000,356750,30.66,Procesando,Transferencia,5,4,No,No
ORD-00152,2025-10-19,2025,2025-10,Q4,Pacífica,Popayán,Marketplace,PyME,Monitor 27,Tecnología,Carlos Ruiz,2,1200000,0,2400000,0,2400000,832000,1664000,736000,30.67,Entregado,Tarjeta crédito,5,3,No,No
ORD-00153,2025-02-26,2025,2025-02,Q1,Andina,Medellín,Marketplace,Consumidor,Laptop Air 13,Tecnología,Andrés Moreno,1,3360000,5,3360000,168000,3192000,2593000,2593000,599000,18.77,Procesando,Transferencia,5,3,No,Sí
ORD-00154,2025-06-28,2025,2025-06,Q2,Caribe,Barranquilla,Tienda física,Emprendedor,Laptop Pro 14,Tecnología,Ana Torres,1,5088000,20,5088000,1017600,4070400,3414000,3414000,656400,16.13,Cancelado,Tarjeta crédito,,,No,No
ORD-00155,2025-06-20,2025,2025-06,Q2,Andina,Medellín,Tienda física,PyME,Escritorio Ajustable,Mobiliario,Carlos Ruiz,5,2226000,3,11130000,333900,10796100,1420000,7100000,3696100,34.24,Entregado,Tarjeta crédito,4,3,No,Sí
ORD-00156,2025-01-23,2025,2025-01,Q1,Andina,Manizales,Tienda física,Consumidor,Laptop Pro 14,Tecnología,Carlos Ruiz,4,4800000,0,19200000,0,19200000,3708000,14832000,4368000,22.75,Cancelado,Efectivo,,,No,No
ORD-00157,2024-08-23,2024,2024-08,Q3,Andina,Pereira,Web,PyME,Webcam HD,Accesorios,Juan Castro,8,265000,8,2120000,169600,1950400,143000,1144000,806400,41.35,Procesando,Tarjeta crédito,5,7,No,No
ORD-00158,2025-08-24,2025,2025-08,Q3,Andina,Manizales,Web,Consumidor,Laptop Air 13,Tecnología,Juan Castro,3,3430000,5,10290000,514500,9775500,2717000,8151000,1624500,16.62,Cancelado,Transferencia,,,No,No
ORD-00159,2024-05-23,2024,2024-05,Q2,Pacífica,Cali,Marketplace,Consumidor,Silla Ergonómica,Mobiliario,Laura Gómez,2,1476000,0,2952000,0,2952000,914000,1828000,1124000,38.08,Entregado,PSE,5,5,No,No
ORD-00160,2025-04-06,2025,2025-04,Q2,Caribe,Santa Marta,Ventas corporativas,PyME,Silla Ergonómica,Mobiliario,Carlos Ruiz,17,1348000,8,22916000,1833280,21082720,901000,15317000,5765720,27.35,Procesando,Tarjeta crédito,4,3,No,Sí
ORD-00161,2025-01-24,2025,2025-01,Q1,Pacífica,Buenaventura,Web,PyME,Audífonos Bluetooth,Audio,Andrés Moreno,2,382000,0,764000,0,764000,216000,432000,332000,43.46,En tránsito,Efectivo,4,4,No,No
ORD-00162,2025-02-21,2025,2025-02,Q1,Andina,Bogotá,Tienda física,PyME,Mouse Inalámbrico,Accesorios,Diego Martínez,3,180000,10,540000,54000,486000,89000,267000,219000,45.06,Entregado,Efectivo,4,4,No,No
ORD-00163,2025-12-02,2025,2025-12,Q4,Andina,Medellín,Web,Consumidor,Teclado Mecánico,Accesorios,Andrés Moreno,2,351000,0,702000,0,702000,176000,352000,350000,49.86,En tránsito,Efectivo,4,5,No,No
ORD-00164,2025-04-13,2025,2025-04,Q2,Andina,Bucaramanga,Ventas corporativas,Consumidor,Laptop Pro 14,Tecnología,Ana Torres,17,4464000,5,75888000,3794400,72093600,3714000,63138000,8955600,12.42,En tránsito,PSE,4,2,No,No
ORD-00165,2026-08-28,2026,2026-08,Q3,Pacífica,Popayán,Web,Corporativo,Mouse Inalámbrico,Accesorios,Diego Martínez,2,176000,3,352000,10560,341440,88000,176000,165440,48.45,Cancelado,PSE,,,No,No
ORD-00166,2026-04-16,2026,2026-04,Q2,Pacífica,Pasto,Ventas corporativas,PyME,Laptop Air 13,Tecnología,Carlos Ruiz,16,3255000,0,52080000,0,52080000,2696000,43136000,8944000,17.17,Entregado,Transferencia,4,3,No,No
ORD-00167,2024-05-22,2024,2024-05,Q2,Caribe,Cartagena,Marketplace,Corporativo,Teclado Mecánico,Accesorios,Valentina Rojas,4,326000,10,1304000,130400,1173600,169000,676000,497600,42.4,Procesando,Efectivo,4,1,No,Sí
ORD-00168,2026-09-18,2026,2026-09,Q3,Andina,Pereira,Tienda física,Emprendedor,Escritorio Ajustable,Mobiliario,Juan Castro,1,2100000,10,2100000,210000,1890000,1457000,1457000,433000,22.91,Entregado,Transferencia,5,1,No,Sí
ORD-00169,2024-04-10,2024,2024-04,Q2,Andina,Pereira,Tienda física,Emprendedor,Audífonos Bluetooth,Audio,Ana Torres,3,390000,8,1170000,93600,1076400,206000,618000,458400,42.59,En tránsito,PSE,4,2,No,No
ORD-00170,2025-05-09,2025,2025-05,Q2,Andina,Manizales,Web,PyME,Laptop Air 13,Tecnología,Andrés Moreno,8,3636000,0,29088000,0,29088000,2577000,20616000,8472000,29.13,En tránsito,PSE,5,3,No,Sí
ORD-00171,2024-02-15,2024,2024-02,Q1,Pacífica,Cali,Marketplace,PyME,Laptop Pro 14,Tecnología,Ana Torres,3,4608000,8,13824000,1105920,12718080,3466000,10398000,2320080,18.24,Cancelado,Efectivo,,,No,Sí
ORD-00172,2025-07-27,2025,2025-07,Q3,Caribe,Montería,Marketplace,Emprendedor,Monitor 24,Tecnología,Diego Martínez,3,749000,0,2247000,0,2247000,523000,1569000,678000,30.17,En tránsito,Transferencia,2,3,No,No
ORD-00173,2025-02-02,2025,2025-02,Q1,Andina,Medellín,Web,PyME,Monitor 24,Tecnología,Andrés Moreno,4,764000,10,3056000,305600,2750400,519000,2076000,674400,24.52,Procesando,Efectivo,3,3,No,No
ORD-00174,2024-11-16,2024,2024-11,Q4,Caribe,Valledupar,Tienda física,Emprendedor,Dock USB-C,Accesorios,Sofía Herrera,2,459000,10,918000,91800,826200,240000,480000,346200,41.9,Cancelado,Efectivo,,,No,No
ORD-00175,2025-11-19,2025,2025-11,Q4,Andina,Bogotá,Web,Emprendedor,Monitor 24,Tecnología,Valentina Rojas,1,856000,8,856000,68480,787520,516000,516000,271520,34.48,En tránsito,Tarjeta débito,5,6,No,No
ORD-00176,2025-07-04,2025,2025-07,Q3,Pacífica,Buenaventura,Web,PyME,Silla Ergonómica,Mobiliario,Valentina Rojas,1,1421000,0,1421000,0,1421000,971000,971000,450000,31.67,Procesando,Efectivo,2,4,No,No
ORD-00177,2025-05-21,2025,2025-05,Q2,Andina,Manizales,Marketplace,Emprendedor,Dock USB-C,Accesorios,Ana Torres,2,417000,0,834000,0,834000,239000,478000,356000,42.69,Entregado,Transferencia,4,3,No,No
ORD-00178,2026-03-02,2026,2026-03,Q1,Pacífica,Quibdó,Web,PyME,Silla Ergonómica,Mobiliario,Valentina Rojas,1,1421000,10,1421000,142100,1278900,969000,969000,309900,24.23,Entregado,Tarjeta crédito,5,4,No,No
ORD-00179,2025-10-31,2025,2025-10,Q4,Pacífica,Pasto,Tienda física,Consumidor,Laptop Pro 14,Tecnología,Juan Castro,2,4800000,10,9600000,960000,8640000,3564000,7128000,1512000,17.5,Entregado,Efectivo,4,1,No,No
ORD-00180,2024-06-18,2024,2024-06,Q2,Caribe,Cartagena,Marketplace,Consumidor,Monitor 24,Tecnología,Carlos Ruiz,3,794000,5,2382000,119100,2262900,520000,1560000,702900,31.06,Entregado,Tarjeta débito,5,3,No,No
ORD-00181,2026-03-15,2026,2026-03,Q1,Andina,Bogotá,Ventas corporativas,Corporativo,Teclado Mecánico,Accesorios,Sofía Herrera,5,298000,3,1490000,44700,1445300,180000,900000,545300,37.73,Entregado,Transferencia,5,5,No,No
ORD-00182,2024-03-18,2024,2024-03,Q1,Caribe,Barranquilla,Tienda física,Consumidor,Dock USB-C,Accesorios,Andrés Moreno,1,410000,15,410000,61500,348500,234000,234000,114500,32.86,En tránsito,PSE,4,6,No,No
ORD-00183,2026-03-25,2026,2026-03,Q1,Caribe,Cartagena,Marketplace,Emprendedor,Dock USB-C,Accesorios,Andrés Moreno,2,394000,3,788000,23640,764360,232000,464000,300360,39.3,Procesando,PSE,5,3,No,No
ORD-00184,2026-02-19,2026,2026-02,Q1,Andina,Bogotá,Marketplace,Consumidor,Headset Pro,Audio,Ana Torres,2,499000,0,998000,0,998000,298000,596000,402000,40.28,En tránsito,PSE,4,5,No,Sí
ORD-00185,2026-08-13,2026,2026-08,Q3,Orinoquía,Villavicencio,Web,Emprendedor,Headset Pro,Audio,Diego Martínez,1,510000,8,510000,40800,469200,292000,292000,177200,37.77,Entregado,Transferencia,4,4,No,No
ORD-00186,2025-12-21,2025,2025-12,Q4,Andina,Medellín,Web,PyME,Webcam HD,Accesorios,Carlos Ruiz,3,296000,5,888000,44400,843600,146000,438000,405600,48.08,Entregado,Tarjeta débito,5,6,No,No
ORD-00187,2026-01-18,2026,2026-01,Q1,Pacífica,Cali,Web,PyME,Mouse Inalámbrico,Accesorios,Laura Gómez,1,176000,5,176000,8800,167200,89000,89000,78200,46.77,Entregado,Efectivo,5,4,No,No
ORD-00188,2025-03-26,2025,2025-03,Q1,Andina,Medellín,Marketplace,Corporativo,Headset Pro,Audio,Valentina Rojas,6,499000,8,2994000,239520,2754480,286000,1716000,1038480,37.7,Entregado,PSE,3,3,No,No
ORD-00189,2024-09-10,2024,2024-09,Q3,Andina,Bogotá,Tienda física,PyME,Monitor 24,Tecnología,Sofía Herrera,3,780000,8,2340000,187200,2152800,529000,1587000,565800,26.28,Cancelado,Tarjeta débito,,,No,No
ORD-00190,2025-06-05,2025,2025-06,Q2,Andina,Manizales,Tienda física,Corporativo,Teclado Mecánico,Accesorios,Carlos Ruiz,4,339000,10,1356000,135600,1220400,172000,688000,532400,43.63,En tránsito,Efectivo,3,1,No,No
ORD-00191,2024-01-13,2024,2024-01,Q1,Amazonía,Florencia,Web,PyME,Monitor 27,Tecnología,Sofía Herrera,5,1225000,5,6125000,306250,5818750,832000,4160000,1658750,28.51,Entregado,Tarjeta débito,5,4,No,Sí
ORD-00192,2024-03-02,2024,2024-03,Q1,Amazonía,Florencia,Web,Emprendedor,Silla Ergonómica,Mobiliario,Ana Torres,4,1421000,10,5684000,568400,5115600,932000,3728000,1387600,27.12,En tránsito,PSE,3,4,No,Sí
ORD-00193,2024-03-21,2024,2024-03,Q1,Caribe,Cartagena,Tienda física,Emprendedor,Monitor 27,Tecnología,Sofía Herrera,2,1250000,8,2500000,200000,2300000,856000,1712000,588000,25.57,Cancelado,Transferencia,,,No,No
ORD-00194,2026-05-16,2026,2026-05,Q2,Andina,Medellín,Ventas corporativas,Emprendedor,Laptop Air 13,Tecnología,Ana Torres,16,3450000,8,55200000,4416000,50784000,2576000,41216000,9568000,18.84,Cancelado,Tarjeta crédito,,,No,Sí
ORD-00195,2024-05-20,2024,2024-05,Q2,Pacífica,Buenaventura,Ventas corporativas,Corporativo,Webcam HD,Accesorios,Carlos Ruiz,8,266000,0,2128000,0,2128000,141000,1128000,1000000,46.99,Entregado,PSE,3,5,No,No
ORD-00196,2025-08-13,2025,2025-08,Q3,Caribe,Montería,Tienda física,Emprendedor,Webcam HD,Accesorios,Carlos Ruiz,1,270000,10,270000,27000,243000,142000,142000,101000,41.56,Entregado,Tarjeta débito,3,2,No,No
ORD-00197,2024-01-03,2024,2024-01,Q1,Andina,Bogotá,Web,Corporativo,Monitor 24,Tecnología,Valentina Rojas,2,764000,15,1528000,229200,1298800,499000,998000,300800,23.16,Entregado,PSE,5,4,No,Sí
ORD-00198,2024-03-20,2024,2024-03,Q1,Caribe,Barranquilla,Marketplace,Corporativo,Silla Ergonómica,Mobiliario,Sofía Herrera,1,1392000,3,1392000,41760,1350240,941000,941000,409240,30.31,Entregado,PSE,3,1,No,No
ORD-00199,2025-07-20,2025,2025-07,Q3,Caribe,Santa Marta,Web,Consumidor,Monitor 24,Tecnología,Diego Martínez,4,764000,10,3056000,305600,2750400,502000,2008000,742400,26.99,Entregado,Tarjeta débito,4,4,No,Sí
ORD-00200,2025-02-23,2025,2025-02,Q1,Andina,Pereira,Tienda física,Corporativo,Mouse Inalámbrico,Accesorios,Sofía Herrera,3,180000,0,540000,0,540000,84000,252000,288000,53.33,Cancelado,Tarjeta crédito,,,No,Sí
ORD-00201,2024-08-31,2024,2024-08,Q3,Andina,Bogotá,Marketplace,Consumidor,Monitor 27,Tecnología,Andrés Moreno,1,1200000,15,1200000,180000,1020000,861000,861000,159000,15.59,Procesando,Tarjeta crédito,4,2,No,No
ORD-00202,2025-06-01,2025,2025-06,Q2,Andina,Manizales,Tienda física,Consumidor,Laptop Air 13,Tecnología,Juan Castro,1,3710000,8,3710000,296800,3413200,2530000,2530000,883200,25.88,Entregado,Transferencia,4,4,No,Sí
ORD-00203,2024-03-17,2024,2024-03,Q1,Amazonía,Leticia,Web,PyME,Escritorio Ajustable,Mobiliario,Sofía Herrera,1,2058000,5,2058000,102900,1955100,1408000,1408000,547100,27.98,Entregado,Transferencia,5,2,No,Sí
ORD-00204,2024-05-02,2024,2024-05,Q2,Andina,Bucaramanga,Marketplace,PyME,Audífonos Bluetooth,Audio,Ana Torres,1,397000,10,397000,39700,357300,204000,204000,153300,42.91,Entregado,Tarjeta crédito,5,3,No,No
ORD-00205,2026-05-25,2026,2026-05,Q2,Caribe,Valledupar,Web,PyME,Monitor 24,Tecnología,Valentina Rojas,1,810000,10,810000,81000,729000,496000,496000,233000,31.96,Entregado,PSE,5,5,No,No
ORD-00206,2026-08-18,2026,2026-08,Q3,Caribe,Valledupar,Web,Corporativo,Escritorio Ajustable,Mobiliario,Ana Torres,5,2058000,0,10290000,0,10290000,1372000,6860000,3430000,33.33,Cancelado,Tarjeta crédito,,,No,No
ORD-00207,2026-04-29,2026,2026-04,Q2,Pacífica,Cali,Ventas corporativas,PyME,Laptop Pro 14,Tecnología,Ana Torres,16,4464000,5,71424000,3571200,67852800,3665000,58640000,9212800,13.58,En tránsito,PSE,2,3,No,Sí
ORD-00208,2026-06-23,2026,2026-06,Q2,Andina,Pereira,Tienda física,PyME,Escritorio Ajustable,Mobiliario,Ana Torres,3,2226000,5,6678000,333900,6344100,1489000,4467000,1877100,29.59,En tránsito,Transferencia,3,2,No,Sí
ORD-00209,2026-06-24,2026,2026-06,Q2,Pacífica,Buenaventura,Ventas corporativas,Corporativo,Headset Pro,Audio,Sofía Herrera,5,513000,20,2565000,513000,2052000,296000,1480000,572000,27.88,Entregado,Tarjeta débito,5,2,No,Sí
ORD-00210,2025-09-03,2025,2025-09,Q3,Andina,Bucaramanga,Marketplace,Emprendedor,Laptop Pro 14,Tecnología,Sofía Herrera,2,4608000,5,9216000,460800,8755200,3615000,7230000,1525200,17.42,Entregado,Efectivo,3,5,No,No
ORD-00211,2026-07-28,2026,2026-07,Q3,Pacífica,Buenaventura,Marketplace,Consumidor,Escritorio Ajustable,Mobiliario,Laura Gómez,4,2016000,5,8064000,403200,7660800,1482000,5928000,1732800,22.62,Entregado,PSE,5,4,No,No
ORD-00212,2025-07-31,2025,2025-07,Q3,Andina,Medellín,Tienda física,Corporativo,Webcam HD,Accesorios,Laura Gómez,1,270000,0,270000,0,270000,140000,140000,130000,48.15,Procesando,PSE,4,1,No,No
ORD-00213,2024-07-25,2024,2024-07,Q3,Pacífica,Pasto,Web,Consumidor,Audífonos Bluetooth,Audio,Carlos Ruiz,5,382000,10,1910000,191000,1719000,198000,990000,729000,42.41,Entregado,PSE,5,5,No,No
ORD-00214,2025-11-09,2025,2025-11,Q4,Andina,Bogotá,Web,Consumidor,Mouse Inalámbrico,Accesorios,Juan Castro,1,198000,0,198000,0,198000,90000,90000,108000,54.55,Cancelado,Tarjeta débito,,,No,No
ORD-00215,2025-07-29,2025,2025-07,Q3,Pacífica,Quibdó,Web,PyME,Mouse Inalámbrico,Accesorios,Ana Torres,3,176000,0,528000,0,528000,84000,252000,276000,52.27,Cancelado,Tarjeta crédito,,,No,No
ORD-00216,2026-08-29,2026,2026-08,Q3,Caribe,Valledupar,Web,Emprendedor,Laptop Pro 14,Tecnología,Andrés Moreno,2,4704000,10,9408000,940800,8467200,3625000,7250000,1217200,14.38,Cancelado,Tarjeta débito,,,No,No
ORD-00217,2024-03-20,2024,2024-03,Q1,Andina,Bucaramanga,Tienda física,Consumidor,Monitor 27,Tecnología,Andrés Moreno,10,1250000,10,12500000,1250000,11250000,842000,8420000,2830000,25.16,Cancelado,Tarjeta crédito,,,No,Sí
ORD-00218,2024-09-12,2024,2024-09,Q3,Pacífica,Pasto,Marketplace,Consumidor,Teclado Mecánico,Accesorios,Andrés Moreno,4,307000,0,1228000,0,1228000,176000,704000,524000,42.67,En tránsito,Transferencia,5,1,No,No
ORD-00219,2025-01-19,2025,2025-01,Q1,Andina,Manizales,Marketplace,PyME,Escritorio Ajustable,Mobiliario,Valentina Rojas,3,2016000,0,6048000,0,6048000,1374000,4122000,1926000,31.85,Entregado,Tarjeta débito,4,4,No,No
ORD-00220,2025-07-14,2025,2025-07,Q3,Amazonía,Leticia,Tienda física,PyME,Mouse Inalámbrico,Accesorios,Valentina Rojas,3,180000,5,540000,27000,513000,82000,246000,267000,52.05,Cancelado,Tarjeta débito,,,No,Sí
ORD-00221,2024-12-05,2024,2024-12,Q4,Andina,Medellín,Marketplace,Corporativo,Dock USB-C,Accesorios,Andrés Moreno,4,441000,10,1764000,176400,1587600,232000,928000,659600,41.55,Entregado,Tarjeta débito,3,3,No,Sí
ORD-00222,2024-01-04,2024,2024-01,Q1,Caribe,Santa Marta,Tienda física,PyME,Headset Pro,Audio,Carlos Ruiz,2,520000,0,1040000,0,1040000,279000,558000,482000,46.35,Cancelado,Transferencia,,,No,No
ORD-00223,2024-11-11,2024,2024-11,Q4,Pacífica,Popayán,Ventas corporativas,Corporativo,Webcam HD,Accesorios,Diego Martínez,16,281000,5,4496000,224800,4271200,145000,2320000,1951200,45.68,En tránsito,PSE,4,2,No,No
ORD-00224,2024-06-03,2024,2024-06,Q2,Pacífica,Cali,Marketplace,Consumidor,Laptop Air 13,Tecnología,Valentina Rojas,5,3562000,5,17810000,890500,16919500,2693000,13465000,3454500,20.42,Entregado,Efectivo,5,4,No,No
ORD-00225,2026-08-16,2026,2026-08,Q3,Caribe,Cartagena,Web,Emprendedor,Webcam HD,Accesorios,Carlos Ruiz,2,265000,10,530000,53000,477000,140000,280000,197000,41.3,Procesando,Transferencia,5,5,No,Sí
ORD-00226,2024-06-20,2024,2024-06,Q2,Amazonía,Leticia,Web,PyME,Monitor 27,Tecnología,Sofía Herrera,1,1298000,8,1298000,103840,1194160,804000,804000,390160,32.67,Cancelado,PSE,,,No,No
ORD-00227,2026-07-25,2026,2026-07,Q3,Pacífica,Cali,Tienda física,Corporativo,Dock USB-C,Accesorios,Valentina Rojas,3,410000,10,1230000,123000,1107000,238000,714000,393000,35.5,Entregado,Tarjeta crédito,5,1,No,No
ORD-00228,2024-05-31,2024,2024-05,Q2,Caribe,Valledupar,Ventas corporativas,Corporativo,Laptop Air 13,Tecnología,Ana Torres,5,3450000,10,17250000,1725000,15525000,2722000,13610000,1915000,12.33,Entregado,PSE,4,2,No,No
ORD-00229,2025-09-25,2025,2025-09,Q3,Caribe,Montería,Web,Consumidor,Laptop Pro 14,Tecnología,Laura Gómez,6,4704000,8,28224000,2257920,25966080,3425000,20550000,5416080,20.86,En tránsito,PSE,5,2,No,No
ORD-00230,2024-11-06,2024,2024-11,Q4,Andina,Manizales,Marketplace,Corporativo,Audífonos Bluetooth,Audio,Juan Castro,10,419000,3,4190000,125700,4064300,203000,2030000,2034300,50.05,Cancelado,PSE,,,No,No
ORD-00231,2025-09-11,2025,2025-09,Q3,Caribe,Cartagena,Web,Corporativo,Webcam HD,Accesorios,Ana Torres,5,265000,10,1325000,132500,1192500,150000,750000,442500,37.11,Entregado,Efectivo,4,5,No,No
ORD-00232,2024-01-30,2024,2024-01,Q1,Andina,Medellín,Web,Corporativo,Laptop Pro 14,Tecnología,Carlos Ruiz,2,4704000,15,9408000,1411200,7996800,3658000,7316000,680800,8.51,Entregado,Tarjeta crédito,4,6,No,Sí
ORD-00233,2025-05-15,2025,2025-05,Q2,Caribe,Cartagena,Tienda física,Consumidor,Webcam HD,Accesorios,Carlos Ruiz,2,286000,0,572000,0,572000,152000,304000,268000,46.85,Cancelado,PSE,,,No,Sí
ORD-00234,2024-02-20,2024,2024-02,Q1,Andina,Pereira,Ventas corporativas,PyME,Monitor 24,Tecnología,Ana Torres,7,725000,3,5075000,152250,4922750,510000,3570000,1352750,27.48,Entregado,Efectivo,5,2,No,No
ORD-00235,2024-08-17,2024,2024-08,Q3,Andina,Bucaramanga,Ventas corporativas,Corporativo,Audífonos Bluetooth,Audio,Valentina Rojas,13,363000,15,4719000,707850,4011150,214000,2782000,1229150,30.64,En tránsito,Efectivo,4,1,No,Sí
ORD-00236,2025-06-07,2025,2025-06,Q2,Amazonía,Florencia,Tienda física,Emprendedor,Silla Ergonómica,Mobiliario,Sofía Herrera,3,1537000,3,4611000,138330,4472670,903000,2709000,1763670,39.43,Entregado,Tarjeta débito,4,3,No,Sí
ORD-00237,2026-02-22,2026,2026-02,Q1,Andina,Bogotá,Web,PyME,Escritorio Ajustable,Mobiliario,Valentina Rojas,2,2058000,0,4116000,0,4116000,1367000,2734000,1382000,33.58,En tránsito,Transferencia,5,6,No,No
ORD-00238,2024-02-06,2024,2024-02,Q1,Caribe,Valledupar,Web,Consumidor,Monitor 24,Tecnología,Ana Torres,4,764000,8,3056000,244480,2811520,522000,2088000,723520,25.73,En tránsito,PSE,5,3,No,Sí
ORD-00239,2024-05-11,2024,2024-05,Q2,Pacífica,Quibdó,Ventas corporativas,Corporativo,Monitor 27,Tecnología,Sofía Herrera,8,1232000,3,9856000,295680,9560320,806000,6448000,3112320,32.55,Entregado,Transferencia,5,1,No,No
ORD-00240,2025-04-26,2025,2025-04,Q2,Andina,Pereira,Ventas corporativas,PyME,Escritorio Ajustable,Mobiliario,Diego Martínez,5,1953000,5,9765000,488250,9276750,1486000,7430000,1846750,19.91,En tránsito,PSE,4,1,No,No
ORD-00241,2025-08-06,2025,2025-08,Q3,Orinoquía,Yopal,Web,Consumidor,Monitor 27,Tecnología,Juan Castro,4,1225000,10,4900000,490000,4410000,827000,3308000,1102000,24.99,Cancelado,Tarjeta crédito,,,No,Sí
ORD-00242,2024-10-07,2024,2024-10,Q4,Andina,Medellín,Marketplace,Corporativo,Escritorio Ajustable,Mobiliario,Valentina Rojas,2,2016000,10,4032000,403200,3628800,1376000,2752000,876800,24.16,Procesando,Transferencia,4,5,No,No
ORD-00243,2024-02-08,2024,2024-02,Q1,Caribe,Santa Marta,Ventas corporativas,Consumidor,Laptop Pro 14,Tecnología,Diego Martínez,19,4464000,0,84816000,0,84816000,3648000,69312000,15504000,18.28,Cancelado,PSE,,,No,No
ORD-00244,2024-04-15,2024,2024-04,Q2,Andina,Pereira,Web,Corporativo,Teclado Mecánico,Accesorios,Juan Castro,5,314000,3,1570000,47100,1522900,173000,865000,657900,43.2,Cancelado,Transferencia,,,No,No
ORD-00245,2024-05-17,2024,2024-05,Q2,Andina,Manizales,Marketplace,Emprendedor,Mouse Inalámbrico,Accesorios,Ana Torres,1,183000,15,183000,27450,155550,89000,89000,66550,42.78,Entregado,Tarjeta crédito,5,5,No,No
ORD-00246,2025-10-28,2025,2025-10,Q4,Pacífica,Popayán,Web,PyME,Headset Pro,Audio,Laura Gómez,2,510000,0,1020000,0,1020000,302000,604000,416000,40.78,Cancelado,Tarjeta crédito,,,No,No
ORD-00247,2025-03-02,2025,2025-03,Q1,Caribe,Barranquilla,Web,Emprendedor,Silla Ergonómica,Mobiliario,Sofía Herrera,4,1421000,0,5684000,0,5684000,957000,3828000,1856000,32.65,Entregado,Efectivo,5,6,No,No
ORD-00248,2024-05-20,2024,2024-05,Q2,Andina,Bogotá,Marketplace,Corporativo,Silla Ergonómica,Mobiliario,Valentina Rojas,1,1476000,0,1476000,0,1476000,903000,903000,573000,38.82,Entregado,PSE,5,6,No,Sí
ORD-00249,2025-07-15,2025,2025-07,Q3,Caribe,Cartagena,Ventas corporativas,PyME,Audífonos Bluetooth,Audio,Carlos Ruiz,4,363000,0,1452000,0,1452000,199000,796000,656000,45.18,Entregado,Efectivo,5,1,No,Sí
ORD-00250,2026-01-10,2026,2026-01,Q1,Andina,Bucaramanga,Web,Emprendedor,Headset Pro,Audio,Valentina Rojas,10,510000,3,5100000,153000,4947000,287000,2870000,2077000,41.99,Entregado,Tarjeta crédito,5,5,No,Sí
ORD-00251,2026-02-15,2026,2026-02,Q1,Orinoquía,Villavicencio,Marketplace,Consumidor,Monitor 27,Tecnología,Juan Castro,1,1200000,5,1200000,60000,1140000,823000,823000,317000,27.81,Procesando,PSE,4,2,No,Sí
ORD-00252,2025-02-14,2025,2025-02,Q1,Andina,Manizales,Marketplace,PyME,Teclado Mecánico,Accesorios,Valentina Rojas,3,307000,5,921000,46050,874950,175000,525000,349950,40.0,Entregado,Efectivo,5,7,No,No
ORD-00253,2025-08-05,2025,2025-08,Q3,Pacífica,Buenaventura,Web,Consumidor,Escritorio Ajustable,Mobiliario,Ana Torres,2,2058000,0,4116000,0,4116000,1460000,2920000,1196000,29.06,Cancelado,Transferencia,,,No,No
ORD-00254,2024-04-25,2024,2024-04,Q2,Orinoquía,Yopal,Web,Emprendedor,Laptop Pro 14,Tecnología,Diego Martínez,3,4704000,0,14112000,0,14112000,3716000,11148000,2964000,21.0,Procesando,PSE,5,6,No,No
ORD-00255,2025-12-05,2025,2025-12,Q4,Pacífica,Cali,Marketplace,Emprendedor,Dock USB-C,Accesorios,Laura Gómez,1,441000,5,441000,22050,418950,241000,241000,177950,42.48,En tránsito,Tarjeta débito,3,5,No,No
ORD-00256,2025-04-25,2025,2025-04,Q2,Pacífica,Buenaventura,Marketplace,Emprendedor,Laptop Air 13,Tecnología,Valentina Rojas,2,3360000,3,6720000,201600,6518400,2568000,5136000,1382400,21.21,Procesando,Tarjeta débito,4,1,No,Sí
ORD-00257,2025-03-30,2025,2025-03,Q1,Pacífica,Popayán,Ventas corporativas,PyME,Laptop Air 13,Tecnología,Sofía Herrera,4,3255000,20,13020000,2604000,10416000,2690000,10760000,-344000,-3.3,Entregado,Efectivo,4,3,No,No
ORD-00258,2025-11-01,2025,2025-11,Q4,Pacífica,Pasto,Marketplace,Emprendedor,Mouse Inalámbrico,Accesorios,Juan Castro,5,194000,10,970000,97000,873000,84000,420000,453000,51.89,Procesando,Transferencia,5,3,No,Sí
ORD-00259,2026-02-16,2026,2026-02,Q1,Caribe,Barranquilla,Web,Emprendedor,Mouse Inalámbrico,Accesorios,Valentina Rojas,3,176000,10,528000,52800,475200,86000,258000,217200,45.71,Entregado,Tarjeta crédito,2,5,No,Sí
ORD-00260,2024-07-19,2024,2024-07,Q3,Andina,Manizales,Tienda física,Emprendedor,Monitor 24,Tecnología,Carlos Ruiz,4,780000,10,3120000,312000,2808000,495000,1980000,828000,29.49,En tránsito,Transferencia,2,4,No,No
ORD-00261,2025-08-26,2025,2025-08,Q3,Amazonía,Leticia,Web,PyME,Webcam HD,Accesorios,Ana Torres,4,265000,5,1060000,53000,1007000,145000,580000,427000,42.4,Procesando,Tarjeta débito,4,1,No,Sí
ORD-00262,2025-11-04,2025,2025-11,Q4,Caribe,Santa Marta,Ventas corporativas,PyME,Silla Ergonómica,Mobiliario,Ana Torres,17,1510000,15,25670000,3850500,21819500,964000,16388000,5431500,24.89,Entregado,Tarjeta débito,4,3,No,No
ORD-00263,2025-12-17,2025,2025-12,Q4,Orinoquía,Arauca,Marketplace,PyME,Teclado Mecánico,Accesorios,Juan Castro,3,344000,3,1032000,30960,1001040,181000,543000,458040,45.76,Procesando,Tarjeta débito,5,4,No,No
ORD-00264,2025-10-27,2025,2025-10,Q4,Amazonía,Leticia,Tienda física,Emprendedor,Silla Ergonómica,Mobiliario,Valentina Rojas,3,1450000,10,4350000,435000,3915000,964000,2892000,1023000,26.13,Procesando,Efectivo,4,6,No,Sí
ORD-00265,2026-05-17,2026,2026-05,Q2,Caribe,Barranquilla,Web,Consumidor,Silla Ergonómica,Mobiliario,Sofía Herrera,2,1506000,0,3012000,0,3012000,898000,1796000,1216000,40.37,Entregado,Tarjeta débito,3,4,No,No
ORD-00266,2024-02-03,2024,2024-02,Q1,Andina,Manizales,Tienda física,Emprendedor,Laptop Air 13,Tecnología,Diego Martínez,3,3500000,5,10500000,525000,9975000,2554000,7662000,2313000,23.19,Cancelado,Efectivo,,,No,No
ORD-00267,2026-03-28,2026,2026-03,Q1,Pacífica,Cali,Web,Consumidor,Dock USB-C,Accesorios,Diego Martínez,8,402000,20,3216000,643200,2572800,233000,1864000,708800,27.55,Procesando,Efectivo,2,6,No,No
ORD-00268,2026-05-31,2026,2026-05,Q2,Orinoquía,Villavicencio,Marketplace,Corporativo,Headset Pro,Audio,Carlos Ruiz,3,529000,10,1587000,158700,1428300,289000,867000,561300,39.3,Procesando,Tarjeta débito,4,3,No,No
ORD-00269,2026-01-22,2026,2026-01,Q1,Caribe,Montería,Tienda física,Consumidor,Laptop Pro 14,Tecnología,Laura Gómez,3,4800000,0,14400000,0,14400000,3615000,10845000,3555000,24.69,Entregado,Tarjeta débito,4,2,Sí,No
ORD-00270,2025-09-03,2025,2025-09,Q3,Andina,Pereira,Web,Corporativo,Headset Pro,Audio,Diego Martínez,4,510000,5,2040000,102000,1938000,276000,1104000,834000,43.03,Cancelado,Tarjeta débito,,,No,No
ORD-00271,2026-03-16,2026,2026-03,Q1,Caribe,Montería,Tienda física,Corporativo,Silla Ergonómica,Mobiliario,Laura Gómez,1,1450000,3,1450000,43500,1406500,913000,913000,493500,35.09,Entregado,Tarjeta crédito,4,6,No,No
ORD-00272,2025-04-01,2025,2025-04,Q2,Andina,Pereira,Web,PyME,Escritorio Ajustable,Mobiliario,Juan Castro,1,2058000,15,2058000,308700,1749300,1417000,1417000,332300,19.0,Entregado,Efectivo,5,4,No,No
ORD-00273,2025-04-01,2025,2025-04,Q2,Caribe,Santa Marta,Web,Emprendedor,Headset Pro,Audio,Diego Martínez,2,510000,15,1020000,153000,867000,278000,556000,311000,35.87,Procesando,Transferencia,4,3,No,No
ORD-00274,2024-07-29,2024,2024-07,Q3,Caribe,Montería,Marketplace,Corporativo,Headset Pro,Audio,Carlos Ruiz,1,499000,8,499000,39920,459080,274000,274000,185080,40.32,Cancelado,Tarjeta crédito,,,No,Sí
ORD-00275,2026-03-24,2026,2026-03,Q1,Andina,Bogotá,Marketplace,PyME,Escritorio Ajustable,Mobiliario,Carlos Ruiz,6,2016000,5,12096000,604800,11491200,1427000,8562000,2929200,25.49,En tránsito,Efectivo,4,2,No,Sí
ORD-00276,2026-01-07,2026,2026-01,Q1,Caribe,Valledupar,Marketplace,Corporativo,Laptop Pro 14,Tecnología,Carlos Ruiz,1,4608000,15,4608000,691200,3916800,3446000,3446000,470800,12.02,Cancelado,PSE,,,No,No
ORD-00277,2025-03-24,2025,2025-03,Q1,Andina,Bogotá,Web,Consumidor,Webcam HD,Accesorios,Juan Castro,1,265000,10,265000,26500,238500,151000,151000,87500,36.69,Procesando,Tarjeta crédito,4,3,No,No
ORD-00278,2025-07-22,2025,2025-07,Q3,Andina,Bogotá,Tienda física,Corporativo,Laptop Pro 14,Tecnología,Valentina Rojas,2,4800000,5,9600000,480000,9120000,3438000,6876000,2244000,24.61,Entregado,Efectivo,5,2,No,Sí
ORD-00279,2024-07-07,2024,2024-07,Q3,Andina,Bucaramanga,Web,PyME,Monitor 24,Tecnología,Carlos Ruiz,3,764000,5,2292000,114600,2177400,492000,1476000,701400,32.21,Procesando,Tarjeta débito,4,3,No,No
ORD-00280,2025-05-13,2025,2025-05,Q2,Amazonía,Florencia,Marketplace,Emprendedor,Monitor 27,Tecnología,Sofía Herrera,1,1272000,3,1272000,38160,1233840,793000,793000,440840,35.73,Entregado,Efectivo,4,3,No,Sí
ORD-00281,2025-08-03,2025,2025-08,Q3,Andina,Bucaramanga,Web,Corporativo,Dock USB-C,Accesorios,Juan Castro,2,402000,10,804000,80400,723600,242000,484000,239600,33.11,Cancelado,Tarjeta débito,,,No,No
ORD-00282,2024-12-05,2024,2024-12,Q4,Orinoquía,Yopal,Web,Consumidor,Webcam HD,Accesorios,Diego Martínez,2,296000,5,592000,29600,562400,142000,284000,278400,49.5,Procesando,PSE,3,4,No,No
ORD-00283,2025-10-03,2025,2025-10,Q4,Andina,Bogotá,Marketplace,PyME,Laptop Pro 14,Tecnología,Sofía Herrera,3,4608000,10,13824000,1382400,12441600,3614000,10842000,1599600,12.86,Procesando,Efectivo,4,7,No,No
ORD-00284,2025-07-06,2025,2025-07,Q3,Caribe,Cartagena,Web,Emprendedor,Mouse Inalámbrico,Accesorios,Ana Torres,6,176000,8,1056000,84480,971520,89000,534000,437520,45.03,Entregado,Efectivo,4,3,No,Sí
ORD-00285,2024-06-12,2024,2024-06,Q2,Andina,Pereira,Ventas corporativas,PyME,Headset Pro,Audio,Diego Martínez,11,513000,15,5643000,846450,4796550,275000,3025000,1771550,36.93,En tránsito,Tarjeta crédito,4,4,No,No
ORD-00286,2025-06-14,2025,2025-06,Q2,Orinoquía,Yopal,Tienda física,Consumidor,Dock USB-C,Accesorios,Ana Torres,2,435000,0,870000,0,870000,249000,498000,372000,42.76,Entregado,Transferencia,5,2,No,No
ORD-00287,2025-01-09,2025,2025-01,Q1,Caribe,Barranquilla,Web,Emprendedor,Silla Ergonómica,Mobiliario,Ana Torres,10,1421000,3,14210000,426300,13783700,931000,9310000,4473700,32.46,Entregado,Transferencia,4,3,No,Sí
ORD-00288,2024-03-19,2024,2024-03,Q1,Caribe,Santa Marta,Web,PyME,Monitor 24,Tecnología,Juan Castro,1,764000,8,764000,61120,702880,531000,531000,171880,24.45,Cancelado,Tarjeta crédito,,,No,No
ORD-00289,2025-05-05,2025,2025-05,Q2,Caribe,Valledupar,Tienda física,Emprendedor,Monitor 27,Tecnología,Laura Gómez,2,1325000,3,2650000,79500,2570500,798000,1596000,974500,37.91,Procesando,Tarjeta débito,3,3,No,Sí
ORD-00290,2024-07-03,2024,2024-07,Q3,Caribe,Montería,Ventas corporativas,Consumidor,Escritorio Ajustable,Mobiliario,Ana Torres,9,1953000,15,17577000,2636550,14940450,1394000,12546000,2394450,16.03,Procesando,Tarjeta débito,5,3,No,No
ORD-00291,2025-09-07,2025,2025-09,Q3,Andina,Pereira,Tienda física,PyME,Monitor 27,Tecnología,Laura Gómez,2,1250000,0,2500000,0,2500000,843000,1686000,814000,32.56,En tránsito,Tarjeta débito,5,5,No,No
ORD-00292,2026-07-20,2026,2026-07,Q3,Caribe,Montería,Tienda física,PyME,Monitor 27,Tecnología,Andrés Moreno,1,1250000,15,1250000,187500,1062500,836000,836000,226500,21.32,Procesando,Tarjeta débito,4,4,No,No
ORD-00293,2025-07-06,2025,2025-07,Q3,Pacífica,Popayán,Tienda física,Consumidor,Silla Ergonómica,Mobiliario,Carlos Ruiz,6,1450000,8,8700000,696000,8004000,933000,5598000,2406000,30.06,En tránsito,Transferencia,5,1,No,Sí
ORD-00294,2025-05-03,2025,2025-05,Q2,Pacífica,Cali,Tienda física,Consumidor,Teclado Mecánico,Accesorios,Carlos Ruiz,3,339000,3,1017000,30510,986490,168000,504000,482490,48.91,Cancelado,Efectivo,,,No,Sí
ORD-00295,2025-11-01,2025,2025-11,Q4,Andina,Bucaramanga,Web,Corporativo,Dock USB-C,Accesorios,Sofía Herrera,1,450000,8,450000,36000,414000,232000,232000,182000,43.96,Procesando,Transferencia,4,6,No,No
ORD-00296,2025-02-27,2025,2025-02,Q1,Caribe,Valledupar,Web,Consumidor,Webcam HD,Accesorios,Carlos Ruiz,3,265000,5,795000,39750,755250,154000,462000,293250,38.83,Procesando,Tarjeta débito,4,3,No,No
ORD-00297,2025-12-17,2025,2025-12,Q4,Amazonía,Leticia,Tienda física,Emprendedor,Monitor 24,Tecnología,Ana Torres,4,874000,10,3496000,349600,3146400,521000,2084000,1062400,33.77,Cancelado,Transferencia,,,No,No
ORD-00298,2024-01-06,2024,2024-01,Q1,Pacífica,Buenaventura,Ventas corporativas,Corporativo,Webcam HD,Accesorios,Valentina Rojas,4,251000,3,1004000,30120,973880,145000,580000,393880,40.44,Procesando,Efectivo,2,1,No,No
ORD-00299,2024-10-20,2024,2024-10,Q4,Pacífica,Quibdó,Ventas corporativas,Consumidor,Laptop Pro 14,Tecnología,Sofía Herrera,15,4464000,5,66960000,3348000,63612000,3480000,52200000,11412000,17.94,Cancelado,Tarjeta débito,,,No,Sí
ORD-00300,2025-09-05,2025,2025-09,Q3,Caribe,Cartagena,Web,Corporativo,Escritorio Ajustable,Mobiliario,Diego Martínez,1,2058000,3,2058000,61740,1996260,1363000,1363000,633260,31.72,Entregado,Efectivo,4,2,No,Sí
ORD-00301,2025-12-21,2025,2025-12,Q4,Andina,Bogotá,Web,Corporativo,Silla Ergonómica,Mobiliario,Valentina Rojas,5,1592000,15,7960000,1194000,6766000,925000,4625000,2141000,31.64,Entregado,Efectivo,5,6,No,Sí
ORD-00302,2024-06-28,2024,2024-06,Q2,Andina,Bogotá,Web,Consumidor,Silla Ergonómica,Mobiliario,Andrés Moreno,1,1506000,15,1506000,225900,1280100,967000,967000,313100,24.46,Entregado,Tarjeta débito,5,2,No,No
ORD-00303,2026-09-11,2026,2026-09,Q3,Pacífica,Popayán,Ventas corporativas,Corporativo,Escritorio Ajustable,Mobiliario,Juan Castro,8,1953000,0,15624000,0,15624000,1453000,11624000,4000000,25.6,Entregado,Efectivo,4,2,No,No
ORD-00304,2025-12-18,2025,2025-12,Q4,Pacífica,Buenaventura,Web,Consumidor,Teclado Mecánico,Accesorios,Diego Martínez,3,351000,10,1053000,105300,947700,169000,507000,440700,46.5,Entregado,Transferencia,4,5,No,No
ORD-00305,2024-08-28,2024,2024-08,Q3,Pacífica,Pasto,Web,Consumidor,Monitor 24,Tecnología,Andrés Moreno,5,764000,10,3820000,382000,3438000,508000,2540000,898000,26.12,Entregado,Efectivo,3,3,No,Sí
ORD-00306,2026-05-27,2026,2026-05,Q2,Caribe,Barranquilla,Web,Consumidor,Webcam HD,Accesorios,Sofía Herrera,2,280000,15,560000,84000,476000,152000,304000,172000,36.13,Procesando,Transferencia,5,1,No,Sí
ORD-00307,2025-08-13,2025,2025-08,Q3,Andina,Pereira,Tienda física,Consumidor,Dock USB-C,Accesorios,Andrés Moreno,3,410000,5,1230000,61500,1168500,235000,705000,463500,39.67,Cancelado,Tarjeta crédito,,,No,No
ORD-00308,2025-04-16,2025,2025-04,Q2,Andina,Bogotá,Marketplace,PyME,Laptop Pro 14,Tecnología,Juan Castro,2,4608000,0,9216000,0,9216000,3536000,7072000,2144000,23.26,Entregado,PSE,4,3,No,Sí
ORD-00309,2025-03-10,2025,2025-03,Q1,Andina,Bucaramanga,Ventas corporativas,PyME,Mouse Inalámbrico,Accesorios,Carlos Ruiz,5,167000,8,835000,66800,768200,90000,450000,318200,41.42,Cancelado,PSE,,,No,No
ORD-00310,2025-07-22,2025,2025-07,Q3,Caribe,Montería,Web,Emprendedor,Monitor 24,Tecnología,Juan Castro,8,764000,0,6112000,0,6112000,531000,4248000,1864000,30.5,Entregado,Transferencia,3,6,No,Sí
ORD-00311,2025-07-29,2025,2025-07,Q3,Pacífica,Cali,Web,PyME,Dock USB-C,Accesorios,Juan Castro,1,402000,0,402000,0,402000,232000,232000,170000,42.29,Cancelado,PSE,,,No,No
ORD-00312,2025-07-27,2025,2025-07,Q3,Caribe,Santa Marta,Web,Emprendedor,Mouse Inalámbrico,Accesorios,Sofía Herrera,1,176000,10,176000,17600,158400,90000,90000,68400,43.18,Entregado,PSE,5,3,No,No
ORD-00313,2025-06-06,2025,2025-06,Q2,Caribe,Montería,Web,Corporativo,Laptop Air 13,Tecnología,Carlos Ruiz,1,3636000,8,3636000,290880,3345120,2534000,2534000,811120,24.25,Entregado,Tarjeta crédito,5,2,No,Sí
ORD-00314,2024-08-21,2024,2024-08,Q3,Andina,Bucaramanga,Web,Corporativo,Audífonos Bluetooth,Audio,Ana Torres,3,382000,3,1146000,34380,1111620,206000,618000,493620,44.41,Entregado,Tarjeta débito,4,5,No,No
ORD-00315,2024-05-08,2024,2024-05,Q2,Pacífica,Pasto,Marketplace,Corporativo,Audífonos Bluetooth,Audio,Carlos Ruiz,1,397000,0,397000,0,397000,199000,199000,198000,49.87,Entregado,Tarjeta crédito,4,6,No,Sí
ORD-00316,2024-06-08,2024,2024-06,Q2,Andina,Manizales,Web,PyME,Teclado Mecánico,Accesorios,Juan Castro,4,332000,5,1328000,66400,1261600,170000,680000,581600,46.1,Procesando,PSE,5,5,No,No
ORD-00317,2025-04-23,2025,2025-04,Q2,Amazonía,Mocoa,Tienda física,Emprendedor,Teclado Mecánico,Accesorios,Sofía Herrera,1,320000,15,320000,48000,272000,177000,177000,95000,34.93,Procesando,PSE,5,1,No,No
ORD-00318,2024-08-20,2024,2024-08,Q3,Pacífica,Popayán,Web,PyME,Teclado Mecánico,Accesorios,Andrés Moreno,1,314000,3,314000,9420,304580,168000,168000,136580,44.84,Entregado,Transferencia,4,2,No,Sí
ORD-00319,2026-02-23,2026,2026-02,Q1,Caribe,Santa Marta,Web,Emprendedor,Escritorio Ajustable,Mobiliario,Valentina Rojas,1,2058000,5,2058000,102900,1955100,1422000,1422000,533100,27.27,Procesando,Tarjeta débito,4,4,No,Sí
ORD-00320,2025-03-08,2025,2025-03,Q1,Caribe,Valledupar,Marketplace,PyME,Escritorio Ajustable,Mobiliario,Sofía Herrera,3,2016000,3,6048000,181440,5866560,1469000,4407000,1459560,24.88,Entregado,Tarjeta crédito,5,6,No,No
ORD-00321,2025-09-24,2025,2025-09,Q3,Caribe,Valledupar,Web,PyME,Webcam HD,Accesorios,Carlos Ruiz,1,265000,0,265000,0,265000,147000,147000,118000,44.53,Entregado,Tarjeta débito,4,6,No,Sí
ORD-00322,2024-08-10,2024,2024-08,Q3,Andina,Bucaramanga,Ventas corporativas,PyME,Webcam HD,Accesorios,Andrés Moreno,4,251000,3,1004000,30120,973880,151000,604000,369880,37.98,Entregado,Tarjeta débito,5,5,No,Sí
ORD-00323,2026-05-11,2026,2026-05,Q2,Andina,Manizales,Web,Consumidor,Laptop Pro 14,Tecnología,Carlos Ruiz,4,4986000,3,19944000,598320,19345680,3682000,14728000,4617680,23.87,En tránsito,Efectivo,4,5,No,No
ORD-00324,2024-08-01,2024,2024-08,Q3,Caribe,Santa Marta,Web,PyME,Mouse Inalámbrico,Accesorios,Laura Gómez,4,176000,10,704000,70400,633600,86000,344000,289600,45.71,Entregado,Tarjeta débito,5,4,No,No
ORD-00325,2024-08-29,2024,2024-08,Q3,Caribe,Santa Marta,Web,PyME,Laptop Pro 14,Tecnología,Carlos Ruiz,1,4704000,0,4704000,0,4704000,3688000,3688000,1016000,21.6,Entregado,Tarjeta débito,5,3,No,Sí
ORD-00326,2024-04-03,2024,2024-04,Q2,Pacífica,Pasto,Web,Consumidor,Headset Pro,Audio,Juan Castro,2,510000,0,1020000,0,1020000,289000,578000,442000,43.33,Entregado,Transferencia,4,2,No,No
ORD-00327,2024-01-22,2024,2024-01,Q1,Pacífica,Pasto,Web,Corporativo,Audífonos Bluetooth,Audio,Andrés Moreno,6,382000,5,2292000,114600,2177400,206000,1236000,941400,43.24,Entregado,PSE,4,2,No,No
ORD-00328,2025-09-05,2025,2025-09,Q3,Orinoquía,Arauca,Web,Corporativo,Monitor 27,Tecnología,Ana Torres,1,1225000,3,1225000,36750,1188250,809000,809000,379250,31.92,Entregado,Tarjeta crédito,5,3,No,No
ORD-00329,2025-01-07,2025,2025-01,Q1,Pacífica,Buenaventura,Marketplace,PyME,Mouse Inalámbrico,Accesorios,Valentina Rojas,3,173000,5,519000,25950,493050,85000,255000,238050,48.28,Procesando,PSE,5,3,No,Sí
ORD-00330,2025-06-19,2025,2025-06,Q2,Caribe,Barranquilla,Web,Emprendedor,Monitor 27,Tecnología,Sofía Herrera,1,1298000,0,1298000,0,1298000,803000,803000,495000,38.14,Entregado,Tarjeta crédito,5,3,No,No
ORD-00331,2025-09-12,2025,2025-09,Q3,Pacífica,Cali,Marketplace,PyME,Monitor 24,Tecnología,Valentina Rojas,8,749000,10,5992000,599200,5392800,513000,4104000,1288800,23.9,Cancelado,PSE,,,No,No
ORD-00332,2024-02-29,2024,2024-02,Q1,Pacífica,Pasto,Web,PyME,Silla Ergonómica,Mobiliario,Diego Martínez,1,1421000,3,1421000,42630,1378370,981000,981000,397370,28.83,Procesando,Efectivo,3,4,No,No
ORD-00333,2024-07-02,2024,2024-07,Q3,Caribe,Valledupar,Marketplace,Emprendedor,Dock USB-C,Accesorios,Carlos Ruiz,4,394000,8,1576000,126080,1449920,241000,964000,485920,33.51,Cancelado,Tarjeta débito,,,No,No
ORD-00334,2025-07-17,2025,2025-07,Q3,Andina,Bucaramanga,Web,Consumidor,Headset Pro,Audio,Valentina Rojas,10,510000,5,5100000,255000,4845000,284000,2840000,2005000,41.38,Entregado,Transferencia,5,2,No,No
ORD-00335,2024-11-27,2024,2024-11,Q4,Caribe,Valledupar,Web,Consumidor,Silla Ergonómica,Mobiliario,Laura Gómez,4,1592000,15,6368000,955200,5412800,916000,3664000,1748800,32.31,En tránsito,Efectivo,4,2,No,Sí
ORD-00336,2026-06-30,2026,2026-06,Q2,Andina,Bucaramanga,Web,Emprendedor,Monitor 24,Tecnología,Ana Torres,2,810000,10,1620000,162000,1458000,538000,1076000,382000,26.2,Entregado,Tarjeta crédito,4,6,No,Sí
ORD-00337,2024-12-30,2024,2024-12,Q4,Andina,Bucaramanga,Ventas corporativas,Corporativo,Mouse Inalámbrico,Accesorios,Andrés Moreno,7,187000,10,1309000,130900,1178100,82000,574000,604100,51.28,En tránsito,Tarjeta débito,5,3,No,No
ORD-00338,2026-07-09,2026,2026-07,Q3,Pacífica,Quibdó,Tienda física,Corporativo,Laptop Air 13,Tecnología,Valentina Rojas,2,3500000,10,7000000,700000,6300000,2646000,5292000,1008000,16.0,Entregado,Transferencia,5,4,No,No
ORD-00339,2024-05-03,2024,2024-05,Q2,Orinoquía,Villavicencio,Marketplace,Emprendedor,Audífonos Bluetooth,Audio,Juan Castro,3,397000,0,1191000,0,1191000,213000,639000,552000,46.35,En tránsito,Efectivo,2,2,No,No
ORD-00340,2024-06-05,2024,2024-06,Q2,Andina,Manizales,Marketplace,Corporativo,Webcam HD,Accesorios,Andrés Moreno,3,275000,0,825000,0,825000,145000,435000,390000,47.27,En tránsito,Efectivo,3,3,No,No
ORD-00341,2025-07-15,2025,2025-07,Q3,Andina,Bogotá,Tienda física,Emprendedor,Dock USB-C,Accesorios,Diego Martínez,4,410000,0,1640000,0,1640000,229000,916000,724000,44.15,Procesando,Tarjeta débito,4,1,No,Sí
ORD-00342,2026-03-06,2026,2026-03,Q1,Caribe,Valledupar,Web,Corporativo,Laptop Air 13,Tecnología,Juan Castro,2,3430000,5,6860000,343000,6517000,2546000,5092000,1425000,21.87,Entregado,Efectivo,2,6,No,No
ORD-00343,2026-04-02,2026,2026-04,Q2,Caribe,Cartagena,Web,Consumidor,Webcam HD,Accesorios,Carlos Ruiz,5,265000,0,1325000,0,1325000,145000,725000,600000,45.28,Cancelado,Tarjeta crédito,,,No,Sí
ORD-00344,2025-09-27,2025,2025-09,Q3,Orinoquía,Yopal,Web,PyME,Laptop Pro 14,Tecnología,Andrés Moreno,5,4704000,3,23520000,705600,22814400,3575000,17875000,4939400,21.65,Entregado,Efectivo,4,5,No,No
ORD-00345,2024-05-24,2024,2024-05,Q2,Pacífica,Cali,Tienda física,PyME,Dock USB-C,Accesorios,Andrés Moreno,3,435000,0,1305000,0,1305000,230000,690000,615000,47.13,Entregado,Tarjeta crédito,5,5,No,Sí
ORD-00346,2025-11-07,2025,2025-11,Q4,Andina,Bucaramanga,Web,Corporativo,Laptop Air 13,Tecnología,Carlos Ruiz,5,3842000,8,19210000,1536800,17673200,2556000,12780000,4893200,27.69,En tránsito,Tarjeta débito,4,3,No,Sí
ORD-00347,2026-09-16,2026,2026-09,Q3,Caribe,Barranquilla,Web,Corporativo,Laptop Pro 14,Tecnología,Sofía Herrera,2,4704000,3,9408000,282240,9125760,3548000,7096000,2029760,22.24,Entregado,Tarjeta débito,5,1,Sí,No
ORD-00348,2026-09-29,2026,2026-09,Q3,Caribe,Barranquilla,Web,Corporativo,Headset Pro,Audio,Ana Torres,2,510000,20,1020000,204000,816000,302000,604000,212000,25.98,Procesando,Tarjeta crédito,5,5,No,No
ORD-00349,2025-06-17,2025,2025-06,Q2,Amazonía,Mocoa,Marketplace,Emprendedor,Headset Pro,Audio,Diego Martínez,2,529000,8,1058000,84640,973360,286000,572000,401360,41.23,Entregado,Tarjeta débito,4,5,No,No
ORD-00350,2025-12-01,2025,2025-12,Q4,Pacífica,Buenaventura,Marketplace,Emprendedor,Teclado Mecánico,Accesorios,Carlos Ruiz,6,344000,15,2064000,309600,1754400,176000,1056000,698400,39.81,Entregado,Tarjeta débito,5,4,No,No
ORD-00351,2026-06-19,2026,2026-06,Q2,Andina,Bogotá,Ventas corporativas,Consumidor,Mouse Inalámbrico,Accesorios,Sofía Herrera,12,177000,3,2124000,63720,2060280,88000,1056000,1004280,48.74,Cancelado,Tarjeta débito,,,No,No
ORD-00352,2024-04-19,2024,2024-04,Q2,Andina,Bogotá,Tienda física,Emprendedor,Escritorio Ajustable,Mobiliario,Andrés Moreno,3,2100000,8,6300000,504000,5796000,1448000,4344000,1452000,25.05,Entregado,Tarjeta débito,4,4,No,No
ORD-00353,2025-09-11,2025,2025-09,Q3,Caribe,Santa Marta,Ventas corporativas,Corporativo,Monitor 27,Tecnología,Diego Martínez,6,1162000,0,6972000,0,6972000,806000,4836000,2136000,30.64,En tránsito,Tarjeta débito,5,5,No,Sí
ORD-00354,2026-08-07,2026,2026-08,Q3,Amazonía,Florencia,Tienda física,Emprendedor,Escritorio Ajustable,Mobiliario,Valentina Rojas,2,2100000,5,4200000,210000,3990000,1398000,2796000,1194000,29.92,En tránsito,PSE,5,3,No,No
ORD-00355,2026-08-19,2026,2026-08,Q3,Pacífica,Quibdó,Tienda física,PyME,Silla Ergonómica,Mobiliario,Valentina Rojas,6,1450000,10,8700000,870000,7830000,941000,5646000,2184000,27.89,En tránsito,Tarjeta crédito,4,6,No,No
ORD-00356,2025-06-12,2025,2025-06,Q2,Pacífica,Cali,Web,PyME,Monitor 24,Tecnología,Laura Gómez,2,810000,3,1620000,48600,1571400,532000,1064000,507400,32.29,En tránsito,Efectivo,3,2,No,No
ORD-00357,2025-04-19,2025,2025-04,Q2,Pacífica,Popayán,Marketplace,Emprendedor,Laptop Air 13,Tecnología,Valentina Rojas,1,3360000,10,3360000,336000,3024000,2740000,2740000,284000,9.39,Cancelado,Transferencia,,,No,No
ORD-00358,2024-01-26,2024,2024-01,Q1,Andina,Pereira,Ventas corporativas,Consumidor,Audífonos Bluetooth,Audio,Carlos Ruiz,8,363000,3,2904000,87120,2816880,211000,1688000,1128880,40.08,Cancelado,Tarjeta crédito,,,No,Sí
ORD-00359,2025-04-05,2025,2025-04,Q2,Caribe,Barranquilla,Marketplace,Emprendedor,Silla Ergonómica,Mobiliario,Ana Torres,4,1392000,20,5568000,1113600,4454400,950000,3800000,654400,14.69,Entregado,Tarjeta débito,4,4,No,No
ORD-00360,2024-07-02,2024,2024-07,Q3,Pacífica,Cali,Web,PyME,Dock USB-C,Accesorios,Sofía Herrera,4,402000,20,1608000,321600,1286400,232000,928000,358400,27.86,Entregado,Tarjeta crédito,3,1,No,No
ORD-00361,2026-05-25,2026,2026-05,Q2,Caribe,Barranquilla,Ventas corporativas,Emprendedor,Escritorio Ajustable,Mobiliario,Diego Martínez,16,2070000,8,33120000,2649600,30470400,1428000,22848000,7622400,25.02,En tránsito,Tarjeta crédito,3,2,No,Sí
ORD-00362,2024-02-26,2024,2024-02,Q1,Caribe,Barranquilla,Ventas corporativas,PyME,Monitor 27,Tecnología,Sofía Herrera,18,1162000,3,20916000,627480,20288520,863000,15534000,4754520,23.43,Entregado,Efectivo,5,2,No,No
ORD-00363,2025-12-17,2025,2025-12,Q4,Caribe,Valledupar,Ventas corporativas,Consumidor,Monitor 27,Tecnología,Carlos Ruiz,10,1302000,15,13020000,1953000,11067000,795000,7950000,3117000,28.16,Entregado,PSE,5,4,No,No
ORD-00364,2024-05-04,2024,2024-05,Q2,Pacífica,Pasto,Tienda física,Corporativo,Mouse Inalámbrico,Accesorios,Carlos Ruiz,2,191000,8,382000,30560,351440,87000,174000,177440,50.49,Entregado,Transferencia,5,1,No,No
ORD-00365,2025-09-11,2025,2025-09,Q3,Orinoquía,Arauca,Tienda física,Corporativo,Teclado Mecánico,Accesorios,Andrés Moreno,5,320000,3,1600000,48000,1552000,178000,890000,662000,42.65,Procesando,Transferencia,4,5,No,No
ORD-00366,2026-06-23,2026,2026-06,Q2,Caribe,Santa Marta,Web,Corporativo,Monitor 24,Tecnología,Juan Castro,1,810000,8,810000,64800,745200,496000,496000,249200,33.44,Entregado,PSE,5,6,No,No
ORD-00367,2025-10-14,2025,2025-10,Q4,Andina,Medellín,Web,Emprendedor,Audífonos Bluetooth,Audio,Laura Gómez,4,382000,3,1528000,45840,1482160,207000,828000,654160,44.14,Entregado,Tarjeta débito,3,3,No,Sí
ORD-00368,2026-05-03,2026,2026-05,Q2,Andina,Manizales,Marketplace,Corporativo,Webcam HD,Accesorios,Valentina Rojas,3,275000,5,825000,41250,783750,148000,444000,339750,43.35,Procesando,Tarjeta crédito,5,5,No,No
ORD-00369,2024-11-02,2024,2024-11,Q4,Caribe,Santa Marta,Tienda física,Corporativo,Silla Ergonómica,Mobiliario,Ana Torres,1,1624000,8,1624000,129920,1494080,967000,967000,527080,35.28,Entregado,Efectivo,3,4,No,No
ORD-00370,2024-07-10,2024,2024-07,Q3,Caribe,Santa Marta,Ventas corporativas,Corporativo,Audífonos Bluetooth,Audio,Sofía Herrera,10,363000,5,3630000,181500,3448500,207000,2070000,1378500,39.97,Entregado,Tarjeta débito,5,2,No,Sí
ORD-00371,2026-03-14,2026,2026-03,Q1,Andina,Medellín,Tienda física,Corporativo,Laptop Air 13,Tecnología,Carlos Ruiz,1,3500000,5,3500000,175000,3325000,2626000,2626000,699000,21.02,Entregado,Efectivo,4,4,No,No
ORD-00372,2024-05-15,2024,2024-05,Q2,Andina,Bogotá,Web,PyME,Webcam HD,Accesorios,Andrés Moreno,5,280000,0,1400000,0,1400000,144000,720000,680000,48.57,Entregado,Tarjeta crédito,5,3,No,Sí
ORD-00373,2026-02-23,2026,2026-02,Q1,Caribe,Santa Marta,Tienda física,PyME,Laptop Pro 14,Tecnología,Ana Torres,2,4800000,15,9600000,1440000,8160000,3522000,7044000,1116000,13.68,Entregado,PSE,4,4,No,Sí
ORD-00374,2026-09-08,2026,2026-09,Q3,Caribe,Valledupar,Web,Consumidor,Laptop Air 13,Tecnología,Diego Martínez,2,3430000,3,6860000,205800,6654200,2533000,5066000,1588200,23.87,Cancelado,Tarjeta débito,,,No,Sí
ORD-00375,2025-09-19,2025,2025-09,Q3,Orinoquía,Arauca,Web,Corporativo,Webcam HD,Accesorios,Ana Torres,1,265000,15,265000,39750,225250,140000,140000,85250,37.85,En tránsito,Efectivo,2,2,No,No
ORD-00376,2025-10-06,2025,2025-10,Q4,Pacífica,Popayán,Web,Emprendedor,Escritorio Ajustable,Mobiliario,Carlos Ruiz,2,2058000,0,4116000,0,4116000,1471000,2942000,1174000,28.52,Procesando,Transferencia,3,7,No,Sí
ORD-00377,2024-11-13,2024,2024-11,Q4,Pacífica,Popayán,Web,Emprendedor,Webcam HD,Accesorios,Juan Castro,1,296000,10,296000,29600,266400,148000,148000,118400,44.44,Entregado,Transferencia,5,3,No,No
ORD-00378,2024-03-07,2024,2024-03,Q1,Caribe,Santa Marta,Tienda física,Emprendedor,Webcam HD,Accesorios,Carlos Ruiz,1,270000,10,270000,27000,243000,148000,148000,95000,39.09,Entregado,PSE,4,3,No,No
ORD-00379,2025-02-14,2025,2025-02,Q1,Caribe,Cartagena,Web,Consumidor,Escritorio Ajustable,Mobiliario,Valentina Rojas,1,2058000,5,2058000,102900,1955100,1373000,1373000,582100,29.77,Entregado,Efectivo,5,3,No,No
ORD-00380,2025-07-11,2025,2025-07,Q3,Pacífica,Buenaventura,Marketplace,PyME,Headset Pro,Audio,Valentina Rojas,4,499000,10,1996000,199600,1796400,297000,1188000,608400,33.87,Entregado,Tarjeta crédito,4,1,No,No
ORD-00381,2025-12-02,2025,2025-12,Q4,Pacífica,Popayán,Tienda física,Emprendedor,Mouse Inalámbrico,Accesorios,Laura Gómez,3,202000,0,606000,0,606000,89000,267000,339000,55.94,Procesando,Tarjeta débito,5,2,No,No
ORD-00382,2025-04-08,2025,2025-04,Q2,Caribe,Montería,Tienda física,Consumidor,Escritorio Ajustable,Mobiliario,Juan Castro,1,2100000,8,2100000,168000,1932000,1408000,1408000,524000,27.12,Procesando,Tarjeta crédito,5,1,No,No
ORD-00383,2025-09-18,2025,2025-09,Q3,Amazonía,Florencia,Ventas corporativas,Corporativo,Monitor 27,Tecnología,Sofía Herrera,16,1162000,20,18592000,3718400,14873600,787000,12592000,2281600,15.34,Procesando,Tarjeta crédito,5,1,No,Sí
ORD-00384,2025-12-20,2025,2025-12,Q4,Caribe,Santa Marta,Web,Corporativo,Audífonos Bluetooth,Audio,Valentina Rojas,2,428000,5,856000,42800,813200,210000,420000,393200,48.35,En tránsito,Tarjeta débito,3,1,No,Sí
ORD-00385,2026-06-12,2026,2026-06,Q2,Pacífica,Buenaventura,Web,PyME,Laptop Pro 14,Tecnología,Ana Torres,1,4986000,10,4986000,498600,4487400,3581000,3581000,906400,20.2,En tránsito,Transferencia,5,3,No,No
ORD-00386,2026-07-04,2026,2026-07,Q3,Pacífica,Quibdó,Tienda física,Emprendedor,Dock USB-C,Accesorios,Diego Martínez,2,410000,5,820000,41000,779000,245000,490000,289000,37.1,En tránsito,Efectivo,4,4,No,Sí
ORD-00387,2026-08-06,2026,2026-08,Q3,Caribe,Santa Marta,Ventas corporativas,PyME,Laptop Pro 14,Tecnología,Sofía Herrera,9,4464000,0,40176000,0,40176000,3579000,32211000,7965000,19.83,Cancelado,Transferencia,,,No,No
ORD-00388,2025-06-19,2025,2025-06,Q2,Orinoquía,Villavicencio,Tienda física,Emprendedor,Monitor 24,Tecnología,Sofía Herrera,4,827000,20,3308000,661600,2646400,494000,1976000,670400,25.33,Cancelado,Efectivo,,,No,Sí
ORD-00389,2024-12-17,2024,2024-12,Q4,Caribe,Barranquilla,Tienda física,PyME,Webcam HD,Accesorios,Laura Gómez,6,302000,8,1812000,144960,1667040,144000,864000,803040,48.17,Entregado,Efectivo,5,5,No,No
ORD-00390,2026-01-14,2026,2026-01,Q1,Pacífica,Pasto,Tienda física,Corporativo,Laptop Pro 14,Tecnología,Sofía Herrera,3,4800000,8,14400000,1152000,13248000,3641000,10923000,2325000,17.55,Entregado,PSE,5,3,No,Sí
ORD-00391,2024-10-14,2024,2024-10,Q4,Andina,Bucaramanga,Marketplace,Corporativo,Laptop Pro 14,Tecnología,Ana Torres,3,4608000,15,13824000,2073600,11750400,3670000,11010000,740400,6.3,Cancelado,PSE,,,No,No
ORD-00392,2024-08-29,2024,2024-08,Q3,Caribe,Valledupar,Web,Corporativo,Laptop Pro 14,Tecnología,Valentina Rojas,1,4704000,0,4704000,0,4704000,3740000,3740000,964000,20.49,Entregado,Tarjeta débito,5,5,No,No
ORD-00393,2026-01-13,2026,2026-01,Q1,Caribe,Cartagena,Marketplace,Consumidor,Escritorio Ajustable,Mobiliario,Diego Martínez,2,2016000,8,4032000,322560,3709440,1470000,2940000,769440,20.74,Entregado,Transferencia,4,1,Sí,No
ORD-00394,2025-02-03,2025,2025-02,Q1,Caribe,Cartagena,Ventas corporativas,PyME,Silla Ergonómica,Mobiliario,Juan Castro,11,1348000,5,14828000,741400,14086600,922000,10142000,3944600,28.0,Procesando,Transferencia,5,4,No,No
ORD-00395,2025-10-29,2025,2025-10,Q4,Pacífica,Pasto,Web,Consumidor,Teclado Mecánico,Accesorios,Diego Martínez,1,314000,8,314000,25120,288880,175000,175000,113880,39.42,Cancelado,Efectivo,,,No,No
ORD-00396,2025-12-07,2025,2025-12,Q4,Amazonía,Florencia,Web,PyME,Silla Ergonómica,Mobiliario,Diego Martínez,1,1592000,0,1592000,0,1592000,931000,931000,661000,41.52,Procesando,Tarjeta crédito,3,3,No,Sí
ORD-00397,2024-04-04,2024,2024-04,Q2,Andina,Pereira,Ventas corporativas,Corporativo,Headset Pro,Audio,Ana Torres,16,484000,8,7744000,619520,7124480,294000,4704000,2420480,33.97,Entregado,Tarjeta crédito,5,4,No,No
ORD-00398,2024-09-16,2024,2024-09,Q3,Andina,Bogotá,Tienda física,Consumidor,Headset Pro,Audio,Juan Castro,10,520000,10,5200000,520000,4680000,293000,2930000,1750000,37.39,Cancelado,PSE,,,No,Sí
ORD-00399,2024-03-16,2024,2024-03,Q1,Andina,Bogotá,Web,PyME,Dock USB-C,Accesorios,Andrés Moreno,10,402000,3,4020000,120600,3899400,245000,2450000,1449400,37.17,Entregado,Tarjeta crédito,4,7,No,Sí
ORD-00400,2026-02-26,2026,2026-02,Q1,Caribe,Valledupar,Web,Corporativo,Headset Pro,Audio,Andrés Moreno,2,510000,3,1020000,30600,989400,275000,550000,439400,44.41,Entregado,Tarjeta débito,4,3,No,No
ORD-00401,2024-01-01,2024,2024-01,Q1,Orinoquía,Arauca,Web,Corporativo,Dock USB-C,Accesorios,Carlos Ruiz,4,402000,15,1608000,241200,1366800,239000,956000,410800,30.06,Procesando,Efectivo,5,5,No,Sí
ORD-00402,2025-01-28,2025,2025-01,Q1,Amazonía,Florencia,Tienda física,Consumidor,Laptop Air 13,Tecnología,Carlos Ruiz,8,3500000,5,28000000,1400000,26600000,2673000,21384000,5216000,19.61,En tránsito,PSE,2,1,No,No
ORD-00403,2026-09-10,2026,2026-09,Q3,Andina,Manizales,Tienda física,Corporativo,Teclado Mecánico,Accesorios,Andrés Moreno,1,320000,0,320000,0,320000,175000,175000,145000,45.31,Entregado,Tarjeta débito,4,5,No,Sí
ORD-00404,2024-07-16,2024,2024-07,Q3,Andina,Pereira,Tienda física,Consumidor,Monitor 24,Tecnología,Laura Gómez,1,780000,5,780000,39000,741000,505000,505000,236000,31.85,Procesando,Tarjeta crédito,5,5,No,No
ORD-00405,2024-12-11,2024,2024-12,Q4,Pacífica,Cali,Web,Consumidor,Dock USB-C,Accesorios,Ana Torres,5,450000,8,2250000,180000,2070000,236000,1180000,890000,43.0,Cancelado,Efectivo,,,No,Sí
ORD-00406,2024-03-14,2024,2024-03,Q1,Andina,Medellín,Marketplace,Emprendedor,Webcam HD,Accesorios,Laura Gómez,2,259000,15,518000,77700,440300,140000,280000,160300,36.41,Cancelado,Tarjeta débito,,,No,No
ORD-00407,2026-07-15,2026,2026-07,Q3,Andina,Bogotá,Tienda física,Corporativo,Webcam HD,Accesorios,Valentina Rojas,5,270000,0,1350000,0,1350000,151000,755000,595000,44.07,Entregado,PSE,5,4,No,Sí
ORD-00408,2025-12-01,2025,2025-12,Q4,Caribe,Cartagena,Marketplace,Consumidor,Mouse Inalámbrico,Accesorios,Ana Torres,4,194000,10,776000,77600,698400,87000,348000,350400,50.17,Entregado,PSE,4,6,No,No
ORD-00409,2025-03-25,2025,2025-03,Q1,Andina,Pereira,Web,PyME,Laptop Pro 14,Tecnología,Sofía Herrera,4,4704000,8,18816000,1505280,17310720,3542000,14168000,3142720,18.15,Entregado,Transferencia,4,5,Sí,No
ORD-00410,2026-03-22,2026,2026-03,Q1,Pacífica,Buenaventura,Web,PyME,Monitor 24,Tecnología,Andrés Moreno,1,764000,5,764000,38200,725800,502000,502000,223800,30.83,Entregado,Efectivo,2,4,No,No
ORD-00411,2025-10-04,2025,2025-10,Q4,Pacífica,Pasto,Web,Corporativo,Mouse Inalámbrico,Accesorios,Diego Martínez,3,176000,0,528000,0,528000,90000,270000,258000,48.86,Entregado,PSE,5,6,No,Sí
ORD-00412,2024-04-25,2024,2024-04,Q2,Pacífica,Popayán,Web,Emprendedor,Webcam HD,Accesorios,Andrés Moreno,3,265000,0,795000,0,795000,149000,447000,348000,43.77,Entregado,Tarjeta crédito,4,4,No,Sí
ORD-00413,2024-02-23,2024,2024-02,Q1,Orinoquía,Villavicencio,Marketplace,Corporativo,Monitor 27,Tecnología,Juan Castro,2,1200000,0,2400000,0,2400000,861000,1722000,678000,28.25,Cancelado,Transferencia,,,No,Sí
ORD-00414,2025-11-24,2025,2025-11,Q4,Orinoquía,Villavicencio,Web,PyME,Laptop Air 13,Tecnología,Valentina Rojas,1,3842000,10,3842000,384200,3457800,2722000,2722000,735800,21.28,En tránsito,Tarjeta débito,5,6,No,Sí
ORD-00415,2025-09-16,2025,2025-09,Q3,Caribe,Montería,Web,Emprendedor,Mouse Inalámbrico,Accesorios,Sofía Herrera,4,176000,8,704000,56320,647680,90000,360000,287680,44.42,Entregado,Tarjeta débito,2,5,No,Sí
ORD-00416,2025-04-21,2025,2025-04,Q2,Caribe,Cartagena,Web,PyME,Mouse Inalámbrico,Accesorios,Valentina Rojas,1,176000,0,176000,0,176000,88000,88000,88000,50.0,Procesando,Efectivo,5,2,No,No
ORD-00417,2024-08-09,2024,2024-08,Q3,Caribe,Montería,Web,Consumidor,Teclado Mecánico,Accesorios,Ana Torres,2,314000,15,628000,94200,533800,172000,344000,189800,35.56,En tránsito,Efectivo,5,3,No,No
ORD-00418,2025-03-03,2025,2025-03,Q1,Amazonía,Leticia,Marketplace,Consumidor,Webcam HD,Accesorios,Andrés Moreno,2,259000,5,518000,25900,492100,145000,290000,202100,41.07,Cancelado,Transferencia,,,No,Sí
ORD-00419,2025-07-25,2025,2025-07,Q3,Pacífica,Popayán,Web,Emprendedor,Monitor 24,Tecnología,Laura Gómez,1,764000,8,764000,61120,702880,494000,494000,208880,29.72,En tránsito,Transferencia,5,5,No,No
ORD-00420,2024-05-21,2024,2024-05,Q2,Orinoquía,Yopal,Marketplace,PyME,Monitor 27,Tecnología,Juan Castro,2,1272000,5,2544000,127200,2416800,839000,1678000,738800,30.57,Cancelado,Efectivo,,,No,Sí
ORD-00421,2025-03-12,2025,2025-03,Q1,Pacífica,Quibdó,Tienda física,Consumidor,Silla Ergonómica,Mobiliario,Juan Castro,1,1450000,8,1450000,116000,1334000,951000,951000,383000,28.71,Entregado,Tarjeta crédito,2,5,No,Sí
ORD-00422,2025-01-09,2025,2025-01,Q1,Caribe,Barranquilla,Web,Consumidor,Mouse Inalámbrico,Accesorios,Diego Martínez,3,176000,8,528000,42240,485760,86000,258000,227760,46.89,Entregado,Tarjeta débito,4,2,No,No
ORD-00423,2026-07-08,2026,2026-07,Q3,Andina,Manizales,Web,Consumidor,Teclado Mecánico,Accesorios,Sofía Herrera,2,314000,5,628000,31400,596600,177000,354000,242600,40.66,Entregado,Transferencia,4,4,No,No
ORD-00424,2026-03-30,2026,2026-03,Q1,Pacífica,Cali,Ventas corporativas,Consumidor,Monitor 24,Tecnología,Laura Gómez,4,725000,5,2900000,145000,2755000,499000,1996000,759000,27.55,Entregado,PSE,4,3,No,No
ORD-00425,2025-11-29,2025,2025-11,Q4,Caribe,Cartagena,Web,Consumidor,Webcam HD,Accesorios,Juan Castro,2,296000,8,592000,47360,544640,143000,286000,258640,47.49,Entregado,Transferencia,5,2,Sí,No
ORD-00426,2025-11-02,2025,2025-11,Q4,Caribe,Santa Marta,Tienda física,PyME,Webcam HD,Accesorios,Juan Castro,3,302000,10,906000,90600,815400,146000,438000,377400,46.28,Entregado,PSE,5,2,No,No
ORD-00427,2024-02-18,2024,2024-02,Q1,Andina,Bucaramanga,Ventas corporativas,Emprendedor,Webcam HD,Accesorios,Ana Torres,7,251000,10,1757000,175700,1581300,143000,1001000,580300,36.7,Entregado,Tarjeta débito,5,6,No,Sí
ORD-00428,2024-02-12,2024,2024-02,Q1,Amazonía,Mocoa,Tienda física,Corporativo,Monitor 27,Tecnología,Juan Castro,2,1250000,0,2500000,0,2500000,845000,1690000,810000,32.4,Cancelado,Tarjeta débito,,,No,No
ORD-00429,2025-07-06,2025,2025-07,Q3,Amazonía,Mocoa,Web,Emprendedor,Teclado Mecánico,Accesorios,Juan Castro,1,314000,15,314000,47100,266900,181000,181000,85900,32.18,En tránsito,PSE,5,7,No,No
ORD-00430,2024-10-23,2024,2024-10,Q4,Amazonía,Mocoa,Web,PyME,Headset Pro,Audio,Andrés Moreno,3,510000,15,1530000,229500,1300500,286000,858000,442500,34.03,Cancelado,Tarjeta crédito,,,No,Sí
ORD-00431,2025-07-18,2025,2025-07,Q3,Andina,Bogotá,Tienda física,Emprendedor,Dock USB-C,Accesorios,Diego Martínez,1,410000,5,410000,20500,389500,233000,233000,156500,40.18,Procesando,PSE,5,7,No,Sí
ORD-00432,2024-03-26,2024,2024-03,Q1,Caribe,Montería,Marketplace,Corporativo,Headset Pro,Audio,Valentina Rojas,1,499000,5,499000,24950,474050,279000,279000,195050,41.15,Entregado,PSE,4,6,No,No
ORD-00433,2024-01-13,2024,2024-01,Q1,Andina,Bucaramanga,Ventas corporativas,Consumidor,Teclado Mecánico,Accesorios,Andrés Moreno,8,298000,0,2384000,0,2384000,184000,1472000,912000,38.26,Cancelado,PSE,,,No,Sí
ORD-00434,2026-01-15,2026,2026-01,Q1,Amazonía,Florencia,Ventas corporativas,Consumidor,Audífonos Bluetooth,Audio,Carlos Ruiz,16,363000,8,5808000,464640,5343360,200000,3200000,2143360,40.11,Entregado,Efectivo,5,4,No,No
ORD-00435,2024-03-31,2024,2024-03,Q1,Andina,Bucaramanga,Web,Consumidor,Dock USB-C,Accesorios,Sofía Herrera,2,402000,5,804000,40200,763800,247000,494000,269800,35.32,Entregado,Transferencia,4,4,No,No
ORD-00436,2025-04-19,2025,2025-04,Q2,Andina,Bogotá,Web,Emprendedor,Monitor 27,Tecnología,Sofía Herrera,8,1225000,10,9800000,980000,8820000,826000,6608000,2212000,25.08,Cancelado,Transferencia,,,No,Sí
ORD-00437,2026-07-17,2026,2026-07,Q3,Pacífica,Buenaventura,Web,Corporativo,Laptop Pro 14,Tecnología,Andrés Moreno,1,4704000,20,4704000,940800,3763200,3432000,3432000,331200,8.8,Cancelado,Efectivo,,,No,No
ORD-00438,2024-09-21,2024,2024-09,Q3,Caribe,Montería,Marketplace,Corporativo,Audífonos Bluetooth,Audio,Ana Torres,2,374000,10,748000,74800,673200,197000,394000,279200,41.47,Entregado,PSE,2,3,No,Sí
ORD-00439,2024-10-06,2024,2024-10,Q4,Andina,Bucaramanga,Web,PyME,Laptop Pro 14,Tecnología,Carlos Ruiz,2,4704000,15,9408000,1411200,7996800,3590000,7180000,816800,10.21,Cancelado,Efectivo,,,No,No
ORD-00440,2025-07-10,2025,2025-07,Q3,Andina,Bucaramanga,Marketplace,Corporativo,Headset Pro,Audio,Juan Castro,1,499000,8,499000,39920,459080,284000,284000,175080,38.14,Procesando,Transferencia,5,3,No,No
ORD-00441,2026-08-01,2026,2026-08,Q3,Orinoquía,Villavicencio,Web,Consumidor,Monitor 24,Tecnología,Carlos Ruiz,1,764000,0,764000,0,764000,535000,535000,229000,29.97,Procesando,Transferencia,5,4,No,No
ORD-00442,2024-03-19,2024,2024-03,Q1,Andina,Medellín,Tienda física,Corporativo,Laptop Pro 14,Tecnología,Carlos Ruiz,2,4800000,5,9600000,480000,9120000,3698000,7396000,1724000,18.9,Procesando,Tarjeta débito,4,4,No,Sí
ORD-00443,2025-12-11,2025,2025-12,Q4,Andina,Medellín,Web,Consumidor,Teclado Mecánico,Accesorios,Laura Gómez,1,351000,0,351000,0,351000,180000,180000,171000,48.72,Entregado,Tarjeta débito,5,4,No,Sí
ORD-00444,2026-03-23,2026,2026-03,Q1,Caribe,Valledupar,Tienda física,Consumidor,Laptop Pro 14,Tecnología,Ana Torres,6,4800000,0,28800000,0,28800000,3515000,21090000,7710000,26.77,Entregado,PSE,5,4,No,Sí
ORD-00445,2024-05-29,2024,2024-05,Q2,Pacífica,Pasto,Web,Consumidor,Escritorio Ajustable,Mobiliario,Laura Gómez,1,2181000,5,2181000,109050,2071950,1467000,1467000,604950,29.2,Entregado,Efectivo,3,4,No,Sí
ORD-00446,2024-07-15,2024,2024-07,Q3,Amazonía,Leticia,Web,Corporativo,Silla Ergonómica,Mobiliario,Ana Torres,4,1421000,15,5684000,852600,4831400,978000,3912000,919400,19.03,Cancelado,Transferencia,,,No,No
ORD-00447,2024-04-19,2024,2024-04,Q2,Andina,Bucaramanga,Tienda física,Emprendedor,Dock USB-C,Accesorios,Laura Gómez,2,410000,5,820000,41000,779000,243000,486000,293000,37.61,Entregado,Tarjeta crédito,3,5,No,No
ORD-00448,2024-04-28,2024,2024-04,Q2,Andina,Manizales,Marketplace,Consumidor,Escritorio Ajustable,Mobiliario,Diego Martínez,3,2016000,10,6048000,604800,5443200,1395000,4185000,1258200,23.12,En tránsito,Tarjeta crédito,4,6,No,No
ORD-00449,2026-04-01,2026,2026-04,Q2,Caribe,Santa Marta,Web,Corporativo,Monitor 27,Tecnología,Carlos Ruiz,3,1225000,8,3675000,294000,3381000,820000,2460000,921000,27.24,Procesando,Tarjeta débito,5,5,No,Sí
ORD-00450,2026-09-25,2026,2026-09,Q3,Andina,Medellín,Marketplace,Emprendedor,Escritorio Ajustable,Mobiliario,Sofía Herrera,2,2016000,3,4032000,120960,3911040,1424000,2848000,1063040,27.18,En tránsito,Transferencia,4,4,No,No
ORD-00451,2025-11-13,2025,2025-11,Q4,Caribe,Montería,Tienda física,PyME,Webcam HD,Accesorios,Laura Gómez,1,302000,5,302000,15100,286900,141000,141000,145900,50.85,En tránsito,Tarjeta crédito,4,3,No,No
ORD-00452,2024-01-28,2024,2024-01,Q1,Amazonía,Florencia,Marketplace,Corporativo,Escritorio Ajustable,Mobiliario,Andrés Moreno,1,2016000,8,2016000,161280,1854720,1377000,1377000,477720,25.76,Entregado,Tarjeta débito,4,3,No,Sí
ORD-00453,2025-05-24,2025,2025-05,Q2,Caribe,Santa Marta,Web,Consumidor,Silla Ergonómica,Mobiliario,Andrés Moreno,5,1506000,5,7530000,376500,7153500,981000,4905000,2248500,31.43,Entregado,Transferencia,5,6,No,Sí
ORD-00454,2024-06-30,2024,2024-06,Q2,Caribe,Santa Marta,Web,Emprendedor,Audífonos Bluetooth,Audio,Andrés Moreno,2,405000,3,810000,24300,785700,205000,410000,375700,47.82,Entregado,Transferencia,4,6,No,No
ORD-00455,2024-06-09,2024,2024-06,Q2,Caribe,Montería,Tienda física,Corporativo,Teclado Mecánico,Accesorios,Laura Gómez,10,339000,8,3390000,271200,3118800,174000,1740000,1378800,44.21,Entregado,PSE,2,6,No,No
ORD-00456,2025-03-14,2025,2025-03,Q1,Andina,Bucaramanga,Web,Emprendedor,Dock USB-C,Accesorios,Sofía Herrera,3,402000,3,1206000,36180,1169820,241000,723000,446820,38.2,Procesando,Tarjeta crédito,3,5,No,No
ORD-00457,2024-01-21,2024,2024-01,Q1,Caribe,Barranquilla,Marketplace,Corporativo,Webcam HD,Accesorios,Carlos Ruiz,2,259000,5,518000,25900,492100,145000,290000,202100,41.07,Entregado,Transferencia,5,5,No,Sí
ORD-00458,2025-11-22,2025,2025-11,Q4,Andina,Manizales,Marketplace,Emprendedor,Silla Ergonómica,Mobiliario,Carlos Ruiz,3,1559000,0,4677000,0,4677000,921000,2763000,1914000,40.92,En tránsito,Efectivo,4,3,No,Sí
ORD-00459,2024-09-28,2024,2024-09,Q3,Andina,Pereira,Marketplace,Consumidor,Dock USB-C,Accesorios,Andrés Moreno,3,394000,15,1182000,177300,1004700,242000,726000,278700,27.74,Procesando,Transferencia,3,3,No,Sí
ORD-00460,2026-03-25,2026,2026-03,Q1,Andina,Bucaramanga,Marketplace,Corporativo,Silla Ergonómica,Mobiliario,Ana Torres,2,1392000,5,2784000,139200,2644800,911000,1822000,822800,31.11,En tránsito,Tarjeta crédito,4,4,No,No
ORD-00461,2025-06-12,2025,2025-06,Q2,Orinoquía,Arauca,Web,Emprendedor,Webcam HD,Accesorios,Valentina Rojas,10,280000,10,2800000,280000,2520000,146000,1460000,1060000,42.06,Cancelado,Efectivo,,,No,No
ORD-00462,2024-03-02,2024,2024-03,Q1,Caribe,Santa Marta,Web,Emprendedor,Webcam HD,Accesorios,Valentina Rojas,1,265000,8,265000,21200,243800,144000,144000,99800,40.94,En tránsito,PSE,4,7,No,No
ORD-00463,2025-10-23,2025,2025-10,Q4,Andina,Pereira,Web,Corporativo,Monitor 24,Tecnología,Laura Gómez,1,764000,0,764000,0,764000,502000,502000,262000,34.29,Entregado,Tarjeta débito,5,1,No,Sí
ORD-00464,2024-05-19,2024,2024-05,Q2,Andina,Bucaramanga,Tienda física,PyME,Headset Pro,Audio,Valentina Rojas,3,551000,0,1653000,0,1653000,294000,882000,771000,46.64,Entregado,PSE,5,3,No,No
ORD-00465,2026-06-25,2026,2026-06,Q2,Andina,Medellín,Web,Consumidor,Monitor 24,Tecnología,Sofía Herrera,4,810000,15,3240000,486000,2754000,516000,2064000,690000,25.05,Procesando,Transferencia,5,6,No,No
ORD-00466,2024-08-31,2024,2024-08,Q3,Caribe,Santa Marta,Marketplace,PyME,Mouse Inalámbrico,Accesorios,Valentina Rojas,4,173000,10,692000,69200,622800,88000,352000,270800,43.48,En tránsito,PSE,4,4,No,No
ORD-00467,2024-02-27,2024,2024-02,Q1,Caribe,Santa Marta,Ventas corporativas,Corporativo,Audífonos Bluetooth,Audio,Juan Castro,12,363000,5,4356000,217800,4138200,202000,2424000,1714200,41.42,Entregado,PSE,5,4,No,Sí
ORD-00468,2026-09-17,2026,2026-09,Q3,Orinoquía,Villavicencio,Marketplace,Consumidor,Audífonos Bluetooth,Audio,Carlos Ruiz,8,374000,8,2992000,239360,2752640,213000,1704000,1048640,38.1,Entregado,Efectivo,4,1,No,No
ORD-00469,2026-05-28,2026,2026-05,Q2,Caribe,Barranquilla,Ventas corporativas,PyME,Dock USB-C,Accesorios,Andrés Moreno,12,404000,0,4848000,0,4848000,245000,2940000,1908000,39.36,Entregado,PSE,5,1,No,No
ORD-00470,2026-02-24,2026,2026-02,Q1,Caribe,Barranquilla,Ventas corporativas,Emprendedor,Teclado Mecánico,Accesorios,Carlos Ruiz,15,298000,5,4470000,223500,4246500,175000,2625000,1621500,38.18,Entregado,PSE,5,5,No,No
ORD-00471,2026-01-16,2026,2026-01,Q1,Pacífica,Pasto,Marketplace,PyME,Webcam HD,Accesorios,Valentina Rojas,4,259000,8,1036000,82880,953120,142000,568000,385120,40.41,En tránsito,Tarjeta débito,5,1,No,No
ORD-00472,2024-11-17,2024,2024-11,Q4,Caribe,Barranquilla,Web,Corporativo,Monitor 27,Tecnología,Ana Torres,4,1372000,10,5488000,548800,4939200,840000,3360000,1579200,31.97,Entregado,PSE,5,5,No,Sí
ORD-00473,2025-08-30,2025,2025-08,Q3,Pacífica,Pasto,Web,Consumidor,Monitor 24,Tecnología,Diego Martínez,2,764000,5,1528000,76400,1451600,509000,1018000,433600,29.87,Procesando,Tarjeta crédito,4,3,No,No
ORD-00474,2024-07-22,2024,2024-07,Q3,Andina,Medellín,Web,Consumidor,Laptop Pro 14,Tecnología,Andrés Moreno,2,4704000,3,9408000,282240,9125760,3440000,6880000,2245760,24.61,Entregado,Transferencia,5,6,No,Sí
ORD-00475,2025-12-31,2025,2025-12,Q4,Andina,Bucaramanga,Marketplace,Emprendedor,Teclado Mecánico,Accesorios,Valentina Rojas,2,344000,5,688000,34400,653600,172000,344000,309600,47.37,Entregado,Tarjeta débito,4,3,No,No
ORD-00476,2024-05-29,2024,2024-05,Q2,Andina,Bucaramanga,Tienda física,Consumidor,Monitor 24,Tecnología,Valentina Rojas,6,827000,5,4962000,248100,4713900,524000,3144000,1569900,33.3,En tránsito,Tarjeta débito,3,1,No,No
ORD-00477,2025-12-26,2025,2025-12,Q4,Caribe,Valledupar,Web,Consumidor,Teclado Mecánico,Accesorios,Laura Gómez,3,351000,0,1053000,0,1053000,184000,552000,501000,47.58,En tránsito,Tarjeta crédito,5,5,No,Sí
ORD-00478,2025-09-26,2025,2025-09,Q3,Andina,Manizales,Web,PyME,Headset Pro,Audio,Valentina Rojas,10,510000,5,5100000,255000,4845000,290000,2900000,1945000,40.14,Entregado,Tarjeta débito,4,3,No,Sí
ORD-00479,2024-11-16,2024,2024-11,Q4,Andina,Medellín,Ventas corporativas,PyME,Webcam HD,Accesorios,Juan Castro,11,281000,15,3091000,463650,2627350,143000,1573000,1054350,40.13,Entregado,Transferencia,5,5,No,No
ORD-00480,2024-11-19,2024,2024-11,Q4,Pacífica,Popayán,Tienda física,Emprendedor,Monitor 27,Tecnología,Valentina Rojas,8,1400000,8,11200000,896000,10304000,823000,6584000,3720000,36.1,Entregado,Tarjeta crédito,4,5,No,No
ORD-00481,2026-08-07,2026,2026-08,Q3,Caribe,Montería,Ventas corporativas,Consumidor,Mouse Inalámbrico,Accesorios,Ana Torres,13,167000,5,2171000,108550,2062450,89000,1157000,905450,43.9,Entregado,Tarjeta débito,3,4,No,No
ORD-00482,2026-04-22,2026,2026-04,Q2,Andina,Pereira,Tienda física,PyME,Monitor 24,Tecnología,Juan Castro,10,780000,5,7800000,390000,7410000,519000,5190000,2220000,29.96,En tránsito,Tarjeta crédito,5,3,No,Sí
ORD-00483,2025-11-27,2025,2025-11,Q4,Andina,Bucaramanga,Ventas corporativas,Emprendedor,Escritorio Ajustable,Mobiliario,Andrés Moreno,7,2187000,0,15309000,0,15309000,1375000,9625000,5684000,37.13,Cancelado,PSE,,,No,No
ORD-00484,2024-01-06,2024,2024-01,Q1,Andina,Bogotá,Tienda física,Consumidor,Headset Pro,Audio,Sofía Herrera,2,520000,15,1040000,156000,884000,302000,604000,280000,31.67,Procesando,PSE,3,5,No,No
ORD-00485,2026-01-31,2026,2026-01,Q1,Andina,Pereira,Web,Consumidor,Dock USB-C,Accesorios,Sofía Herrera,1,402000,3,402000,12060,389940,244000,244000,145940,37.43,En tránsito,Tarjeta débito,3,5,No,Sí
ORD-00486,2025-05-17,2025,2025-05,Q2,Pacífica,Pasto,Tienda física,Corporativo,Headset Pro,Audio,Valentina Rojas,2,551000,0,1102000,0,1102000,284000,568000,534000,48.46,Entregado,Tarjeta crédito,5,2,No,No
ORD-00487,2026-04-10,2026,2026-04,Q2,Andina,Medellín,Tienda física,PyME,Dock USB-C,Accesorios,Ana Torres,1,410000,5,410000,20500,389500,248000,248000,141500,36.33,Cancelado,Transferencia,,,No,No
ORD-00488,2025-10-24,2025,2025-10,Q4,Caribe,Santa Marta,Tienda física,Emprendedor,Webcam HD,Accesorios,Carlos Ruiz,6,270000,5,1620000,81000,1539000,141000,846000,693000,45.03,Entregado,Tarjeta crédito,4,3,No,No
ORD-00489,2025-06-06,2025,2025-06,Q2,Caribe,Barranquilla,Marketplace,Consumidor,Webcam HD,Accesorios,Andrés Moreno,3,275000,3,825000,24750,800250,143000,429000,371250,46.39,Entregado,Tarjeta débito,1,5,No,No
ORD-00490,2026-05-13,2026,2026-05,Q2,Andina,Bogotá,Ventas corporativas,Consumidor,Dock USB-C,Accesorios,Ana Torres,16,404000,10,6464000,646400,5817600,243000,3888000,1929600,33.17,En tránsito,Tarjeta débito,5,3,No,Sí
ORD-00491,2026-02-03,2026,2026-02,Q1,Amazonía,Florencia,Web,Corporativo,Headset Pro,Audio,Andrés Moreno,2,510000,0,1020000,0,1020000,277000,554000,466000,45.69,Entregado,PSE,4,9,No,No
ORD-00492,2026-09-24,2026,2026-09,Q3,Caribe,Montería,Web,Consumidor,Teclado Mecánico,Accesorios,Laura Gómez,1,314000,0,314000,0,314000,182000,182000,132000,42.04,Cancelado,Tarjeta débito,,,No,No
ORD-00493,2024-05-28,2024,2024-05,Q2,Caribe,Montería,Ventas corporativas,Consumidor,Headset Pro,Audio,Andrés Moreno,4,513000,3,2052000,61560,1990440,287000,1148000,842440,42.32,En tránsito,Transferencia,4,6,No,No
ORD-00494,2026-05-30,2026,2026-05,Q2,Caribe,Cartagena,Web,Consumidor,Monitor 24,Tecnología,Andrés Moreno,5,810000,5,4050000,202500,3847500,507000,2535000,1312500,34.11,Entregado,Efectivo,5,7,No,No
ORD-00495,2025-07-21,2025,2025-07,Q3,Amazonía,Leticia,Web,Emprendedor,Webcam HD,Accesorios,Carlos Ruiz,2,265000,10,530000,53000,477000,153000,306000,171000,35.85,En tránsito,PSE,4,5,No,No
ORD-00496,2025-03-03,2025,2025-03,Q1,Orinoquía,Villavicencio,Tienda física,Corporativo,Webcam HD,Accesorios,Diego Martínez,3,270000,5,810000,40500,769500,146000,438000,331500,43.08,Entregado,Efectivo,4,3,No,Sí
ORD-00497,2026-07-19,2026,2026-07,Q3,Pacífica,Quibdó,Marketplace,Consumidor,Audífonos Bluetooth,Audio,Ana Torres,1,374000,3,374000,11220,362780,211000,211000,151780,41.84,En tránsito,Efectivo,5,2,No,Sí
ORD-00498,2025-12-08,2025,2025-12,Q4,Pacífica,Popayán,Web,PyME,Monitor 27,Tecnología,Laura Gómez,1,1372000,5,1372000,68600,1303400,852000,852000,451400,34.63,En tránsito,Tarjeta crédito,4,2,No,No
ORD-00499,2024-09-24,2024,2024-09,Q3,Andina,Medellín,Marketplace,Corporativo,Monitor 27,Tecnología,Juan Castro,6,1200000,0,7200000,0,7200000,792000,4752000,2448000,34.0,En tránsito,PSE,3,4,No,No
ORD-00500,2026-02-27,2026,2026-02,Q1,Orinoquía,Yopal,Ventas corporativas,Consumidor,Monitor 27,Tecnología,Carlos Ruiz,21,1162000,8,24402000,1952160,22449840,845000,17745000,4704840,20.96,En tránsito,Tarjeta crédito,5,5,No,No
ORD-00501,2025-09-16,2025,2025-09,Q3,Pacífica,Cali,Web,Consumidor,Silla Ergonómica,Mobiliario,Carlos Ruiz,1,1421000,8,1421000,113680,1307320,974000,974000,333320,25.5,Entregado,Tarjeta débito,4,2,No,No
ORD-00502,2024-12-08,2024,2024-12,Q4,Pacífica,Cali,Tienda física,Corporativo,Monitor 24,Tecnología,Carlos Ruiz,2,874000,10,1748000,174800,1573200,502000,1004000,569200,36.18,En tránsito,PSE,4,4,No,No
ORD-00503,2026-02-11,2026,2026-02,Q1,Andina,Medellín,Marketplace,Consumidor,Monitor 27,Tecnología,Juan Castro,2,1200000,10,2400000,240000,2160000,799000,1598000,562000,26.02,En tránsito,Tarjeta crédito,4,2,No,No
ORD-00504,2026-02-27,2026,2026-02,Q1,Andina,Pereira,Web,Consumidor,Laptop Air 13,Tecnología,Ana Torres,2,3430000,20,6860000,1372000,5488000,2539000,5078000,410000,7.47,Entregado,Efectivo,2,5,No,Sí
ORD-00505,2025-10-08,2025,2025-10,Q4,Amazonía,Mocoa,Ventas corporativas,Consumidor,Silla Ergonómica,Mobiliario,Valentina Rojas,17,1348000,15,22916000,3437400,19478600,960000,16320000,3158600,16.22,Entregado,Transferencia,1,3,No,No
ORD-00506,2026-06-27,2026,2026-06,Q2,Caribe,Valledupar,Tienda física,Emprendedor,Headset Pro,Audio,Valentina Rojas,2,551000,10,1102000,110200,991800,292000,584000,407800,41.12,Entregado,Tarjeta débito,3,5,No,No
ORD-00507,2025-07-07,2025,2025-07,Q3,Andina,Bogotá,Tienda física,Corporativo,Silla Ergonómica,Mobiliario,Valentina Rojas,2,1450000,10,2900000,290000,2610000,908000,1816000,794000,30.42,Entregado,Efectivo,4,3,No,Sí
ORD-00508,2024-03-02,2024,2024-03,Q1,Pacífica,Pasto,Tienda física,Consumidor,Headset Pro,Audio,Andrés Moreno,1,520000,10,520000,52000,468000,300000,300000,168000,35.9,En tránsito,PSE,4,7,No,No
ORD-00509,2026-04-04,2026,2026-04,Q2,Pacífica,Quibdó,Marketplace,Emprendedor,Escritorio Ajustable,Mobiliario,Valentina Rojas,8,2016000,8,16128000,1290240,14837760,1483000,11864000,2973760,20.04,Entregado,Efectivo,4,4,No,No
ORD-00510,2024-04-17,2024,2024-04,Q2,Andina,Pereira,Marketplace,PyME,Monitor 24,Tecnología,Ana Torres,2,749000,0,1498000,0,1498000,526000,1052000,446000,29.77,En tránsito,Transferencia,3,1,No,Sí
ORD-00511,2024-03-20,2024,2024-03,Q1,Andina,Pereira,Tienda física,Consumidor,Dock USB-C,Accesorios,Valentina Rojas,2,410000,5,820000,41000,779000,232000,464000,315000,40.44,En tránsito,Tarjeta débito,5,6,No,Sí
ORD-00512,2024-05-10,2024,2024-05,Q2,Caribe,Montería,Ventas corporativas,PyME,Monitor 27,Tecnología,Juan Castro,17,1232000,0,20944000,0,20944000,805000,13685000,7259000,34.66,En tránsito,Tarjeta crédito,2,3,No,No
ORD-00513,2025-02-22,2025,2025-02,Q1,Andina,Bucaramanga,Web,Emprendedor,Escritorio Ajustable,Mobiliario,Laura Gómez,2,2058000,0,4116000,0,4116000,1406000,2812000,1304000,31.68,Entregado,PSE,4,5,No,No
ORD-00514,2024-08-08,2024,2024-08,Q3,Andina,Manizales,Web,Corporativo,Laptop Pro 14,Tecnología,Juan Castro,2,4704000,15,9408000,1411200,7996800,3556000,7112000,884800,11.06,Procesando,Transferencia,4,3,No,No
ORD-00515,2026-01-07,2026,2026-01,Q1,Pacífica,Buenaventura,Tienda física,Corporativo,Monitor 27,Tecnología,Valentina Rojas,2,1250000,5,2500000,125000,2375000,824000,1648000,727000,30.61,Cancelado,Transferencia,,,No,Sí
ORD-00516,2025-02-08,2025,2025-02,Q1,Andina,Bogotá,Ventas corporativas,Emprendedor,Headset Pro,Audio,Carlos Ruiz,6,484000,10,2904000,290400,2613600,294000,1764000,849600,32.51,Procesando,Tarjeta débito,5,3,No,No
ORD-00517,2025-07-08,2025,2025-07,Q3,Caribe,Barranquilla,Tienda física,Consumidor,Escritorio Ajustable,Mobiliario,Ana Torres,4,2100000,5,8400000,420000,7980000,1366000,5464000,2516000,31.53,Cancelado,Tarjeta crédito,,,No,Sí
ORD-00518,2024-07-29,2024,2024-07,Q3,Andina,Pereira,Web,PyME,Webcam HD,Accesorios,Valentina Rojas,2,265000,3,530000,15900,514100,148000,296000,218100,42.42,En tránsito,Tarjeta débito,5,3,No,No
ORD-00519,2026-05-30,2026,2026-05,Q2,Caribe,Montería,Web,PyME,Teclado Mecánico,Accesorios,Juan Castro,10,332000,5,3320000,166000,3154000,173000,1730000,1424000,45.15,Entregado,Tarjeta débito,3,4,No,Sí
ORD-00520,2024-02-29,2024,2024-02,Q1,Andina,Bogotá,Web,Emprendedor,Mouse Inalámbrico,Accesorios,Diego Martínez,6,176000,3,1056000,31680,1024320,90000,540000,484320,47.28,Entregado,Transferencia,4,6,Sí,No
ORD-00521,2025-05-31,2025,2025-05,Q2,Andina,Bogotá,Web,Emprendedor,Teclado Mecánico,Accesorios,Carlos Ruiz,2,332000,5,664000,33200,630800,176000,352000,278800,44.2,En tránsito,Tarjeta débito,5,5,No,No
ORD-00522,2025-10-29,2025,2025-10,Q4,Pacífica,Pasto,Web,Consumidor,Escritorio Ajustable,Mobiliario,Valentina Rojas,1,2058000,8,2058000,164640,1893360,1392000,1392000,501360,26.48,Entregado,Efectivo,5,4,No,No
ORD-00523,2024-01-02,2024,2024-01,Q1,Pacífica,Quibdó,Marketplace,Emprendedor,Teclado Mecánico,Accesorios,Sofía Herrera,1,307000,0,307000,0,307000,184000,184000,123000,40.07,Entregado,Tarjeta crédito,5,2,No,Sí
ORD-00524,2025-06-30,2025,2025-06,Q2,Caribe,Santa Marta,Web,Corporativo,Laptop Air 13,Tecnología,Juan Castro,1,3636000,0,3636000,0,3636000,2641000,2641000,995000,27.37,Entregado,PSE,4,5,No,No
ORD-00525,2026-09-30,2026,2026-09,Q3,Pacífica,Popayán,Web,Consumidor,Teclado Mecánico,Accesorios,Andrés Moreno,10,314000,5,3140000,157000,2983000,176000,1760000,1223000,41.0,Procesando,Tarjeta crédito,4,5,No,No
ORD-00526,2025-11-19,2025,2025-11,Q4,Andina,Pereira,Marketplace,Emprendedor,Audífonos Bluetooth,Audio,Laura Gómez,4,419000,5,1676000,83800,1592200,213000,852000,740200,46.49,Cancelado,Transferencia,,,No,No
ORD-00527,2024-12-27,2024,2024-12,Q4,Amazonía,Florencia,Web,PyME,Escritorio Ajustable,Mobiliario,Laura Gómez,1,2305000,10,2305000,230500,2074500,1462000,1462000,612500,29.53,Entregado,Tarjeta débito,4,4,No,No
ORD-00528,2026-02-15,2026,2026-02,Q1,Andina,Bucaramanga,Web,Emprendedor,Monitor 24,Tecnología,Diego Martínez,3,764000,3,2292000,68760,2223240,526000,1578000,645240,29.02,Entregado,Tarjeta crédito,5,6,No,Sí
ORD-00529,2026-04-20,2026,2026-04,Q2,Caribe,Barranquilla,Tienda física,Emprendedor,Teclado Mecánico,Accesorios,Ana Torres,2,320000,5,640000,32000,608000,180000,360000,248000,40.79,Procesando,Tarjeta crédito,5,4,No,No
ORD-00530,2026-02-02,2026,2026-02,Q1,Andina,Bucaramanga,Ventas corporativas,Emprendedor,Escritorio Ajustable,Mobiliario,Sofía Herrera,12,1953000,0,23436000,0,23436000,1459000,17508000,5928000,25.29,Cancelado,Efectivo,,,No,No
ORD-00531,2024-01-03,2024,2024-01,Q1,Orinoquía,Arauca,Ventas corporativas,PyME,Headset Pro,Audio,Diego Martínez,7,484000,5,3388000,169400,3218600,302000,2114000,1104600,34.32,Entregado,Tarjeta crédito,4,1,No,Sí
ORD-00532,2025-03-06,2025,2025-03,Q1,Caribe,Santa Marta,Web,PyME,Laptop Pro 14,Tecnología,Valentina Rojas,2,4704000,15,9408000,1411200,7996800,3695000,7390000,606800,7.59,Cancelado,Tarjeta crédito,,,No,No
ORD-00533,2024-07-20,2024,2024-07,Q3,Andina,Bucaramanga,Tienda física,Consumidor,Laptop Air 13,Tecnología,Sofía Herrera,1,3500000,5,3500000,175000,3325000,2706000,2706000,619000,18.62,Procesando,Tarjeta débito,5,3,No,Sí
ORD-00534,2024-09-01,2024,2024-09,Q3,Amazonía,Leticia,Tienda física,PyME,Mouse Inalámbrico,Accesorios,Laura Gómez,1,180000,0,180000,0,180000,87000,87000,93000,51.67,En tránsito,Tarjeta crédito,5,2,No,No
ORD-00535,2026-06-30,2026,2026-06,Q2,Pacífica,Cali,Web,Emprendedor,Monitor 27,Tecnología,Laura Gómez,5,1298000,0,6490000,0,6490000,837000,4185000,2305000,35.52,En tránsito,PSE,3,3,No,No
ORD-00536,2025-02-15,2025,2025-02,Q1,Andina,Manizales,Ventas corporativas,Consumidor,Monitor 24,Tecnología,Laura Gómez,19,725000,0,13775000,0,13775000,509000,9671000,4104000,29.79,En tránsito,Transferencia,5,2,No,No
ORD-00537,2025-08-24,2025,2025-08,Q3,Andina,Bogotá,Tienda física,Corporativo,Laptop Pro 14,Tecnología,Juan Castro,1,4800000,10,4800000,480000,4320000,3477000,3477000,843000,19.51,Procesando,Transferencia,3,2,No,No
ORD-00538,2025-09-27,2025,2025-09,Q3,Caribe,Cartagena,Marketplace,Consumidor,Monitor 27,Tecnología,Sofía Herrera,1,1200000,3,1200000,36000,1164000,823000,823000,341000,29.3,Cancelado,Efectivo,,,No,No
ORD-00539,2026-03-05,2026,2026-03,Q1,Andina,Manizales,Tienda física,Emprendedor,Teclado Mecánico,Accesorios,Laura Gómez,1,320000,20,320000,64000,256000,177000,177000,79000,30.86,Cancelado,Tarjeta débito,,,No,No
ORD-00540,2026-05-05,2026,2026-05,Q2,Caribe,Barranquilla,Web,Emprendedor,Dock USB-C,Accesorios,Juan Castro,10,426000,8,4260000,340800,3919200,230000,2300000,1619200,41.31,Entregado,Efectivo,5,3,No,No
ORD-00541,2024-12-09,2024,2024-12,Q4,Caribe,Montería,Web,Emprendedor,Mouse Inalámbrico,Accesorios,Andrés Moreno,2,198000,10,396000,39600,356400,82000,164000,192400,53.98,Entregado,Efectivo,5,1,No,Sí
ORD-00542,2025-05-07,2025,2025-05,Q2,Pacífica,Pasto,Web,PyME,Audífonos Bluetooth,Audio,Juan Castro,2,405000,10,810000,81000,729000,197000,394000,335000,45.95,Entregado,Tarjeta crédito,2,5,No,No
ORD-00543,2024-07-22,2024,2024-07,Q3,Andina,Medellín,Ventas corporativas,Consumidor,Monitor 24,Tecnología,Laura Gómez,10,725000,10,7250000,725000,6525000,502000,5020000,1505000,23.07,Entregado,Tarjeta débito,5,4,Sí,No
ORD-00544,2026-03-17,2026,2026-03,Q1,Orinoquía,Yopal,Web,Consumidor,Monitor 24,Tecnología,Carlos Ruiz,1,764000,10,764000,76400,687600,523000,523000,164600,23.94,Procesando,Tarjeta crédito,5,8,No,Sí
ORD-00545,2026-08-04,2026,2026-08,Q3,Andina,Medellín,Tienda física,PyME,Monitor 24,Tecnología,Laura Gómez,3,780000,3,2340000,70200,2269800,512000,1536000,733800,32.33,Cancelado,Efectivo,,,No,No
ORD-00546,2026-05-24,2026,2026-05,Q2,Caribe,Cartagena,Web,Consumidor,Mouse Inalámbrico,Accesorios,Diego Martínez,3,187000,3,561000,16830,544170,83000,249000,295170,54.24,Procesando,Tarjeta crédito,5,4,No,No
ORD-00547,2026-03-20,2026,2026-03,Q1,Pacífica,Cali,Tienda física,Corporativo,Monitor 27,Tecnología,Andrés Moreno,4,1250000,8,5000000,400000,4600000,829000,3316000,1284000,27.91,En tránsito,Transferencia,4,4,No,No
ORD-00548,2025-08-18,2025,2025-08,Q3,Andina,Pereira,Web,Corporativo,Headset Pro,Audio,Valentina Rojas,1,510000,0,510000,0,510000,298000,298000,212000,41.57,En tránsito,Efectivo,4,7,No,Sí
ORD-00549,2026-05-12,2026,2026-05,Q2,Andina,Pereira,Web,Corporativo,Laptop Air 13,Tecnología,Valentina Rojas,1,3636000,5,3636000,181800,3454200,2587000,2587000,867200,25.11,Procesando,Transferencia,2,3,No,No
ORD-00550,2025-05-24,2025,2025-05,Q2,Andina,Manizales,Web,Emprendedor,Laptop Pro 14,Tecnología,Carlos Ruiz,1,4986000,8,4986000,398880,4587120,3535000,3535000,1052120,22.94,Entregado,PSE,4,4,No,No
ORD-00551,2024-04-10,2024,2024-04,Q2,Andina,Bucaramanga,Tienda física,Consumidor,Laptop Pro 14,Tecnología,Sofía Herrera,2,4800000,8,9600000,768000,8832000,3497000,6994000,1838000,20.81,Cancelado,Tarjeta débito,,,No,No
ORD-00552,2024-05-21,2024,2024-05,Q2,Amazonía,Mocoa,Tienda física,Emprendedor,Audífonos Bluetooth,Audio,Andrés Moreno,1,413000,10,413000,41300,371700,203000,203000,168700,45.39,Entregado,Efectivo,4,1,No,No
ORD-00553,2026-09-01,2026,2026-09,Q3,Andina,Manizales,Web,Emprendedor,Monitor 24,Tecnología,Andrés Moreno,4,764000,5,3056000,152800,2903200,516000,2064000,839200,28.91,Procesando,PSE,5,6,No,No
ORD-00554,2024-11-16,2024,2024-11,Q4,Pacífica,Popayán,Web,Consumidor,Audífonos Bluetooth,Audio,Juan Castro,2,428000,10,856000,85600,770400,197000,394000,376400,48.86,Entregado,PSE,3,5,No,Sí
ORD-00555,2025-03-11,2025,2025-03,Q1,Pacífica,Popayán,Tienda física,Corporativo,Audífonos Bluetooth,Audio,Valentina Rojas,2,390000,0,780000,0,780000,213000,426000,354000,45.38,Entregado,Transferencia,5,3,No,Sí
ORD-00556,2025-02-04,2025,2025-02,Q1,Andina,Manizales,Tienda física,Emprendedor,Monitor 24,Tecnología,Andrés Moreno,2,780000,20,1560000,312000,1248000,522000,1044000,204000,16.35,Entregado,Tarjeta crédito,3,3,No,Sí
ORD-00557,2024-03-12,2024,2024-03,Q1,Orinoquía,Yopal,Web,Consumidor,Teclado Mecánico,Accesorios,Valentina Rojas,1,314000,5,314000,15700,298300,176000,176000,122300,41.0,Entregado,Transferencia,3,4,No,Sí
ORD-00558,2024-04-23,2024,2024-04,Q2,Andina,Manizales,Marketplace,Emprendedor,Webcam HD,Accesorios,Sofía Herrera,2,259000,15,518000,77700,440300,142000,284000,156300,35.5,Entregado,Efectivo,5,3,No,Sí
ORD-00559,2026-01-03,2026,2026-01,Q1,Pacífica,Pasto,Web,Consumidor,Monitor 24,Tecnología,Andrés Moreno,1,764000,0,764000,0,764000,510000,510000,254000,33.25,Entregado,Transferencia,5,3,No,No
ORD-00560,2026-01-24,2026,2026-01,Q1,Andina,Manizales,Marketplace,Corporativo,Mouse Inalámbrico,Accesorios,Ana Torres,4,173000,3,692000,20760,671240,87000,348000,323240,48.16,Entregado,Efectivo,3,2,No,Sí
ORD-00561,2025-12-16,2025,2025-12,Q4,Amazonía,Leticia,Web,Emprendedor,Monitor 27,Tecnología,Diego Martínez,3,1372000,3,4116000,123480,3992520,862000,2586000,1406520,35.23,Cancelado,Transferencia,,,No,No
ORD-00562,2026-02-19,2026,2026-02,Q1,Caribe,Santa Marta,Marketplace,Corporativo,Laptop Air 13,Tecnología,Carlos Ruiz,2,3360000,10,6720000,672000,6048000,2603000,5206000,842000,13.92,Entregado,Transferencia,4,2,No,No
ORD-00563,2026-02-02,2026,2026-02,Q1,Andina,Medellín,Web,Consumidor,Dock USB-C,Accesorios,Andrés Moreno,1,402000,8,402000,32160,369840,229000,229000,140840,38.08,Cancelado,Transferencia,,,No,Sí
ORD-00564,2025-07-15,2025,2025-07,Q3,Caribe,Montería,Tienda física,Corporativo,Monitor 27,Tecnología,Carlos Ruiz,1,1250000,0,1250000,0,1250000,856000,856000,394000,31.52,Procesando,Tarjeta crédito,3,3,No,No
ORD-00565,2024-06-06,2024,2024-06,Q2,Caribe,Cartagena,Marketplace,Emprendedor,Monitor 24,Tecnología,Carlos Ruiz,6,794000,5,4764000,238200,4525800,512000,3072000,1453800,32.12,Entregado,Transferencia,5,5,No,No
ORD-00566,2025-03-30,2025,2025-03,Q1,Andina,Bogotá,Marketplace,Consumidor,Laptop Pro 14,Tecnología,Carlos Ruiz,4,4608000,15,18432000,2764800,15667200,3541000,14164000,1503200,9.59,Entregado,Tarjeta débito,1,4,No,No
ORD-00567,2024-04-08,2024,2024-04,Q2,Pacífica,Buenaventura,Web,Emprendedor,Audífonos Bluetooth,Audio,Valentina Rojas,2,382000,0,764000,0,764000,204000,408000,356000,46.6,Procesando,Transferencia,5,4,No,Sí
ORD-00568,2024-08-06,2024,2024-08,Q3,Andina,Bucaramanga,Web,PyME,Monitor 27,Tecnología,Diego Martínez,3,1225000,0,3675000,0,3675000,805000,2415000,1260000,34.29,Entregado,Transferencia,5,3,No,Sí
ORD-00569,2025-09-05,2025,2025-09,Q3,Caribe,Barranquilla,Tienda física,Emprendedor,Audífonos Bluetooth,Audio,Ana Torres,10,390000,10,3900000,390000,3510000,200000,2000000,1510000,43.02,Entregado,PSE,5,2,No,Sí
ORD-00570,2026-02-18,2026,2026-02,Q1,Orinoquía,Yopal,Tienda física,Emprendedor,Headset Pro,Audio,Laura Gómez,2,520000,8,1040000,83200,956800,290000,580000,376800,39.38,En tránsito,Tarjeta débito,4,3,No,Sí
ORD-00571,2026-02-16,2026,2026-02,Q1,Orinoquía,Yopal,Marketplace,Corporativo,Monitor 24,Tecnología,Laura Gómez,4,749000,8,2996000,239680,2756320,493000,1972000,784320,28.46,Entregado,Tarjeta débito,4,1,No,No
ORD-00572,2025-09-04,2025,2025-09,Q3,Amazonía,Florencia,Ventas corporativas,Consumidor,Audífonos Bluetooth,Audio,Diego Martínez,7,363000,8,2541000,203280,2337720,212000,1484000,853720,36.52,Procesando,PSE,5,1,No,No
ORD-00573,2024-07-29,2024,2024-07,Q3,Caribe,Cartagena,Marketplace,Consumidor,Headset Pro,Audio,Carlos Ruiz,1,499000,15,499000,74850,424150,288000,288000,136150,32.1,Entregado,Tarjeta débito,1,5,No,Sí
ORD-00574,2024-05-24,2024,2024-05,Q2,Orinoquía,Villavicencio,Web,Emprendedor,Laptop Air 13,Tecnología,Diego Martínez,3,3636000,10,10908000,1090800,9817200,2549000,7647000,2170200,22.11,Procesando,Transferencia,3,4,No,Sí
ORD-00575,2024-09-11,2024,2024-09,Q3,Andina,Pereira,Ventas corporativas,Corporativo,Webcam HD,Accesorios,Valentina Rojas,11,251000,0,2761000,0,2761000,153000,1683000,1078000,39.04,En tránsito,Efectivo,4,2,No,No
ORD-00576,2025-03-19,2025,2025-03,Q1,Pacífica,Popayán,Marketplace,Corporativo,Laptop Pro 14,Tecnología,Andrés Moreno,2,4608000,0,9216000,0,9216000,3730000,7460000,1756000,19.05,Entregado,PSE,3,3,No,No
ORD-00577,2025-09-12,2025,2025-09,Q3,Caribe,Santa Marta,Marketplace,Corporativo,Monitor 27,Tecnología,Valentina Rojas,1,1200000,15,1200000,180000,1020000,788000,788000,232000,22.75,Procesando,Transferencia,5,2,No,No
ORD-00578,2026-09-20,2026,2026-09,Q3,Pacífica,Popayán,Web,PyME,Webcam HD,Accesorios,Juan Castro,10,265000,0,2650000,0,2650000,152000,1520000,1130000,42.64,Entregado,Efectivo,5,5,No,No
ORD-00579,2025-10-12,2025,2025-10,Q4,Pacífica,Cali,Web,Emprendedor,Headset Pro,Audio,Ana Torres,2,510000,3,1020000,30600,989400,287000,574000,415400,41.99,Entregado,PSE,5,6,No,No
ORD-00580,2026-08-24,2026,2026-08,Q3,Pacífica,Pasto,Tienda física,Consumidor,Monitor 24,Tecnología,Diego Martínez,8,780000,10,6240000,624000,5616000,490000,3920000,1696000,30.2,Entregado,Transferencia,5,1,No,Sí
ORD-00581,2025-03-13,2025,2025-03,Q1,Andina,Bucaramanga,Ventas corporativas,Consumidor,Silla Ergonómica,Mobiliario,Carlos Ruiz,13,1348000,8,17524000,1401920,16122080,961000,12493000,3629080,22.51,Cancelado,Efectivo,,,No,No
ORD-00582,2024-12-18,2024,2024-12,Q4,Pacífica,Pasto,Web,PyME,Audífonos Bluetooth,Audio,Valentina Rojas,4,428000,8,1712000,136960,1575040,197000,788000,787040,49.97,Entregado,Efectivo,1,6,No,No
ORD-00583,2024-10-22,2024,2024-10,Q4,Pacífica,Buenaventura,Web,PyME,Monitor 27,Tecnología,Diego Martínez,4,1225000,0,4900000,0,4900000,802000,3208000,1692000,34.53,Entregado,PSE,5,5,No,No
ORD-00584,2026-06-11,2026,2026-06,Q2,Andina,Pereira,Ventas corporativas,Corporativo,Laptop Air 13,Tecnología,Carlos Ruiz,7,3450000,0,24150000,0,24150000,2528000,17696000,6454000,26.72,Entregado,Tarjeta crédito,5,4,No,Sí
ORD-00585,2026-02-08,2026,2026-02,Q1,Amazonía,Mocoa,Marketplace,Consumidor,Escritorio Ajustable,Mobiliario,Andrés Moreno,1,2016000,0,2016000,0,2016000,1476000,1476000,540000,26.79,En tránsito,PSE,5,6,No,No
ORD-00586,2024-12-10,2024,2024-12,Q4,Andina,Bucaramanga,Marketplace,Consumidor,Mouse Inalámbrico,Accesorios,Laura Gómez,8,194000,8,1552000,124160,1427840,85000,680000,747840,52.38,Entregado,Transferencia,5,3,No,No
ORD-00587,2025-02-15,2025,2025-02,Q1,Pacífica,Buenaventura,Tienda física,Corporativo,Laptop Pro 14,Tecnología,Diego Martínez,5,4800000,3,24000000,720000,23280000,3656000,18280000,5000000,21.48,Entregado,Tarjeta crédito,5,2,No,No
ORD-00588,2026-09-07,2026,2026-09,Q3,Amazonía,Florencia,Tienda física,Corporativo,Laptop Pro 14,Tecnología,Andrés Moreno,6,4800000,20,28800000,5760000,23040000,3669000,22014000,1026000,4.45,Cancelado,Transferencia,,,No,No
ORD-00589,2026-03-24,2026,2026-03,Q1,Andina,Manizales,Ventas corporativas,Consumidor,Webcam HD,Accesorios,Laura Gómez,7,251000,10,1757000,175700,1581300,143000,1001000,580300,36.7,Entregado,Tarjeta débito,5,1,No,No
ORD-00590,2024-03-30,2024,2024-03,Q1,Andina,Pereira,Web,PyME,Webcam HD,Accesorios,Laura Gómez,2,265000,0,530000,0,530000,149000,298000,232000,43.77,Entregado,Tarjeta débito,3,7,No,No
ORD-00591,2024-11-30,2024,2024-11,Q4,Orinoquía,Yopal,Marketplace,PyME,Monitor 24,Tecnología,Andrés Moreno,3,839000,15,2517000,377550,2139450,524000,1572000,567450,26.52,Cancelado,Tarjeta crédito,,,No,No
ORD-00592,2024-12-06,2024,2024-12,Q4,Orinoquía,Arauca,Web,Corporativo,Escritorio Ajustable,Mobiliario,Valentina Rojas,2,2305000,15,4610000,691500,3918500,1469000,2938000,980500,25.02,Cancelado,Tarjeta débito,,,No,Sí
ORD-00593,2024-04-28,2024,2024-04,Q2,Andina,Bogotá,Web,Consumidor,Laptop Air 13,Tecnología,Valentina Rojas,3,3430000,0,10290000,0,10290000,2741000,8223000,2067000,20.09,Procesando,Efectivo,4,3,No,No
ORD-00594,2024-11-14,2024,2024-11,Q4,Andina,Pereira,Marketplace,Consumidor,Monitor 24,Tecnología,Ana Torres,10,839000,3,8390000,251700,8138300,508000,5080000,3058300,37.58,Cancelado,Efectivo,,,No,No
ORD-00595,2025-08-27,2025,2025-08,Q3,Andina,Manizales,Tienda física,Emprendedor,Laptop Pro 14,Tecnología,Laura Gómez,2,4800000,0,9600000,0,9600000,3743000,7486000,2114000,22.02,Entregado,Efectivo,4,2,No,No
ORD-00596,2025-05-29,2025,2025-05,Q2,Amazonía,Leticia,Ventas corporativas,Consumidor,Teclado Mecánico,Accesorios,Juan Castro,14,315000,8,4410000,352800,4057200,172000,2408000,1649200,40.65,Entregado,Tarjeta débito,4,3,No,No
ORD-00597,2024-08-03,2024,2024-08,Q3,Pacífica,Buenaventura,Marketplace,Corporativo,Audífonos Bluetooth,Audio,Ana Torres,8,374000,10,2992000,299200,2692800,214000,1712000,980800,36.42,Cancelado,Tarjeta crédito,,,No,No
ORD-00598,2024-12-11,2024,2024-12,Q4,Caribe,Montería,Marketplace,Consumidor,Mouse Inalámbrico,Accesorios,Valentina Rojas,2,194000,5,388000,19400,368600,84000,168000,200600,54.42,Cancelado,Tarjeta crédito,,,No,Sí
ORD-00599,2026-02-09,2026,2026-02,Q1,Pacífica,Cali,Web,Consumidor,Audífonos Bluetooth,Audio,Laura Gómez,3,382000,8,1146000,91680,1054320,206000,618000,436320,41.38,En tránsito,PSE,4,5,No,No
ORD-00600,2025-08-12,2025,2025-08,Q3,Andina,Medellín,Ventas corporativas,PyME,Dock USB-C,Accesorios,Juan Castro,6,381000,15,2286000,342900,1943100,228000,1368000,575100,29.6,En tránsito,Efectivo,3,4,No,No
ORD-00601,2024-06-01,2024,2024-06,Q2,Caribe,Montería,Web,Emprendedor,Monitor 24,Tecnología,Andrés Moreno,1,810000,5,810000,40500,769500,525000,525000,244500,31.77,Entregado,Transferencia,4,3,No,Sí
ORD-00602,2025-10-30,2025,2025-10,Q4,Caribe,Barranquilla,Web,Emprendedor,Laptop Air 13,Tecnología,Sofía Herrera,1,3430000,8,3430000,274400,3155600,2732000,2732000,423600,13.42,Entregado,Tarjeta crédito,5,1,Sí,No
ORD-00603,2024-07-04,2024,2024-07,Q3,Andina,Manizales,Tienda física,Emprendedor,Teclado Mecánico,Accesorios,Andrés Moreno,1,320000,0,320000,0,320000,184000,184000,136000,42.5,Procesando,Tarjeta crédito,3,3,No,No
ORD-00604,2025-08-21,2025,2025-08,Q3,Caribe,Barranquilla,Ventas corporativas,PyME,Monitor 24,Tecnología,Ana Torres,10,725000,10,7250000,725000,6525000,525000,5250000,1275000,19.54,Entregado,Efectivo,5,3,No,Sí
ORD-00605,2024-06-14,2024,2024-06,Q2,Andina,Bucaramanga,Web,Consumidor,Laptop Pro 14,Tecnología,Sofía Herrera,1,4986000,3,4986000,149580,4836420,3751000,3751000,1085420,22.44,Entregado,Efectivo,5,6,No,No
ORD-00606,2025-08-13,2025,2025-08,Q3,Caribe,Santa Marta,Ventas corporativas,PyME,Silla Ergonómica,Mobiliario,Ana Torres,25,1348000,5,33700000,1685000,32015000,912000,22800000,9215000,28.78,Entregado,PSE,2,3,No,No
ORD-00607,2024-08-08,2024,2024-08,Q3,Amazonía,Mocoa,Web,Corporativo,Silla Ergonómica,Mobiliario,Sofía Herrera,2,1421000,0,2842000,0,2842000,951000,1902000,940000,33.08,Entregado,Transferencia,4,4,No,No
ORD-00608,2024-05-26,2024,2024-05,Q2,Caribe,Barranquilla,Marketplace,Corporativo,Headset Pro,Audio,Ana Torres,10,529000,8,5290000,423200,4866800,279000,2790000,2076800,42.67,Entregado,Transferencia,5,2,No,No
ORD-00609,2024-11-19,2024,2024-11,Q4,Amazonía,Florencia,Web,Consumidor,Dock USB-C,Accesorios,Sofía Herrera,3,450000,0,1350000,0,1350000,229000,687000,663000,49.11,Entregado,Tarjeta débito,4,4,No,No
ORD-00610,2024-08-19,2024,2024-08,Q3,Andina,Bogotá,Ventas corporativas,Corporativo,Dock USB-C,Accesorios,Andrés Moreno,3,381000,10,1143000,114300,1028700,229000,687000,341700,33.22,Procesando,Tarjeta crédito,5,4,No,No
ORD-00611,2025-12-18,2025,2025-12,Q4,Caribe,Santa Marta,Web,Consumidor,Silla Ergonómica,Mobiliario,Valentina Rojas,1,1592000,0,1592000,0,1592000,922000,922000,670000,42.09,En tránsito,Transferencia,3,5,No,No
ORD-00612,2024-09-22,2024,2024-09,Q3,Andina,Pereira,Web,Corporativo,Audífonos Bluetooth,Audio,Diego Martínez,1,382000,5,382000,19100,362900,212000,212000,150900,41.58,Entregado,Efectivo,5,2,No,No
ORD-00613,2025-04-13,2025,2025-04,Q2,Andina,Bucaramanga,Tienda física,Corporativo,Webcam HD,Accesorios,Carlos Ruiz,1,270000,5,270000,13500,256500,153000,153000,103500,40.35,Entregado,Tarjeta crédito,5,5,No,Sí
ORD-00614,2024-09-02,2024,2024-09,Q3,Amazonía,Leticia,Web,Corporativo,Escritorio Ajustable,Mobiliario,Ana Torres,4,2058000,5,8232000,411600,7820400,1433000,5732000,2088400,26.7,Entregado,Transferencia,4,4,No,No
ORD-00615,2025-12-02,2025,2025-12,Q4,Amazonía,Mocoa,Web,Consumidor,Audífonos Bluetooth,Audio,Laura Gómez,1,428000,0,428000,0,428000,214000,214000,214000,50.0,Entregado,Efectivo,5,4,No,No
ORD-00616,2024-06-21,2024,2024-06,Q2,Pacífica,Quibdó,Web,Corporativo,Monitor 24,Tecnología,Carlos Ruiz,2,810000,0,1620000,0,1620000,508000,1016000,604000,37.28,Entregado,PSE,4,3,No,No
ORD-00617,2024-09-12,2024,2024-09,Q3,Pacífica,Cali,Web,Consumidor,Teclado Mecánico,Accesorios,Laura Gómez,1,314000,0,314000,0,314000,181000,181000,133000,42.36,Procesando,Transferencia,4,8,No,No
ORD-00618,2026-05-18,2026,2026-05,Q2,Caribe,Santa Marta,Tienda física,PyME,Laptop Pro 14,Tecnología,Juan Castro,2,5088000,5,10176000,508800,9667200,3410000,6820000,2847200,29.45,Cancelado,Tarjeta crédito,,,No,Sí
ORD-00619,2025-05-18,2025,2025-05,Q2,Andina,Pereira,Ventas corporativas,PyME,Silla Ergonómica,Mobiliario,Valentina Rojas,12,1429000,0,17148000,0,17148000,964000,11568000,5580000,32.54,Entregado,Tarjeta débito,4,1,No,No
ORD-00620,2024-10-02,2024,2024-10,Q4,Andina,Manizales,Marketplace,PyME,Headset Pro,Audio,Valentina Rojas,1,499000,5,499000,24950,474050,286000,286000,188050,39.67,Entregado,PSE,5,4,No,No
ORD-00621,2024-06-13,2024,2024-06,Q2,Pacífica,Popayán,Ventas corporativas,PyME,Headset Pro,Audio,Valentina Rojas,11,513000,5,5643000,282150,5360850,296000,3256000,2104850,39.26,Cancelado,Efectivo,,,No,No
ORD-00622,2026-01-29,2026,2026-01,Q1,Pacífica,Popayán,Web,Emprendedor,Monitor 27,Tecnología,Laura Gómez,1,1225000,0,1225000,0,1225000,800000,800000,425000,34.69,Procesando,PSE,1,5,No,No
ORD-00623,2025-09-03,2025,2025-09,Q3,Pacífica,Popayán,Web,PyME,Webcam HD,Accesorios,Diego Martínez,2,265000,10,530000,53000,477000,143000,286000,191000,40.04,Entregado,Transferencia,3,4,No,Sí
ORD-00624,2025-12-24,2025,2025-12,Q4,Pacífica,Cali,Marketplace,Emprendedor,Audífonos Bluetooth,Audio,Diego Martínez,3,419000,0,1257000,0,1257000,214000,642000,615000,48.93,Cancelado,Tarjeta crédito,,,No,Sí
ORD-00625,2024-02-09,2024,2024-02,Q1,Andina,Medellín,Tienda física,Emprendedor,Monitor 27,Tecnología,Diego Martínez,3,1250000,0,3750000,0,3750000,791000,2373000,1377000,36.72,En tránsito,Tarjeta débito,4,4,No,No
ORD-00626,2025-05-05,2025,2025-05,Q2,Andina,Manizales,Web,Corporativo,Headset Pro,Audio,Juan Castro,1,540000,5,540000,27000,513000,300000,300000,213000,41.52,Cancelado,Tarjeta crédito,,,No,Sí
ORD-00627,2024-01-01,2024,2024-01,Q1,Andina,Bucaramanga,Web,PyME,Monitor 24,Tecnología,Ana Torres,1,764000,8,764000,61120,702880,512000,512000,190880,27.16,Entregado,PSE,4,4,No,No
ORD-00628,2026-04-09,2026,2026-04,Q2,Andina,Pereira,Tienda física,Consumidor,Silla Ergonómica,Mobiliario,Carlos Ruiz,1,1450000,3,1450000,43500,1406500,947000,947000,459500,32.67,Entregado,Tarjeta crédito,3,4,No,No
ORD-00629,2026-07-23,2026,2026-07,Q3,Orinoquía,Villavicencio,Marketplace,PyME,Monitor 24,Tecnología,Ana Torres,8,749000,0,5992000,0,5992000,517000,4136000,1856000,30.97,Entregado,Tarjeta débito,4,3,No,No
ORD-00630,2025-12-29,2025,2025-12,Q4,Andina,Pereira,Ventas corporativas,Consumidor,Mouse Inalámbrico,Accesorios,Laura Gómez,4,187000,15,748000,112200,635800,82000,328000,307800,48.41,En tránsito,Tarjeta débito,4,1,No,No
ORD-00631,2025-12-14,2025,2025-12,Q4,Amazonía,Florencia,Ventas corporativas,Emprendedor,Laptop Pro 14,Tecnología,Carlos Ruiz,5,5000000,10,25000000,2500000,22500000,3549000,17745000,4755000,21.13,Cancelado,Tarjeta débito,,,No,No
ORD-00632,2025-06-05,2025,2025-06,Q2,Andina,Manizales,Tienda física,Corporativo,Dock USB-C,Accesorios,Sofía Herrera,1,435000,0,435000,0,435000,239000,239000,196000,45.06,Procesando,PSE,5,6,No,No
ORD-00633,2024-10-30,2024,2024-10,Q4,Pacífica,Quibdó,Web,PyME,Laptop Air 13,Tecnología,Laura Gómez,1,3430000,3,3430000,102900,3327100,2506000,2506000,821100,24.68,Entregado,Tarjeta débito,4,2,No,No
ORD-00634,2024-08-03,2024,2024-08,Q3,Caribe,Barranquilla,Web,Consumidor,Headset Pro,Audio,Sofía Herrera,3,510000,5,1530000,76500,1453500,276000,828000,625500,43.03,Cancelado,Tarjeta débito,,,No,No
ORD-00635,2025-09-18,2025,2025-09,Q3,Andina,Bogotá,Marketplace,Consumidor,Headset Pro,Audio,Carlos Ruiz,5,499000,0,2495000,0,2495000,301000,1505000,990000,39.68,Entregado,Transferencia,1,1,No,No
ORD-00636,2024-09-20,2024,2024-09,Q3,Orinoquía,Arauca,Tienda física,Consumidor,Escritorio Ajustable,Mobiliario,Valentina Rojas,5,2100000,3,10500000,315000,10185000,1401000,7005000,3180000,31.22,Procesando,Tarjeta débito,5,1,No,No
ORD-00637,2026-01-17,2026,2026-01,Q1,Pacífica,Pasto,Ventas corporativas,PyME,Monitor 27,Tecnología,Ana Torres,5,1162000,5,5810000,290500,5519500,854000,4270000,1249500,22.64,Entregado,Tarjeta débito,4,3,No,No
ORD-00638,2025-12-04,2025,2025-12,Q4,Caribe,Barranquilla,Web,Consumidor,Monitor 27,Tecnología,Laura Gómez,1,1372000,15,1372000,205800,1166200,867000,867000,299200,25.66,Entregado,Efectivo,3,2,No,Sí
ORD-00639,2025-01-28,2025,2025-01,Q1,Andina,Bogotá,Ventas corporativas,PyME,Headset Pro,Audio,Juan Castro,3,484000,3,1452000,43560,1408440,300000,900000,508440,36.1,Procesando,Tarjeta crédito,1,8,No,Sí
ORD-00640,2025-05-06,2025,2025-05,Q2,Pacífica,Popayán,Web,Consumidor,Monitor 27,Tecnología,Carlos Ruiz,2,1298000,3,2596000,77880,2518120,832000,1664000,854120,33.92,Entregado,Efectivo,3,3,No,Sí
ORD-00641,2025-06-07,2025,2025-06,Q2,Orinoquía,Yopal,Web,Consumidor,Monitor 27,Tecnología,Carlos Ruiz,1,1298000,3,1298000,38940,1259060,819000,819000,440060,34.95,Entregado,Transferencia,4,6,No,Sí
ORD-00642,2024-04-22,2024,2024-04,Q2,Andina,Bucaramanga,Web,PyME,Mouse Inalámbrico,Accesorios,Juan Castro,2,176000,5,352000,17600,334400,89000,178000,156400,46.77,Entregado,Efectivo,5,3,No,Sí
ORD-00643,2025-03-11,2025,2025-03,Q1,Andina,Bucaramanga,Marketplace,Corporativo,Escritorio Ajustable,Mobiliario,Sofía Herrera,2,2016000,0,4032000,0,4032000,1493000,2986000,1046000,25.94,Cancelado,Tarjeta crédito,,,No,No
ORD-00644,2026-06-01,2026,2026-06,Q2,Orinoquía,Villavicencio,Web,Emprendedor,Headset Pro,Audio,Ana Torres,1,540000,5,540000,27000,513000,296000,296000,217000,42.3,En tránsito,Tarjeta crédito,5,6,No,No
ORD-00645,2024-05-10,2024,2024-05,Q2,Andina,Manizales,Web,Corporativo,Mouse Inalámbrico,Accesorios,Diego Martínez,2,187000,8,374000,29920,344080,85000,170000,174080,50.59,Cancelado,Transferencia,,,No,No
ORD-00646,2025-05-24,2025,2025-05,Q2,Caribe,Montería,Tienda física,Emprendedor,Silla Ergonómica,Mobiliario,Diego Martínez,1,1537000,0,1537000,0,1537000,959000,959000,578000,37.61,Procesando,Tarjeta crédito,5,4,No,Sí
ORD-00647,2024-01-03,2024,2024-01,Q1,Andina,Bogotá,Tienda física,Corporativo,Mouse Inalámbrico,Accesorios,Valentina Rojas,8,180000,15,1440000,216000,1224000,82000,656000,568000,46.41,Entregado,Tarjeta débito,5,3,No,Sí
ORD-00648,2024-08-17,2024,2024-08,Q3,Andina,Medellín,Ventas corporativas,Emprendedor,Laptop Air 13,Tecnología,Carlos Ruiz,14,3255000,10,45570000,4557000,41013000,2677000,37478000,3535000,8.62,En tránsito,Transferencia,4,2,No,No
ORD-00649,2026-06-10,2026,2026-06,Q2,Andina,Medellín,Web,Consumidor,Mouse Inalámbrico,Accesorios,Sofía Herrera,1,187000,0,187000,0,187000,89000,89000,98000,52.41,En tránsito,Transferencia,3,6,No,No
ORD-00650,2024-12-11,2024,2024-12,Q4,Caribe,Barranquilla,Web,Consumidor,Teclado Mecánico,Accesorios,Andrés Moreno,1,351000,8,351000,28080,322920,179000,179000,143920,44.57,Entregado,Efectivo,1,7,No,No
ORD-00651,2024-09-21,2024,2024-09,Q3,Orinoquía,Arauca,Marketplace,Corporativo,Teclado Mecánico,Accesorios,Laura Gómez,2,307000,0,614000,0,614000,185000,370000,244000,39.74,Procesando,Tarjeta débito,4,6,No,No
ORD-00652,2026-04-22,2026,2026-04,Q2,Pacífica,Quibdó,Marketplace,Corporativo,Escritorio Ajustable,Mobiliario,Valentina Rojas,5,2016000,5,10080000,504000,9576000,1408000,7040000,2536000,26.48,Cancelado,Tarjeta débito,,,No,Sí
ORD-00653,2025-01-15,2025,2025-01,Q1,Caribe,Cartagena,Web,PyME,Teclado Mecánico,Accesorios,Diego Martínez,1,314000,8,314000,25120,288880,183000,183000,105880,36.65,Entregado,Efectivo,3,3,No,Sí
ORD-00654,2026-07-20,2026,2026-07,Q3,Andina,Pereira,Tienda física,PyME,Monitor 24,Tecnología,Carlos Ruiz,1,780000,3,780000,23400,756600,539000,539000,217600,28.76,Procesando,PSE,2,5,No,Sí
ORD-00655,2024-12-31,2024,2024-12,Q4,Pacífica,Popayán,Web,Emprendedor,Silla Ergonómica,Mobiliario,Juan Castro,4,1592000,10,6368000,636800,5731200,983000,3932000,1799200,31.39,Cancelado,Transferencia,,,No,No
ORD-00656,2025-05-30,2025,2025-05,Q2,Andina,Medellín,Tienda física,PyME,Laptop Pro 14,Tecnología,Carlos Ruiz,2,5088000,8,10176000,814080,9361920,3710000,7420000,1941920,20.74,Entregado,Tarjeta débito,5,3,No,No
ORD-00657,2026-04-06,2026,2026-04,Q2,Pacífica,Buenaventura,Web,Corporativo,Audífonos Bluetooth,Audio,Juan Castro,10,382000,5,3820000,191000,3629000,212000,2120000,1509000,41.58,Cancelado,Transferencia,,,No,No
ORD-00658,2024-12-13,2024,2024-12,Q4,Andina,Pereira,Web,Consumidor,Dock USB-C,Accesorios,Carlos Ruiz,4,450000,8,1800000,144000,1656000,231000,924000,732000,44.2,Procesando,Tarjeta crédito,5,7,No,Sí
ORD-00659,2026-06-10,2026,2026-06,Q2,Andina,Bogotá,Web,PyME,Webcam HD,Accesorios,Andrés Moreno,2,280000,15,560000,84000,476000,142000,284000,192000,40.34,Entregado,PSE,4,4,No,No
ORD-00660,2026-09-28,2026,2026-09,Q3,Andina,Manizales,Ventas corporativas,Corporativo,Headset Pro,Audio,Juan Castro,23,484000,5,11132000,556600,10575400,284000,6532000,4043400,38.23,Entregado,PSE,5,4,No,Sí
ORD-00661,2025-02-27,2025,2025-02,Q1,Caribe,Santa Marta,Web,Consumidor,Headset Pro,Audio,Laura Gómez,10,510000,0,5100000,0,5100000,296000,2960000,2140000,41.96,Cancelado,Tarjeta débito,,,No,No
ORD-00662,2024-10-24,2024,2024-10,Q4,Andina,Pereira,Ventas corporativas,Consumidor,Dock USB-C,Accesorios,Andrés Moreno,11,381000,8,4191000,335280,3855720,234000,2574000,1281720,33.24,En tránsito,Tarjeta crédito,5,3,No,Sí
ORD-00663,2026-01-19,2026,2026-01,Q1,Andina,Manizales,Web,Corporativo,Dock USB-C,Accesorios,Ana Torres,2,402000,3,804000,24120,779880,249000,498000,281880,36.14,En tránsito,Transferencia,4,4,No,Sí
ORD-00664,2024-08-06,2024,2024-08,Q3,Andina,Bogotá,Marketplace,PyME,Escritorio Ajustable,Mobiliario,Laura Gómez,1,2016000,10,2016000,201600,1814400,1475000,1475000,339400,18.71,En tránsito,Transferencia,4,2,No,Sí
ORD-00665,2025-10-12,2025,2025-10,Q4,Andina,Medellín,Web,Consumidor,Laptop Air 13,Tecnología,Carlos Ruiz,1,3430000,15,3430000,514500,2915500,2613000,2613000,302500,10.38,En tránsito,Transferencia,4,4,No,No
ORD-00666,2026-02-10,2026,2026-02,Q1,Andina,Medellín,Ventas corporativas,Corporativo,Mouse Inalámbrico,Accesorios,Valentina Rojas,17,167000,8,2839000,227120,2611880,83000,1411000,1200880,45.98,Cancelado,Tarjeta crédito,,,No,No
ORD-00667,2026-07-04,2026,2026-07,Q3,Caribe,Barranquilla,Marketplace,Consumidor,Audífonos Bluetooth,Audio,Juan Castro,3,374000,3,1122000,33660,1088340,217000,651000,437340,40.18,Cancelado,Tarjeta crédito,,,No,Sí
ORD-00668,2025-04-14,2025,2025-04,Q2,Orinoquía,Yopal,Web,Consumidor,Mouse Inalámbrico,Accesorios,Andrés Moreno,10,176000,5,1760000,88000,1672000,86000,860000,812000,48.56,Entregado,Efectivo,5,3,No,Sí
ORD-00669,2024-08-11,2024,2024-08,Q3,Pacífica,Buenaventura,Marketplace,Consumidor,Dock USB-C,Accesorios,Laura Gómez,4,394000,8,1576000,126080,1449920,231000,924000,525920,36.27,Entregado,PSE,5,3,No,No
ORD-00670,2025-05-29,2025,2025-05,Q2,Pacífica,Cali,Tienda física,Consumidor,Audífonos Bluetooth,Audio,Juan Castro,10,413000,5,4130000,206500,3923500,204000,2040000,1883500,48.01,Procesando,Tarjeta crédito,4,3,No,No
ORD-00671,2025-04-14,2025,2025-04,Q2,Caribe,Cartagena,Tienda física,Emprendedor,Silla Ergonómica,Mobiliario,Sofía Herrera,3,1450000,5,4350000,217500,4132500,971000,2913000,1219500,29.51,Cancelado,Efectivo,,,No,No
ORD-00672,2026-07-16,2026,2026-07,Q3,Pacífica,Cali,Web,Consumidor,Laptop Air 13,Tecnología,Carlos Ruiz,1,3430000,15,3430000,514500,2915500,2523000,2523000,392500,13.46,Cancelado,Transferencia,,,No,No
ORD-00673,2026-04-05,2026,2026-04,Q2,Andina,Bucaramanga,Web,Corporativo,Dock USB-C,Accesorios,Valentina Rojas,4,402000,5,1608000,80400,1527600,228000,912000,615600,40.3,En tránsito,Tarjeta crédito,5,2,No,No
ORD-00674,2026-03-11,2026,2026-03,Q1,Andina,Bucaramanga,Ventas corporativas,PyME,Teclado Mecánico,Accesorios,Juan Castro,11,298000,8,3278000,262240,3015760,168000,1848000,1167760,38.72,En tránsito,Efectivo,2,6,No,No
ORD-00675,2025-09-06,2025,2025-09,Q3,Andina,Medellín,Ventas corporativas,Consumidor,Escritorio Ajustable,Mobiliario,Ana Torres,11,1953000,0,21483000,0,21483000,1455000,16005000,5478000,25.5,Entregado,Transferencia,5,5,No,No
ORD-00676,2025-06-13,2025,2025-06,Q2,Andina,Medellín,Marketplace,Emprendedor,Laptop Air 13,Tecnología,Sofía Herrera,1,3562000,0,3562000,0,3562000,2646000,2646000,916000,25.72,En tránsito,Efectivo,5,5,No,Sí
ORD-00677,2024-11-26,2024,2024-11,Q4,Andina,Bogotá,Tienda física,Emprendedor,Laptop Pro 14,Tecnología,Carlos Ruiz,3,5376000,8,16128000,1290240,14837760,3418000,10254000,4583760,30.89,Cancelado,Efectivo,,,No,No
ORD-00678,2026-01-30,2026,2026-01,Q1,Pacífica,Popayán,Tienda física,Corporativo,Headset Pro,Audio,Sofía Herrera,2,520000,3,1040000,31200,1008800,299000,598000,410800,40.72,Entregado,Tarjeta crédito,5,3,No,Sí
ORD-00679,2026-08-15,2026,2026-08,Q3,Andina,Bogotá,Ventas corporativas,PyME,Headset Pro,Audio,Carlos Ruiz,7,484000,5,3388000,169400,3218600,291000,2037000,1181600,36.71,Entregado,Transferencia,4,1,No,No
ORD-00680,2026-07-23,2026,2026-07,Q3,Pacífica,Popayán,Tienda física,Corporativo,Laptop Air 13,Tecnología,Ana Torres,1,3500000,0,3500000,0,3500000,2745000,2745000,755000,21.57,Entregado,Tarjeta débito,4,5,No,Sí
ORD-00681,2026-07-14,2026,2026-07,Q3,Andina,Pereira,Tienda física,Emprendedor,Headset Pro,Audio,Laura Gómez,1,520000,20,520000,104000,416000,302000,302000,114000,27.4,En tránsito,Tarjeta débito,5,2,No,No
ORD-00682,2024-09-17,2024,2024-09,Q3,Orinoquía,Villavicencio,Web,Emprendedor,Escritorio Ajustable,Mobiliario,Ana Torres,1,2058000,5,2058000,102900,1955100,1385000,1385000,570100,29.16,Entregado,PSE,4,4,No,Sí
ORD-00683,2024-07-23,2024,2024-07,Q3,Amazonía,Florencia,Tienda física,Consumidor,Audífonos Bluetooth,Audio,Sofía Herrera,1,390000,10,390000,39000,351000,207000,207000,144000,41.03,Procesando,Tarjeta débito,5,4,No,Sí
ORD-00684,2026-05-16,2026,2026-05,Q2,Orinoquía,Yopal,Web,Consumidor,Dock USB-C,Accesorios,Juan Castro,4,426000,8,1704000,136320,1567680,229000,916000,651680,41.57,Entregado,Efectivo,4,6,No,Sí
ORD-00685,2025-01-27,2025,2025-01,Q1,Caribe,Valledupar,Web,Corporativo,Mouse Inalámbrico,Accesorios,Juan Castro,3,176000,0,528000,0,528000,83000,249000,279000,52.84,Entregado,Transferencia,4,3,No,Sí
ORD-00686,2024-07-03,2024,2024-07,Q3,Pacífica,Popayán,Web,Corporativo,Monitor 27,Tecnología,Juan Castro,1,1225000,8,1225000,98000,1127000,818000,818000,309000,27.42,Entregado,Tarjeta débito,4,6,No,No
ORD-00687,2025-01-29,2025,2025-01,Q1,Andina,Medellín,Web,PyME,Silla Ergonómica,Mobiliario,Valentina Rojas,3,1421000,10,4263000,426300,3836700,981000,2943000,893700,23.29,Cancelado,Transferencia,,,No,No
ORD-00688,2024-11-23,2024,2024-11,Q4,Andina,Bogotá,Tienda física,PyME,Webcam HD,Accesorios,Laura Gómez,10,302000,5,3020000,151000,2869000,141000,1410000,1459000,50.85,Entregado,PSE,5,3,No,Sí
ORD-00689,2026-03-13,2026,2026-03,Q1,Pacífica,Cali,Web,PyME,Webcam HD,Accesorios,Valentina Rojas,5,265000,5,1325000,66250,1258750,152000,760000,498750,39.62,Procesando,PSE,2,4,No,Sí
ORD-00690,2026-02-10,2026,2026-02,Q1,Andina,Bogotá,Marketplace,Emprendedor,Silla Ergonómica,Mobiliario,Carlos Ruiz,2,1392000,0,2784000,0,2784000,921000,1842000,942000,33.84,En tránsito,PSE,4,3,No,No
ORD-00691,2024-04-15,2024,2024-04,Q2,Andina,Bogotá,Web,Consumidor,Laptop Pro 14,Tecnología,Laura Gómez,10,4704000,10,47040000,4704000,42336000,3665000,36650000,5686000,13.43,Entregado,Tarjeta crédito,4,6,No,Sí
ORD-00692,2026-03-14,2026,2026-03,Q1,Andina,Bogotá,Web,Emprendedor,Teclado Mecánico,Accesorios,Carlos Ruiz,2,314000,8,628000,50240,577760,182000,364000,213760,37.0,Entregado,Tarjeta débito,5,3,No,No
ORD-00693,2024-05-31,2024,2024-05,Q2,Pacífica,Popayán,Tienda física,Corporativo,Headset Pro,Audio,Sofía Herrera,1,551000,5,551000,27550,523450,290000,290000,233450,44.6,Cancelado,PSE,,,No,No
ORD-00694,2025-05-09,2025,2025-05,Q2,Andina,Bucaramanga,Marketplace,Consumidor,Teclado Mecánico,Accesorios,Diego Martínez,2,326000,10,652000,65200,586800,172000,344000,242800,41.38,Cancelado,Tarjeta crédito,,,No,Sí
ORD-00695,2025-05-21,2025,2025-05,Q2,Andina,Bogotá,Web,Consumidor,Headset Pro,Audio,Andrés Moreno,5,540000,0,2700000,0,2700000,277000,1385000,1315000,48.7,Entregado,Tarjeta débito,5,3,No,No
ORD-00696,2024-04-18,2024,2024-04,Q2,Orinoquía,Villavicencio,Web,PyME,Mouse Inalámbrico,Accesorios,Ana Torres,2,176000,8,352000,28160,323840,83000,166000,157840,48.74,En tránsito,PSE,3,4,No,No
ORD-00697,2025-08-14,2025,2025-08,Q3,Caribe,Cartagena,Ventas corporativas,Consumidor,Webcam HD,Accesorios,Carlos Ruiz,8,251000,0,2008000,0,2008000,146000,1168000,840000,41.83,Entregado,PSE,5,2,Sí,No
ORD-00698,2024-06-03,2024,2024-06,Q2,Andina,Manizales,Web,Corporativo,Silla Ergonómica,Mobiliario,Sofía Herrera,2,1506000,5,3012000,150600,2861400,897000,1794000,1067400,37.3,En tránsito,Tarjeta débito,5,5,No,No
ORD-00699,2025-08-31,2025,2025-08,Q3,Andina,Pereira,Tienda física,PyME,Webcam HD,Accesorios,Carlos Ruiz,1,270000,0,270000,0,270000,143000,143000,127000,47.04,Entregado,PSE,2,5,No,Sí
ORD-00700,2025-09-27,2025,2025-09,Q3,Pacífica,Popayán,Web,Consumidor,Dock USB-C,Accesorios,Juan Castro,1,402000,10,402000,40200,361800,242000,242000,119800,33.11,En tránsito,PSE,4,5,No,No
ORD-00701,2024-10-21,2024,2024-10,Q4,Pacífica,Cali,Tienda física,PyME,Monitor 27,Tecnología,Juan Castro,4,1250000,5,5000000,250000,4750000,812000,3248000,1502000,31.62,Cancelado,Tarjeta crédito,,,No,Sí
ORD-00702,2024-12-06,2024,2024-12,Q4,Orinoquía,Villavicencio,Marketplace,Corporativo,Laptop Pro 14,Tecnología,Laura Gómez,2,5161000,0,10322000,0,10322000,3754000,7508000,2814000,27.26,Entregado,Transferencia,5,5,No,No
ORD-00703,2025-04-28,2025,2025-04,Q2,Andina,Bogotá,Marketplace,Consumidor,Escritorio Ajustable,Mobiliario,Juan Castro,1,2016000,3,2016000,60480,1955520,1435000,1435000,520520,26.62,Entregado,Transferencia,3,3,No,No
ORD-00704,2024-12-25,2024,2024-12,Q4,Amazonía,Florencia,Tienda física,Corporativo,Headset Pro,Audio,Andrés Moreno,2,582000,0,1164000,0,1164000,284000,568000,596000,51.2,Cancelado,Tarjeta crédito,,,No,Sí
ORD-00705,2025-06-15,2025,2025-06,Q2,Pacífica,Cali,Ventas corporativas,Consumidor,Monitor 27,Tecnología,Diego Martínez,9,1232000,5,11088000,554400,10533600,790000,7110000,3423600,32.5,Procesando,Transferencia,5,5,No,No
ORD-00706,2026-09-15,2026,2026-09,Q3,Andina,Pereira,Ventas corporativas,Consumidor,Webcam HD,Accesorios,Sofía Herrera,10,251000,3,2510000,75300,2434700,149000,1490000,944700,38.8,Entregado,Tarjeta débito,4,3,No,Sí
ORD-00707,2025-06-16,2025,2025-06,Q2,Pacífica,Quibdó,Tienda física,Emprendedor,Laptop Air 13,Tecnología,Sofía Herrera,2,3710000,20,7420000,1484000,5936000,2702000,5404000,532000,8.96,Entregado,Efectivo,1,4,No,No
ORD-00708,2024-06-15,2024,2024-06,Q2,Andina,Bucaramanga,Marketplace,Corporativo,Laptop Air 13,Tecnología,Laura Gómez,1,3562000,0,3562000,0,3562000,2570000,2570000,992000,27.85,Procesando,Transferencia,3,3,No,No
ORD-00709,2026-05-04,2026,2026-05,Q2,Andina,Bucaramanga,Web,Consumidor,Monitor 27,Tecnología,Diego Martínez,1,1298000,10,1298000,129800,1168200,842000,842000,326200,27.92,Procesando,Transferencia,3,6,No,No
ORD-00710,2024-03-23,2024,2024-03,Q1,Andina,Bogotá,Ventas corporativas,Emprendedor,Webcam HD,Accesorios,Ana Torres,11,251000,5,2761000,138050,2622950,153000,1683000,939950,35.84,Entregado,Efectivo,5,4,No,No
ORD-00711,2026-06-15,2026,2026-06,Q2,Andina,Pereira,Marketplace,PyME,Monitor 27,Tecnología,Valentina Rojas,1,1272000,0,1272000,0,1272000,833000,833000,439000,34.51,Entregado,Tarjeta crédito,4,5,No,Sí
ORD-00712,2025-03-28,2025,2025-03,Q1,Pacífica,Quibdó,Marketplace,Consumidor,Headset Pro,Audio,Laura Gómez,2,499000,5,998000,49900,948100,286000,572000,376100,39.67,En tránsito,Transferencia,4,2,No,Sí
ORD-00713,2024-05-23,2024,2024-05,Q2,Caribe,Santa Marta,Tienda física,Corporativo,Monitor 24,Tecnología,Andrés Moreno,2,827000,8,1654000,132320,1521680,535000,1070000,451680,29.68,Entregado,Tarjeta crédito,5,5,Sí,Sí
ORD-00714,2024-10-03,2024,2024-10,Q4,Pacífica,Cali,Tienda física,Corporativo,Mouse Inalámbrico,Accesorios,Laura Gómez,5,180000,5,900000,45000,855000,87000,435000,420000,49.12,Entregado,Tarjeta débito,5,5,No,No
ORD-00715,2025-07-29,2025,2025-07,Q3,Pacífica,Popayán,Web,PyME,Monitor 27,Tecnología,Carlos Ruiz,3,1225000,10,3675000,367500,3307500,812000,2436000,871500,26.35,Entregado,Tarjeta crédito,5,5,No,Sí
ORD-00716,2026-06-20,2026,2026-06,Q2,Andina,Bogotá,Web,Corporativo,Monitor 24,Tecnología,Ana Torres,2,810000,10,1620000,162000,1458000,512000,1024000,434000,29.77,Entregado,Tarjeta débito,4,2,No,No
ORD-00717,2025-07-13,2025,2025-07,Q3,Andina,Pereira,Tienda física,Consumidor,Headset Pro,Audio,Diego Martínez,3,520000,0,1560000,0,1560000,278000,834000,726000,46.54,Entregado,Transferencia,5,3,No,No
ORD-00718,2024-10-23,2024,2024-10,Q4,Pacífica,Quibdó,Web,Corporativo,Webcam HD,Accesorios,Laura Gómez,1,265000,5,265000,13250,251750,151000,151000,100750,40.02,En tránsito,PSE,4,3,No,No
ORD-00719,2025-07-31,2025,2025-07,Q3,Andina,Pereira,Web,Consumidor,Teclado Mecánico,Accesorios,Juan Castro,3,314000,8,942000,75360,866640,176000,528000,338640,39.08,Entregado,Efectivo,4,4,No,No
ORD-00720,2025-05-30,2025,2025-05,Q2,Andina,Pereira,Tienda física,Emprendedor,Dock USB-C,Accesorios,Ana Torres,1,435000,0,435000,0,435000,241000,241000,194000,44.6,Procesando,PSE,4,2,No,No
ORD-00721,2025-11-05,2025,2025-11,Q4,Andina,Manizales,Ventas corporativas,PyME,Laptop Air 13,Tecnología,Juan Castro,13,3646000,20,47398000,9479600,37918400,2654000,34502000,3416400,9.01,Entregado,Efectivo,5,4,No,No
ORD-00722,2024-12-22,2024,2024-12,Q4,Caribe,Montería,Web,Corporativo,Laptop Air 13,Tecnología,Diego Martínez,5,3842000,0,19210000,0,19210000,2521000,12605000,6605000,34.38,Entregado,Tarjeta débito,5,2,No,Sí
ORD-00723,2026-06-20,2026,2026-06,Q2,Andina,Manizales,Ventas corporativas,PyME,Dock USB-C,Accesorios,Carlos Ruiz,7,404000,0,2828000,0,2828000,245000,1715000,1113000,39.36,Entregado,Transferencia,4,3,No,No
ORD-00724,2025-10-14,2025,2025-10,Q4,Caribe,Cartagena,Web,Consumidor,Monitor 24,Tecnología,Carlos Ruiz,2,764000,3,1528000,45840,1482160,500000,1000000,482160,32.53,Entregado,Efectivo,4,4,No,Sí
ORD-00725,2026-09-09,2026,2026-09,Q3,Pacífica,Buenaventura,Marketplace,Consumidor,Laptop Pro 14,Tecnología,Andrés Moreno,6,4608000,5,27648000,1382400,26265600,3553000,21318000,4947600,18.84,Procesando,Tarjeta débito,5,2,No,No
ORD-00726,2025-08-07,2025,2025-08,Q3,Pacífica,Quibdó,Web,Corporativo,Mouse Inalámbrico,Accesorios,Carlos Ruiz,6,176000,10,1056000,105600,950400,88000,528000,422400,44.44,En tránsito,Efectivo,4,7,No,Sí
ORD-00727,2026-03-12,2026,2026-03,Q1,Caribe,Barranquilla,Tienda física,Consumidor,Laptop Air 13,Tecnología,Sofía Herrera,1,3500000,5,3500000,175000,3325000,2502000,2502000,823000,24.75,Entregado,Tarjeta crédito,4,3,No,No
ORD-00728,2024-09-04,2024,2024-09,Q3,Pacífica,Quibdó,Web,Consumidor,Silla Ergonómica,Mobiliario,Sofía Herrera,3,1421000,5,4263000,213150,4049850,976000,2928000,1121850,27.7,Procesando,Tarjeta crédito,4,4,No,Sí
ORD-00729,2025-03-07,2025,2025-03,Q1,Andina,Bucaramanga,Web,Consumidor,Laptop Pro 14,Tecnología,Laura Gómez,3,4704000,10,14112000,1411200,12700800,3736000,11208000,1492800,11.75,Cancelado,Tarjeta débito,,,No,No
ORD-00730,2026-04-04,2026,2026-04,Q2,Amazonía,Mocoa,Marketplace,Emprendedor,Audífonos Bluetooth,Audio,Ana Torres,5,374000,5,1870000,93500,1776500,198000,990000,786500,44.27,En tránsito,PSE,5,3,No,No
ORD-00731,2024-04-16,2024,2024-04,Q2,Andina,Pereira,Marketplace,Consumidor,Monitor 24,Tecnología,Diego Martínez,2,749000,3,1498000,44940,1453060,533000,1066000,387060,26.64,Entregado,Efectivo,2,3,Sí,No
ORD-00732,2025-01-23,2025,2025-01,Q1,Pacífica,Cali,Tienda física,Corporativo,Silla Ergonómica,Mobiliario,Ana Torres,2,1450000,5,2900000,145000,2755000,904000,1808000,947000,34.37,Cancelado,Tarjeta crédito,,,No,No
ORD-00733,2026-07-07,2026,2026-07,Q3,Caribe,Santa Marta,Web,Consumidor,Mouse Inalámbrico,Accesorios,Laura Gómez,2,176000,0,352000,0,352000,84000,168000,184000,52.27,Procesando,Tarjeta crédito,1,2,No,No
ORD-00734,2024-09-12,2024,2024-09,Q3,Pacífica,Cali,Web,Consumidor,Laptop Pro 14,Tecnología,Sofía Herrera,1,4704000,0,4704000,0,4704000,3532000,3532000,1172000,24.91,Cancelado,Tarjeta débito,,,No,No
ORD-00735,2025-05-05,2025,2025-05,Q2,Caribe,Barranquilla,Web,Corporativo,Laptop Air 13,Tecnología,Sofía Herrera,3,3636000,5,10908000,545400,10362600,2687000,8061000,2301600,22.21,Entregado,PSE,5,6,No,No
ORD-00736,2024-10-26,2024,2024-10,Q4,Orinoquía,Villavicencio,Ventas corporativas,PyME,Silla Ergonómica,Mobiliario,Ana Torres,17,1348000,5,22916000,1145800,21770200,898000,15266000,6504200,29.88,En tránsito,Efectivo,5,2,No,Sí
ORD-00737,2026-01-29,2026,2026-01,Q1,Caribe,Barranquilla,Marketplace,Corporativo,Mouse Inalámbrico,Accesorios,Carlos Ruiz,4,173000,0,692000,0,692000,84000,336000,356000,51.45,En tránsito,Tarjeta crédito,5,2,No,No
ORD-00738,2024-02-04,2024,2024-02,Q1,Andina,Pereira,Web,PyME,Dock USB-C,Accesorios,Diego Martínez,10,402000,0,4020000,0,4020000,246000,2460000,1560000,38.81,En tránsito,Transferencia,4,5,No,Sí
ORD-00739,2025-03-17,2025,2025-03,Q1,Caribe,Santa Marta,Tienda física,Consumidor,Laptop Pro 14,Tecnología,Diego Martínez,2,4800000,0,9600000,0,9600000,3624000,7248000,2352000,24.5,Entregado,Tarjeta crédito,5,2,No,No
ORD-00740,2026-04-29,2026,2026-04,Q2,Caribe,Montería,Ventas corporativas,PyME,Audífonos Bluetooth,Audio,Andrés Moreno,6,363000,5,2178000,108900,2069100,216000,1296000,773100,37.36,Cancelado,Transferencia,,,No,No
ORD-00741,2025-08-04,2025,2025-08,Q3,Pacífica,Pasto,Ventas corporativas,Consumidor,Monitor 27,Tecnología,Carlos Ruiz,6,1162000,0,6972000,0,6972000,788000,4728000,2244000,32.19,Cancelado,Tarjeta débito,,,No,No
ORD-00742,2024-10-29,2024,2024-10,Q4,Andina,Manizales,Tienda física,Consumidor,Laptop Pro 14,Tecnología,Ana Torres,2,4800000,8,9600000,768000,8832000,3686000,7372000,1460000,16.53,Procesando,Transferencia,1,2,No,No
ORD-00743,2025-03-26,2025,2025-03,Q1,Andina,Bogotá,Tienda física,Corporativo,Mouse Inalámbrico,Accesorios,Carlos Ruiz,5,180000,0,900000,0,900000,82000,410000,490000,54.44,Entregado,Transferencia,5,6,No,Sí
ORD-00744,2026-02-23,2026,2026-02,Q1,Pacífica,Pasto,Web,Corporativo,Webcam HD,Accesorios,Juan Castro,3,265000,0,795000,0,795000,148000,444000,351000,44.15,Entregado,Tarjeta crédito,5,5,No,No
ORD-00745,2024-08-21,2024,2024-08,Q3,Andina,Bucaramanga,Web,PyME,Teclado Mecánico,Accesorios,Andrés Moreno,5,314000,10,1570000,157000,1413000,177000,885000,528000,37.37,Entregado,Tarjeta crédito,4,6,No,No
ORD-00746,2024-08-30,2024,2024-08,Q3,Andina,Pereira,Marketplace,Corporativo,Mouse Inalámbrico,Accesorios,Juan Castro,3,173000,0,519000,0,519000,85000,255000,264000,50.87,Entregado,Transferencia,4,4,No,No
ORD-00747,2024-10-28,2024,2024-10,Q4,Caribe,Cartagena,Web,Corporativo,Mouse Inalámbrico,Accesorios,Juan Castro,8,176000,15,1408000,211200,1196800,82000,656000,540800,45.19,Procesando,Tarjeta débito,4,3,No,No
ORD-00748,2025-08-19,2025,2025-08,Q3,Andina,Medellín,Marketplace,Emprendedor,Dock USB-C,Accesorios,Carlos Ruiz,3,394000,15,1182000,177300,1004700,248000,744000,260700,25.95,Entregado,Efectivo,5,1,No,No
ORD-00749,2025-09-13,2025,2025-09,Q3,Caribe,Valledupar,Tienda física,Consumidor,Silla Ergonómica,Mobiliario,Diego Martínez,1,1450000,10,1450000,145000,1305000,920000,920000,385000,29.5,Entregado,Transferencia,5,1,No,No
ORD-00750,2026-09-22,2026,2026-09,Q3,Andina,Medellín,Marketplace,PyME,Webcam HD,Accesorios,Valentina Rojas,6,259000,5,1554000,77700,1476300,144000,864000,612300,41.48,Procesando,Tarjeta débito,3,2,No,No
ORD-00751,2026-04-26,2026,2026-04,Q2,Amazonía,Mocoa,Marketplace,PyME,Monitor 24,Tecnología,Valentina Rojas,2,749000,8,1498000,119840,1378160,497000,994000,384160,27.87,Entregado,Transferencia,4,5,No,No
ORD-00752,2024-05-31,2024,2024-05,Q2,Caribe,Cartagena,Ventas corporativas,Consumidor,Monitor 27,Tecnología,Carlos Ruiz,3,1232000,5,3696000,184800,3511200,850000,2550000,961200,27.38,Cancelado,Tarjeta débito,,,No,No
ORD-00753,2026-05-03,2026,2026-05,Q2,Caribe,Cartagena,Web,Corporativo,Laptop Air 13,Tecnología,Juan Castro,5,3636000,15,18180000,2727000,15453000,2731000,13655000,1798000,11.64,Entregado,Efectivo,5,4,No,No
ORD-00754,2024-04-20,2024,2024-04,Q2,Amazonía,Leticia,Marketplace,Corporativo,Laptop Air 13,Tecnología,Andrés Moreno,2,3360000,5,6720000,336000,6384000,2602000,5204000,1180000,18.48,En tránsito,Tarjeta débito,5,5,No,No
ORD-00755,2026-01-11,2026,2026-01,Q1,Pacífica,Quibdó,Web,Emprendedor,Laptop Air 13,Tecnología,Carlos Ruiz,1,3430000,8,3430000,274400,3155600,2671000,2671000,484600,15.36,En tránsito,Tarjeta débito,4,2,No,Sí
ORD-00756,2024-12-15,2024,2024-12,Q4,Andina,Pereira,Tienda física,PyME,Silla Ergonómica,Mobiliario,Diego Martínez,5,1624000,5,8120000,406000,7714000,923000,4615000,3099000,40.17,Entregado,Transferencia,5,4,No,No
ORD-00757,2025-08-11,2025,2025-08,Q3,Orinoquía,Yopal,Web,Consumidor,Laptop Air 13,Tecnología,Diego Martínez,1,3430000,3,3430000,102900,3327100,2623000,2623000,704100,21.16,Entregado,PSE,4,9,No,Sí
ORD-00758,2024-07-30,2024,2024-07,Q3,Caribe,Valledupar,Web,PyME,Monitor 27,Tecnología,Diego Martínez,6,1225000,15,7350000,1102500,6247500,831000,4986000,1261500,20.19,Entregado,PSE,5,2,Sí,No
ORD-00759,2025-08-07,2025,2025-08,Q3,Caribe,Montería,Web,Consumidor,Silla Ergonómica,Mobiliario,Carlos Ruiz,2,1421000,15,2842000,426300,2415700,959000,1918000,497700,20.6,Entregado,PSE,4,4,No,No
ORD-00760,2026-02-01,2026,2026-02,Q1,Pacífica,Cali,Web,Consumidor,Mouse Inalámbrico,Accesorios,Juan Castro,2,176000,5,352000,17600,334400,88000,176000,158400,47.37,Cancelado,Tarjeta crédito,,,No,No
ORD-00761,2026-08-12,2026,2026-08,Q3,Pacífica,Quibdó,Web,Emprendedor,Mouse Inalámbrico,Accesorios,Diego Martínez,3,176000,10,528000,52800,475200,87000,261000,214200,45.08,Cancelado,Tarjeta débito,,,No,No
ORD-00762,2026-06-12,2026,2026-06,Q2,Amazonía,Mocoa,Web,PyME,Monitor 24,Tecnología,Diego Martínez,1,810000,10,810000,81000,729000,527000,527000,202000,27.71,Entregado,Tarjeta crédito,5,8,No,No
ORD-00763,2025-05-17,2025,2025-05,Q2,Caribe,Cartagena,Web,Consumidor,Audífonos Bluetooth,Audio,Sofía Herrera,2,405000,3,810000,24300,785700,205000,410000,375700,47.82,Procesando,Tarjeta débito,4,3,No,No
ORD-00764,2025-11-15,2025,2025-11,Q4,Caribe,Montería,Web,PyME,Escritorio Ajustable,Mobiliario,Valentina Rojas,2,2305000,0,4610000,0,4610000,1379000,2758000,1852000,40.17,Entregado,Tarjeta crédito,4,6,No,Sí
ORD-00765,2026-09-06,2026,2026-09,Q3,Andina,Bogotá,Marketplace,PyME,Mouse Inalámbrico,Accesorios,Diego Martínez,4,173000,10,692000,69200,622800,86000,344000,278800,44.77,En tránsito,Transferencia,5,3,No,Sí
ORD-00766,2026-03-01,2026,2026-03,Q1,Andina,Bucaramanga,Web,Emprendedor,Dock USB-C,Accesorios,Laura Gómez,2,402000,5,804000,40200,763800,247000,494000,269800,35.32,Entregado,PSE,4,4,No,No
ORD-00767,2024-08-14,2024,2024-08,Q3,Caribe,Cartagena,Web,Corporativo,Silla Ergonómica,Mobiliario,Juan Castro,3,1421000,15,4263000,639450,3623550,950000,2850000,773550,21.35,Entregado,PSE,4,5,No,No
ORD-00768,2025-07-20,2025,2025-07,Q3,Andina,Bogotá,Web,PyME,Silla Ergonómica,Mobiliario,Ana Torres,2,1421000,20,2842000,568400,2273600,971000,1942000,331600,14.58,En tránsito,PSE,5,4,No,No
ORD-00769,2024-08-08,2024,2024-08,Q3,Caribe,Cartagena,Web,PyME,Laptop Pro 14,Tecnología,Diego Martínez,1,4704000,15,4704000,705600,3998400,3444000,3444000,554400,13.87,En tránsito,Tarjeta crédito,5,6,No,Sí
ORD-00770,2024-05-06,2024,2024-05,Q2,Pacífica,Popayán,Web,Consumidor,Headset Pro,Audio,Valentina Rojas,5,540000,15,2700000,405000,2295000,298000,1490000,805000,35.08,Entregado,Tarjeta crédito,5,5,No,Sí
ORD-00771,2026-04-30,2026,2026-04,Q2,Caribe,Cartagena,Marketplace,Corporativo,Laptop Air 13,Tecnología,Carlos Ruiz,4,3360000,0,13440000,0,13440000,2653000,10612000,2828000,21.04,Entregado,PSE,4,3,No,No
ORD-00772,2025-08-13,2025,2025-08,Q3,Caribe,Santa Marta,Web,Emprendedor,Dock USB-C,Accesorios,Diego Martínez,10,402000,5,4020000,201000,3819000,237000,2370000,1449000,37.94,Cancelado,Transferencia,,,No,Sí
ORD-00773,2025-05-23,2025,2025-05,Q2,Pacífica,Pasto,Marketplace,PyME,Silla Ergonómica,Mobiliario,Sofía Herrera,2,1476000,8,2952000,236160,2715840,895000,1790000,925840,34.09,Entregado,PSE,4,2,No,Sí
ORD-00774,2025-10-07,2025,2025-10,Q4,Amazonía,Leticia,Web,Consumidor,Silla Ergonómica,Mobiliario,Laura Gómez,5,1421000,5,7105000,355250,6749750,916000,4580000,2169750,32.15,Entregado,Transferencia,5,1,No,Sí
ORD-00775,2024-11-14,2024,2024-11,Q4,Pacífica,Buenaventura,Web,PyME,Laptop Pro 14,Tecnología,Andrés Moreno,3,5268000,5,15804000,790200,15013800,3410000,10230000,4783800,31.86,Cancelado,Efectivo,,,No,No
ORD-00776,2026-09-09,2026,2026-09,Q3,Caribe,Santa Marta,Marketplace,PyME,Webcam HD,Accesorios,Ana Torres,2,259000,10,518000,51800,466200,154000,308000,158200,33.93,Entregado,Tarjeta crédito,4,3,No,Sí
ORD-00777,2026-02-05,2026,2026-02,Q1,Andina,Medellín,Ventas corporativas,Corporativo,Webcam HD,Accesorios,Sofía Herrera,11,251000,5,2761000,138050,2622950,148000,1628000,994950,37.93,Procesando,Tarjeta crédito,4,3,No,No
ORD-00778,2024-10-28,2024,2024-10,Q4,Pacífica,Pasto,Web,Emprendedor,Silla Ergonómica,Mobiliario,Juan Castro,6,1421000,5,8526000,426300,8099700,908000,5448000,2651700,32.74,Entregado,Efectivo,4,2,No,No
ORD-00779,2025-04-28,2025,2025-04,Q2,Caribe,Santa Marta,Marketplace,PyME,Audífonos Bluetooth,Audio,Laura Gómez,5,374000,0,1870000,0,1870000,208000,1040000,830000,44.39,En tránsito,PSE,1,2,No,No
ORD-00780,2024-07-23,2024,2024-07,Q3,Pacífica,Quibdó,Web,Corporativo,Webcam HD,Accesorios,Laura Gómez,1,265000,5,265000,13250,251750,141000,141000,110750,43.99,Entregado,Tarjeta débito,5,5,No,Sí
ORD-00781,2026-04-20,2026,2026-04,Q2,Orinoquía,Yopal,Marketplace,PyME,Escritorio Ajustable,Mobiliario,Diego Martínez,2,2016000,10,4032000,403200,3628800,1496000,2992000,636800,17.55,Procesando,PSE,5,3,No,Sí
ORD-00782,2025-07-31,2025,2025-07,Q3,Andina,Pereira,Tienda física,Consumidor,Escritorio Ajustable,Mobiliario,Andrés Moreno,2,2100000,8,4200000,336000,3864000,1484000,2968000,896000,23.19,Procesando,Tarjeta débito,4,3,No,Sí
ORD-00783,2026-03-13,2026,2026-03,Q1,Andina,Medellín,Ventas corporativas,Corporativo,Laptop Air 13,Tecnología,Andrés Moreno,7,3255000,0,22785000,0,22785000,2723000,19061000,3724000,16.34,Entregado,PSE,5,5,No,Sí
ORD-00784,2026-02-17,2026,2026-02,Q1,Andina,Pereira,Web,PyME,Dock USB-C,Accesorios,Diego Martínez,2,402000,5,804000,40200,763800,233000,466000,297800,38.99,Procesando,Tarjeta débito,4,7,No,No
ORD-00785,2026-05-03,2026,2026-05,Q2,Andina,Medellín,Tienda física,Consumidor,Dock USB-C,Accesorios,Andrés Moreno,2,435000,10,870000,87000,783000,242000,484000,299000,38.19,Procesando,PSE,5,3,No,No
ORD-00786,2024-08-06,2024,2024-08,Q3,Caribe,Cartagena,Web,Corporativo,Dock USB-C,Accesorios,Carlos Ruiz,8,402000,20,3216000,643200,2572800,230000,1840000,732800,28.48,Entregado,PSE,1,3,No,No
ORD-00787,2025-05-29,2025,2025-05,Q2,Orinoquía,Arauca,Web,Emprendedor,Teclado Mecánico,Accesorios,Sofía Herrera,1,332000,5,332000,16600,315400,169000,169000,146400,46.42,Cancelado,Tarjeta crédito,,,No,No
ORD-00788,2026-04-23,2026,2026-04,Q2,Andina,Manizales,Tienda física,Consumidor,Escritorio Ajustable,Mobiliario,Ana Torres,2,2100000,5,4200000,210000,3990000,1487000,2974000,1016000,25.46,Procesando,Tarjeta débito,5,4,No,No
ORD-00789,2024-05-14,2024,2024-05,Q2,Andina,Bogotá,Tienda física,Emprendedor,Laptop Pro 14,Tecnología,Laura Gómez,4,5088000,3,20352000,610560,19741440,3713000,14852000,4889440,24.77,Entregado,PSE,4,3,No,No
ORD-00790,2026-05-18,2026,2026-05,Q2,Orinoquía,Arauca,Ventas corporativas,PyME,Monitor 27,Tecnología,Ana Torres,9,1232000,5,11088000,554400,10533600,864000,7776000,2757600,26.18,En tránsito,PSE,4,3,No,Sí
ORD-00791,2025-03-30,2025,2025-03,Q1,Andina,Pereira,Marketplace,PyME,Monitor 24,Tecnología,Andrés Moreno,2,749000,8,1498000,119840,1378160,533000,1066000,312160,22.65,Entregado,Efectivo,5,3,No,No
ORD-00792,2024-03-29,2024,2024-03,Q1,Caribe,Montería,Web,PyME,Laptop Air 13,Tecnología,Juan Castro,1,3430000,10,3430000,343000,3087000,2544000,2544000,543000,17.59,Procesando,Transferencia,5,5,No,Sí
ORD-00793,2026-01-11,2026,2026-01,Q1,Amazonía,Florencia,Tienda física,PyME,Headset Pro,Audio,Sofía Herrera,6,520000,0,3120000,0,3120000,295000,1770000,1350000,43.27,Entregado,Tarjeta débito,4,3,No,No
ORD-00794,2025-02-27,2025,2025-02,Q1,Andina,Medellín,Ventas corporativas,Corporativo,Teclado Mecánico,Accesorios,Ana Torres,7,298000,3,2086000,62580,2023420,176000,1232000,791420,39.11,Entregado,Tarjeta crédito,5,2,No,No
ORD-00795,2025-08-22,2025,2025-08,Q3,Andina,Pereira,Web,Corporativo,Escritorio Ajustable,Mobiliario,Sofía Herrera,4,2058000,5,8232000,411600,7820400,1478000,5912000,1908400,24.4,Entregado,Tarjeta crédito,5,6,No,No
ORD-00796,2024-08-03,2024,2024-08,Q3,Andina,Manizales,Web,Consumidor,Teclado Mecánico,Accesorios,Juan Castro,1,314000,8,314000,25120,288880,171000,171000,117880,40.81,Entregado,Tarjeta crédito,4,2,No,No
ORD-00797,2026-06-09,2026,2026-06,Q2,Orinoquía,Villavicencio,Tienda física,PyME,Dock USB-C,Accesorios,Laura Gómez,2,435000,15,870000,130500,739500,230000,460000,279500,37.8,Entregado,Transferencia,4,2,No,No
ORD-00798,2025-04-12,2025,2025-04,Q2,Caribe,Montería,Web,PyME,Audífonos Bluetooth,Audio,Carlos Ruiz,5,382000,3,1910000,57300,1852700,204000,1020000,832700,44.95,Entregado,Transferencia,4,8,No,No
ORD-00799,2024-10-02,2024,2024-10,Q4,Amazonía,Florencia,Web,Consumidor,Escritorio Ajustable,Mobiliario,Diego Martínez,2,2058000,15,4116000,617400,3498600,1489000,2978000,520600,14.88,Cancelado,Efectivo,,,No,No
ORD-00800,2024-05-13,2024,2024-05,Q2,Pacífica,Cali,Web,PyME,Laptop Air 13,Tecnología,Ana Torres,4,3636000,10,14544000,1454400,13089600,2615000,10460000,2629600,20.09,Entregado,PSE,5,5,No,Sí
ORD-00801,2024-07-08,2024,2024-07,Q3,Andina,Medellín,Web,Corporativo,Dock USB-C,Accesorios,Diego Martínez,1,402000,8,402000,32160,369840,245000,245000,124840,33.76,Entregado,Transferencia,3,6,Sí,No
ORD-00802,2026-05-01,2026,2026-05,Q2,Caribe,Cartagena,Web,Consumidor,Laptop Air 13,Tecnología,Valentina Rojas,2,3636000,15,7272000,1090800,6181200,2600000,5200000,981200,15.87,Entregado,Efectivo,5,6,No,No
ORD-00803,2024-03-14,2024,2024-03,Q1,Andina,Pereira,Web,PyME,Laptop Pro 14,Tecnología,Diego Martínez,3,4704000,10,14112000,1411200,12700800,3539000,10617000,2083800,16.41,Entregado,Tarjeta débito,1,3,No,No
ORD-00804,2024-02-15,2024,2024-02,Q1,Andina,Manizales,Web,Corporativo,Laptop Air 13,Tecnología,Sofía Herrera,3,3430000,5,10290000,514500,9775500,2570000,7710000,2065500,21.13,En tránsito,Transferencia,5,3,No,Sí
ORD-00805,2025-02-11,2025,2025-02,Q1,Pacífica,Cali,Marketplace,Emprendedor,Webcam HD,Accesorios,Valentina Rojas,2,259000,10,518000,51800,466200,149000,298000,168200,36.08,En tránsito,Transferencia,5,5,No,Sí
ORD-00806,2025-10-31,2025,2025-10,Q4,Amazonía,Florencia,Marketplace,Consumidor,Dock USB-C,Accesorios,Juan Castro,2,394000,3,788000,23640,764360,241000,482000,282360,36.94,Procesando,Transferencia,5,3,No,No
ORD-00807,2026-05-14,2026,2026-05,Q2,Caribe,Santa Marta,Marketplace,PyME,Laptop Air 13,Tecnología,Laura Gómez,10,3562000,5,35620000,1781000,33839000,2596000,25960000,7879000,23.28,Cancelado,PSE,,,No,No
ORD-00808,2025-12-25,2025,2025-12,Q4,Caribe,Cartagena,Marketplace,Emprendedor,Silla Ergonómica,Mobiliario,Juan Castro,4,1559000,5,6236000,311800,5924200,897000,3588000,2336200,39.43,Entregado,PSE,5,3,Sí,No
ORD-00809,2025-11-22,2025,2025-11,Q4,Andina,Bogotá,Web,Corporativo,Silla Ergonómica,Mobiliario,Laura Gómez,1,1592000,5,1592000,79600,1512400,934000,934000,578400,38.24,Entregado,Efectivo,5,4,No,No
ORD-00810,2024-09-11,2024,2024-09,Q3,Andina,Pereira,Web,Consumidor,Laptop Air 13,Tecnología,Andrés Moreno,1,3430000,5,3430000,171500,3258500,2728000,2728000,530500,16.28,Entregado,Tarjeta crédito,5,4,No,Sí
ORD-00811,2025-01-16,2025,2025-01,Q1,Andina,Pereira,Tienda física,Corporativo,Audífonos Bluetooth,Audio,Valentina Rojas,6,390000,5,2340000,117000,2223000,217000,1302000,921000,41.43,Entregado,Tarjeta crédito,5,7,No,Sí
ORD-00812,2026-02-03,2026,2026-02,Q1,Andina,Bogotá,Ventas corporativas,PyME,Dock USB-C,Accesorios,Andrés Moreno,19,381000,3,7239000,217170,7021830,233000,4427000,2594830,36.95,Procesando,Tarjeta débito,4,4,No,No
ORD-00813,2025-03-23,2025,2025-03,Q1,Andina,Medellín,Tienda física,PyME,Teclado Mecánico,Accesorios,Valentina Rojas,1,320000,5,320000,16000,304000,171000,171000,133000,43.75,Entregado,Tarjeta débito,4,1,No,Sí
ORD-00814,2025-04-18,2025,2025-04,Q2,Caribe,Santa Marta,Web,Emprendedor,Laptop Air 13,Tecnología,Valentina Rojas,1,3430000,3,3430000,102900,3327100,2513000,2513000,814100,24.47,Entregado,Transferencia,5,2,No,No
ORD-00815,2024-01-13,2024,2024-01,Q1,Andina,Bucaramanga,Marketplace,Emprendedor,Mouse Inalámbrico,Accesorios,Sofía Herrera,1,173000,10,173000,17300,155700,86000,86000,69700,44.77,Procesando,Transferencia,5,4,No,Sí
ORD-00816,2026-05-22,2026,2026-05,Q2,Caribe,Barranquilla,Tienda física,Emprendedor,Headset Pro,Audio,Laura Gómez,10,551000,0,5510000,0,5510000,295000,2950000,2560000,46.46,Procesando,Tarjeta débito,4,3,No,No
ORD-00817,2024-06-19,2024,2024-06,Q2,Caribe,Valledupar,Web,Corporativo,Dock USB-C,Accesorios,Diego Martínez,4,426000,10,1704000,170400,1533600,232000,928000,605600,39.49,Cancelado,Transferencia,,,No,No
ORD-00818,2024-05-14,2024,2024-05,Q2,Andina,Bogotá,Web,Consumidor,Laptop Air 13,Tecnología,Valentina Rojas,1,3636000,0,3636000,0,3636000,2571000,2571000,1065000,29.29,Entregado,PSE,5,6,No,No
ORD-00819,2025-03-04,2025,2025-03,Q1,Orinoquía,Yopal,Marketplace,Consumidor,Mouse Inalámbrico,Accesorios,Juan Castro,3,173000,8,519000,41520,477480,87000,261000,216480,45.34,Cancelado,Efectivo,,,No,No
ORD-00820,2025-02-05,2025,2025-02,Q1,Andina,Manizales,Marketplace,Emprendedor,Webcam HD,Accesorios,Carlos Ruiz,1,259000,15,259000,38850,220150,141000,141000,79150,35.95,Entregado,Transferencia,1,5,No,No
ORD-00821,2025-03-04,2025,2025-03,Q1,Amazonía,Florencia,Tienda física,Consumidor,Monitor 24,Tecnología,Juan Castro,3,780000,0,2340000,0,2340000,521000,1563000,777000,33.21,Entregado,Efectivo,5,1,No,Sí
ORD-00822,2025-08-05,2025,2025-08,Q3,Caribe,Barranquilla,Web,Corporativo,Mouse Inalámbrico,Accesorios,Diego Martínez,3,176000,10,528000,52800,475200,85000,255000,220200,46.34,Procesando,Tarjeta débito,5,5,No,No
ORD-00823,2025-12-30,2025,2025-12,Q4,Orinoquía,Yopal,Web,PyME,Monitor 27,Tecnología,Ana Torres,6,1372000,0,8232000,0,8232000,825000,4950000,3282000,39.87,Entregado,Transferencia,4,3,No,No
ORD-00824,2024-04-23,2024,2024-04,Q2,Pacífica,Pasto,Web,Emprendedor,Monitor 27,Tecnología,Andrés Moreno,4,1225000,0,4900000,0,4900000,849000,3396000,1504000,30.69,Cancelado,Transferencia,,,No,Sí
ORD-00825,2025-03-03,2025,2025-03,Q1,Amazonía,Mocoa,Web,Consumidor,Silla Ergonómica,Mobiliario,Laura Gómez,4,1421000,8,5684000,454720,5229280,942000,3768000,1461280,27.94,Entregado,PSE,5,7,No,No
ORD-00826,2026-08-07,2026,2026-08,Q3,Caribe,Montería,Marketplace,PyME,Dock USB-C,Accesorios,Ana Torres,1,394000,10,394000,39400,354600,243000,243000,111600,31.47,Procesando,PSE,5,4,No,No
ORD-00827,2024-12-13,2024,2024-12,Q4,Andina,Medellín,Web,Corporativo,Webcam HD,Accesorios,Diego Martínez,1,296000,8,296000,23680,272320,140000,140000,132320,48.59,Cancelado,PSE,,,No,No
ORD-00828,2025-12-06,2025,2025-12,Q4,Caribe,Montería,Web,Corporativo,Audífonos Bluetooth,Audio,Sofía Herrera,1,428000,0,428000,0,428000,200000,200000,228000,53.27,Procesando,PSE,4,5,No,No
ORD-00829,2024-06-11,2024,2024-06,Q2,Caribe,Santa Marta,Marketplace,Corporativo,Webcam HD,Accesorios,Diego Martínez,3,275000,0,825000,0,825000,151000,453000,372000,45.09,Entregado,Tarjeta crédito,4,5,No,No
ORD-00830,2025-08-20,2025,2025-08,Q3,Andina,Pereira,Web,Emprendedor,Laptop Pro 14,Tecnología,Juan Castro,4,4704000,10,18816000,1881600,16934400,3762000,15048000,1886400,11.14,En tránsito,Efectivo,4,8,No,No
ORD-00831,2026-06-05,2026,2026-06,Q2,Orinoquía,Arauca,Ventas corporativas,PyME,Monitor 27,Tecnología,Sofía Herrera,12,1232000,15,14784000,2217600,12566400,788000,9456000,3110400,24.75,Entregado,Efectivo,4,1,No,No
ORD-00832,2026-03-19,2026,2026-03,Q1,Andina,Medellín,Tienda física,Consumidor,Mouse Inalámbrico,Accesorios,Diego Martínez,3,180000,8,540000,43200,496800,82000,246000,250800,50.48,Cancelado,Tarjeta débito,,,No,No
ORD-00833,2024-02-03,2024,2024-02,Q1,Andina,Bogotá,Tienda física,Emprendedor,Mouse Inalámbrico,Accesorios,Diego Martínez,1,180000,20,180000,36000,144000,89000,89000,55000,38.19,Procesando,Tarjeta débito,5,4,No,Sí
ORD-00834,2026-01-27,2026,2026-01,Q1,Andina,Medellín,Marketplace,Consumidor,Monitor 24,Tecnología,Carlos Ruiz,2,749000,0,1498000,0,1498000,521000,1042000,456000,30.44,Procesando,Tarjeta débito,4,3,No,No
ORD-00835,2024-03-03,2024,2024-03,Q1,Andina,Medellín,Marketplace,PyME,Escritorio Ajustable,Mobiliario,Diego Martínez,2,2016000,0,4032000,0,4032000,1488000,2976000,1056000,26.19,Entregado,Tarjeta crédito,5,3,No,No
ORD-00836,2024-08-08,2024,2024-08,Q3,Caribe,Santa Marta,Web,PyME,Escritorio Ajustable,Mobiliario,Andrés Moreno,2,2058000,15,4116000,617400,3498600,1465000,2930000,568600,16.25,En tránsito,Tarjeta crédito,5,5,No,Sí
ORD-00837,2025-02-20,2025,2025-02,Q1,Caribe,Montería,Web,Corporativo,Headset Pro,Audio,Andrés Moreno,2,510000,5,1020000,51000,969000,301000,602000,367000,37.87,Entregado,Tarjeta crédito,4,3,No,No
ORD-00838,2026-08-26,2026,2026-08,Q3,Andina,Bogotá,Ventas corporativas,PyME,Mouse Inalámbrico,Accesorios,Andrés Moreno,12,167000,0,2004000,0,2004000,82000,984000,1020000,50.9,En tránsito,PSE,5,5,No,No
ORD-00839,2025-07-05,2025,2025-07,Q3,Pacífica,Buenaventura,Marketplace,PyME,Laptop Air 13,Tecnología,Ana Torres,1,3360000,5,3360000,168000,3192000,2579000,2579000,613000,19.2,Procesando,PSE,4,2,No,Sí
ORD-00840,2026-02-23,2026,2026-02,Q1,Andina,Medellín,Tienda física,Emprendedor,Monitor 27,Tecnología,Valentina Rojas,1,1250000,15,1250000,187500,1062500,868000,868000,194500,18.31,Cancelado,PSE,,,No,Sí
ORD-00841,2024-09-26,2024,2024-09,Q3,Caribe,Santa Marta,Web,Emprendedor,Mouse Inalámbrico,Accesorios,Valentina Rojas,2,176000,5,352000,17600,334400,88000,176000,158400,47.37,En tránsito,Tarjeta crédito,4,1,No,No
ORD-00842,2025-02-17,2025,2025-02,Q1,Andina,Manizales,Tienda física,PyME,Mouse Inalámbrico,Accesorios,Sofía Herrera,1,180000,5,180000,9000,171000,84000,84000,87000,50.88,Cancelado,PSE,,,No,No
ORD-00843,2024-01-25,2024,2024-01,Q1,Andina,Manizales,Tienda física,Corporativo,Mouse Inalámbrico,Accesorios,Andrés Moreno,4,180000,10,720000,72000,648000,87000,348000,300000,46.3,En tránsito,Efectivo,5,4,No,No
ORD-00844,2026-09-21,2026,2026-09,Q3,Amazonía,Mocoa,Marketplace,PyME,Dock USB-C,Accesorios,Laura Gómez,6,394000,5,2364000,118200,2245800,232000,1392000,853800,38.02,Procesando,PSE,5,4,No,Sí
ORD-00845,2025-01-13,2025,2025-01,Q1,Caribe,Santa Marta,Tienda física,Corporativo,Laptop Air 13,Tecnología,Ana Torres,6,3500000,0,21000000,0,21000000,2750000,16500000,4500000,21.43,Cancelado,Tarjeta débito,,,No,No
ORD-00846,2025-08-10,2025,2025-08,Q3,Andina,Bogotá,Web,Consumidor,Webcam HD,Accesorios,Juan Castro,3,265000,10,795000,79500,715500,143000,429000,286500,40.04,Procesando,PSE,5,4,No,No
ORD-00847,2025-04-01,2025,2025-04,Q2,Pacífica,Buenaventura,Web,PyME,Monitor 27,Tecnología,Laura Gómez,1,1225000,5,1225000,61250,1163750,804000,804000,359750,30.91,Cancelado,Tarjeta débito,,,No,Sí
ORD-00848,2025-02-24,2025,2025-02,Q1,Caribe,Montería,Marketplace,PyME,Laptop Pro 14,Tecnología,Juan Castro,1,4608000,20,4608000,921600,3686400,3541000,3541000,145400,3.94,Procesando,Efectivo,4,2,No,No
ORD-00849,2025-08-11,2025,2025-08,Q3,Andina,Bogotá,Web,Emprendedor,Audífonos Bluetooth,Audio,Diego Martínez,1,382000,5,382000,19100,362900,199000,199000,163900,45.16,Entregado,Tarjeta crédito,5,8,No,No
ORD-00850,2025-03-17,2025,2025-03,Q1,Pacífica,Popayán,Ventas corporativas,Emprendedor,Webcam HD,Accesorios,Andrés Moreno,14,251000,8,3514000,281120,3232880,140000,1960000,1272880,39.37,Cancelado,Efectivo,,,No,No
ORD-00851,2026-01-27,2026,2026-01,Q1,Pacífica,Popayán,Web,PyME,Laptop Pro 14,Tecnología,Diego Martínez,1,4704000,8,4704000,376320,4327680,3546000,3546000,781680,18.06,Entregado,Efectivo,4,6,No,No
ORD-00852,2024-11-30,2024,2024-11,Q4,Caribe,Cartagena,Ventas corporativas,PyME,Escritorio Ajustable,Mobiliario,Ana Torres,21,2187000,0,45927000,0,45927000,1473000,30933000,14994000,32.65,Entregado,Efectivo,3,1,No,No
ORD-00853,2024-03-11,2024,2024-03,Q1,Andina,Bucaramanga,Marketplace,Corporativo,Monitor 24,Tecnología,Ana Torres,1,749000,0,749000,0,749000,540000,540000,209000,27.9,Entregado,Transferencia,4,2,No,Sí
ORD-00854,2026-08-28,2026,2026-08,Q3,Andina,Manizales,Ventas corporativas,Corporativo,Audífonos Bluetooth,Audio,Carlos Ruiz,3,363000,5,1089000,54450,1034550,205000,615000,419550,40.55,Entregado,Tarjeta débito,5,7,No,No
ORD-00855,2024-05-03,2024,2024-05,Q2,Amazonía,Mocoa,Web,PyME,Escritorio Ajustable,Mobiliario,Carlos Ruiz,10,2181000,5,21810000,1090500,20719500,1393000,13930000,6789500,32.77,Entregado,Transferencia,4,8,No,Sí
ORD-00856,2025-01-24,2025,2025-01,Q1,Pacífica,Popayán,Web,Corporativo,Laptop Air 13,Tecnología,Carlos Ruiz,8,3430000,10,27440000,2744000,24696000,2609000,20872000,3824000,15.48,Cancelado,Transferencia,,,No,No
ORD-00857,2024-01-17,2024,2024-01,Q1,Amazonía,Florencia,Tienda física,Corporativo,Audífonos Bluetooth,Audio,Laura Gómez,2,390000,0,780000,0,780000,202000,404000,376000,48.21,Procesando,Tarjeta crédito,1,2,No,No
ORD-00858,2024-08-02,2024,2024-08,Q3,Orinoquía,Arauca,Web,Consumidor,Teclado Mecánico,Accesorios,Ana Torres,2,314000,0,628000,0,628000,171000,342000,286000,45.54,Procesando,PSE,5,4,No,No
ORD-00859,2024-04-22,2024,2024-04,Q2,Pacífica,Cali,Web,Consumidor,Webcam HD,Accesorios,Laura Gómez,2,265000,5,530000,26500,503500,151000,302000,201500,40.02,Procesando,Tarjeta débito,4,5,No,No
ORD-00860,2024-02-17,2024,2024-02,Q1,Caribe,Valledupar,Tienda física,Consumidor,Audífonos Bluetooth,Audio,Andrés Moreno,1,390000,0,390000,0,390000,215000,215000,175000,44.87,Entregado,Transferencia,3,2,No,No
ORD-00861,2025-07-03,2025,2025-07,Q3,Caribe,Valledupar,Web,Corporativo,Headset Pro,Audio,Diego Martínez,2,510000,15,1020000,153000,867000,281000,562000,305000,35.18,Entregado,Tarjeta débito,4,2,No,Sí
ORD-00862,2024-05-12,2024,2024-05,Q2,Pacífica,Buenaventura,Marketplace,PyME,Monitor 24,Tecnología,Ana Torres,4,794000,10,3176000,317600,2858400,504000,2016000,842400,29.47,Procesando,PSE,3,1,No,No
ORD-00863,2026-09-24,2026,2026-09,Q3,Caribe,Valledupar,Tienda física,PyME,Silla Ergonómica,Mobiliario,Valentina Rojas,10,1450000,3,14500000,435000,14065000,976000,9760000,4305000,30.61,Entregado,Tarjeta crédito,5,1,No,No
ORD-00864,2026-09-30,2026,2026-09,Q3,Andina,Medellín,Web,Consumidor,Headset Pro,Audio,Diego Martínez,4,510000,0,2040000,0,2040000,283000,1132000,908000,44.51,Procesando,Efectivo,4,2,No,No
ORD-00865,2024-08-07,2024,2024-08,Q3,Caribe,Santa Marta,Tienda física,Corporativo,Silla Ergonómica,Mobiliario,Andrés Moreno,4,1450000,8,5800000,464000,5336000,941000,3764000,1572000,29.46,Entregado,Tarjeta crédito,5,3,No,No
ORD-00866,2024-12-16,2024,2024-12,Q4,Pacífica,Pasto,Marketplace,PyME,Laptop Air 13,Tecnología,Sofía Herrera,2,3763000,0,7526000,0,7526000,2637000,5274000,2252000,29.92,Entregado,Tarjeta débito,4,6,No,No
ORD-00867,2024-11-10,2024,2024-11,Q4,Caribe,Valledupar,Ventas corporativas,PyME,Laptop Air 13,Tecnología,Juan Castro,14,3646000,5,51044000,2552200,48491800,2741000,38374000,10117800,20.86,Procesando,Efectivo,4,4,No,No
ORD-00868,2024-06-04,2024,2024-06,Q2,Caribe,Valledupar,Web,PyME,Silla Ergonómica,Mobiliario,Ana Torres,2,1506000,5,3012000,150600,2861400,957000,1914000,947400,33.11,Procesando,Efectivo,3,3,No,Sí
ORD-00869,2026-08-10,2026,2026-08,Q3,Pacífica,Buenaventura,Ventas corporativas,Consumidor,Silla Ergonómica,Mobiliario,Andrés Moreno,7,1348000,3,9436000,283080,9152920,982000,6874000,2278920,24.9,En tránsito,PSE,4,7,No,Sí
ORD-00870,2026-08-18,2026,2026-08,Q3,Andina,Bogotá,Marketplace,PyME,Teclado Mecánico,Accesorios,Valentina Rojas,3,307000,0,921000,0,921000,181000,543000,378000,41.04,Procesando,Tarjeta débito,5,1,No,Sí
ORD-00871,2026-04-22,2026,2026-04,Q2,Andina,Medellín,Marketplace,PyME,Dock USB-C,Accesorios,Ana Torres,3,394000,5,1182000,59100,1122900,230000,690000,432900,38.55,Entregado,Tarjeta débito,5,3,No,No
ORD-00872,2025-11-19,2025,2025-11,Q4,Andina,Bucaramanga,Tienda física,Emprendedor,Laptop Pro 14,Tecnología,Sofía Herrera,2,5376000,5,10752000,537600,10214400,3682000,7364000,2850400,27.91,Procesando,Tarjeta crédito,4,7,No,No
ORD-00873,2025-09-16,2025,2025-09,Q3,Caribe,Barranquilla,Web,Emprendedor,Audífonos Bluetooth,Audio,Andrés Moreno,1,382000,20,382000,76400,305600,205000,205000,100600,32.92,Entregado,PSE,4,1,No,Sí
ORD-00874,2024-04-15,2024,2024-04,Q2,Andina,Pereira,Ventas corporativas,PyME,Escritorio Ajustable,Mobiliario,Sofía Herrera,11,1953000,10,21483000,2148300,19334700,1500000,16500000,2834700,14.66,En tránsito,PSE,2,1,No,No
ORD-00875,2025-10-17,2025,2025-10,Q4,Caribe,Montería,Marketplace,Emprendedor,Headset Pro,Audio,Carlos Ruiz,10,499000,0,4990000,0,4990000,276000,2760000,2230000,44.69,En tránsito,Transferencia,4,1,No,No
ORD-00876,2026-05-07,2026,2026-05,Q2,Caribe,Valledupar,Ventas corporativas,Consumidor,Silla Ergonómica,Mobiliario,Carlos Ruiz,5,1429000,8,7145000,571600,6573400,948000,4740000,1833400,27.89,Cancelado,Tarjeta crédito,,,No,No
ORD-00877,2024-09-01,2024,2024-09,Q3,Andina,Pereira,Marketplace,Emprendedor,Dock USB-C,Accesorios,Laura Gómez,4,394000,0,1576000,0,1576000,241000,964000,612000,38.83,En tránsito,Transferencia,5,3,No,No
ORD-00878,2025-10-05,2025,2025-10,Q4,Pacífica,Popayán,Ventas corporativas,Consumidor,Headset Pro,Audio,Juan Castro,5,484000,0,2420000,0,2420000,301000,1505000,915000,37.81,Entregado,PSE,4,5,No,No
ORD-00879,2026-09-15,2026,2026-09,Q3,Andina,Manizales,Web,Emprendedor,Laptop Pro 14,Tecnología,Juan Castro,3,4704000,8,14112000,1128960,12983040,3681000,11043000,1940040,14.94,Entregado,Transferencia,5,5,No,No
ORD-00880,2026-03-10,2026,2026-03,Q1,Pacífica,Popayán,Web,Corporativo,Laptop Air 13,Tecnología,Andrés Moreno,3,3430000,10,10290000,1029000,9261000,2713000,8139000,1122000,12.12,Entregado,Tarjeta débito,4,5,No,No
ORD-00881,2024-07-26,2024,2024-07,Q3,Andina,Manizales,Web,Emprendedor,Mouse Inalámbrico,Accesorios,Sofía Herrera,2,176000,5,352000,17600,334400,83000,166000,168400,50.36,Entregado,Efectivo,3,4,No,No
ORD-00882,2025-02-11,2025,2025-02,Q1,Caribe,Barranquilla,Web,Corporativo,Monitor 24,Tecnología,Sofía Herrera,4,764000,15,3056000,458400,2597600,523000,2092000,505600,19.46,Entregado,Efectivo,4,4,No,No
ORD-00883,2024-03-25,2024,2024-03,Q1,Andina,Medellín,Marketplace,Consumidor,Webcam HD,Accesorios,Diego Martínez,1,259000,0,259000,0,259000,154000,154000,105000,40.54,Entregado,Tarjeta débito,5,4,No,No
ORD-00884,2026-04-11,2026,2026-04,Q2,Andina,Bogotá,Web,PyME,Teclado Mecánico,Accesorios,Valentina Rojas,1,314000,8,314000,25120,288880,183000,183000,105880,36.65,En tránsito,Efectivo,5,5,No,No
ORD-00885,2026-09-29,2026,2026-09,Q3,Andina,Bucaramanga,Marketplace,Corporativo,Audífonos Bluetooth,Audio,Juan Castro,2,374000,10,748000,74800,673200,206000,412000,261200,38.8,Entregado,Tarjeta crédito,5,3,No,No
ORD-00886,2024-05-17,2024,2024-05,Q2,Andina,Medellín,Tienda física,Corporativo,Silla Ergonómica,Mobiliario,Juan Castro,1,1537000,15,1537000,230550,1306450,984000,984000,322450,24.68,Cancelado,Tarjeta crédito,,,No,No
ORD-00887,2025-09-10,2025,2025-09,Q3,Andina,Bucaramanga,Marketplace,Corporativo,Audífonos Bluetooth,Audio,Ana Torres,10,374000,10,3740000,374000,3366000,201000,2010000,1356000,40.29,Entregado,Tarjeta crédito,2,2,No,No
ORD-00888,2025-07-26,2025,2025-07,Q3,Caribe,Santa Marta,Ventas corporativas,Consumidor,Webcam HD,Accesorios,Laura Gómez,7,251000,0,1757000,0,1757000,150000,1050000,707000,40.24,Procesando,Efectivo,4,2,No,No
ORD-00889,2025-12-22,2025,2025-12,Q4,Pacífica,Buenaventura,Web,Consumidor,Dock USB-C,Accesorios,Juan Castro,2,450000,5,900000,45000,855000,241000,482000,373000,43.63,Entregado,Tarjeta crédito,5,2,No,No
ORD-00890,2024-02-24,2024,2024-02,Q1,Pacífica,Pasto,Web,PyME,Escritorio Ajustable,Mobiliario,Diego Martínez,10,2058000,8,20580000,1646400,18933600,1438000,14380000,4553600,24.05,Cancelado,Tarjeta débito,,,No,No
ORD-00891,2026-03-03,2026,2026-03,Q1,Pacífica,Buenaventura,Web,Consumidor,Monitor 27,Tecnología,Valentina Rojas,8,1225000,10,9800000,980000,8820000,814000,6512000,2308000,26.17,Entregado,Transferencia,5,4,No,No
ORD-00892,2025-04-30,2025,2025-04,Q2,Andina,Bucaramanga,Web,Corporativo,Monitor 27,Tecnología,Carlos Ruiz,2,1225000,8,2450000,196000,2254000,859000,1718000,536000,23.78,En tránsito,PSE,3,4,No,No
ORD-00893,2024-04-06,2024,2024-04,Q2,Caribe,Barranquilla,Web,PyME,Escritorio Ajustable,Mobiliario,Valentina Rojas,3,2058000,8,6174000,493920,5680080,1377000,4131000,1549080,27.27,Entregado,PSE,4,6,No,Sí
ORD-00894,2026-07-15,2026,2026-07,Q3,Caribe,Santa Marta,Ventas corporativas,PyME,Laptop Air 13,Tecnología,Andrés Moreno,16,3255000,5,52080000,2604000,49476000,2635000,42160000,7316000,14.79,Entregado,Tarjeta débito,5,4,No,No
ORD-00895,2026-04-13,2026,2026-04,Q2,Pacífica,Cali,Web,Emprendedor,Escritorio Ajustable,Mobiliario,Ana Torres,2,2058000,15,4116000,617400,3498600,1497000,2994000,504600,14.42,Entregado,Tarjeta crédito,3,6,No,No
ORD-00896,2025-09-09,2025,2025-09,Q3,Andina,Pereira,Ventas corporativas,Consumidor,Mouse Inalámbrico,Accesorios,Andrés Moreno,23,167000,10,3841000,384100,3456900,88000,2024000,1432900,41.45,Entregado,Tarjeta débito,3,3,No,No
ORD-00897,2024-02-12,2024,2024-02,Q1,Andina,Manizales,Marketplace,Emprendedor,Headset Pro,Audio,Valentina Rojas,5,499000,0,2495000,0,2495000,288000,1440000,1055000,42.28,Cancelado,Efectivo,,,No,No
ORD-00898,2024-10-16,2024,2024-10,Q4,Andina,Manizales,Web,PyME,Monitor 24,Tecnología,Andrés Moreno,3,764000,5,2292000,114600,2177400,509000,1527000,650400,29.87,En tránsito,Efectivo,2,5,No,No
ORD-00899,2025-05-24,2025,2025-05,Q2,Amazonía,Florencia,Marketplace,Corporativo,Headset Pro,Audio,Laura Gómez,2,529000,0,1058000,0,1058000,301000,602000,456000,43.1,Entregado,Efectivo,5,2,No,Sí
ORD-00900,2026-09-16,2026,2026-09,Q3,Andina,Medellín,Ventas corporativas,PyME,Mouse Inalámbrico,Accesorios,Diego Martínez,11,167000,10,1837000,183700,1653300,86000,946000,707300,42.78,Entregado,Tarjeta crédito,5,3,No,No
ORD-00901,2024-07-09,2024,2024-07,Q3,Orinoquía,Arauca,Web,PyME,Mouse Inalámbrico,Accesorios,Diego Martínez,1,176000,0,176000,0,176000,87000,87000,89000,50.57,Entregado,PSE,4,5,Sí,No
ORD-00902,2025-02-03,2025,2025-02,Q1,Pacífica,Pasto,Web,Emprendedor,Dock USB-C,Accesorios,Sofía Herrera,1,402000,3,402000,12060,389940,241000,241000,148940,38.2,En tránsito,Tarjeta débito,5,4,No,No
ORD-00903,2025-10-31,2025,2025-10,Q4,Pacífica,Pasto,Marketplace,Corporativo,Dock USB-C,Accesorios,Andrés Moreno,2,394000,5,788000,39400,748600,232000,464000,284600,38.02,Entregado,Tarjeta débito,4,1,No,No
ORD-00904,2024-08-16,2024,2024-08,Q3,Andina,Bogotá,Web,Emprendedor,Laptop Air 13,Tecnología,Valentina Rojas,4,3430000,0,13720000,0,13720000,2636000,10544000,3176000,23.15,Entregado,PSE,4,3,No,No
ORD-00905,2024-10-18,2024,2024-10,Q4,Pacífica,Pasto,Marketplace,Corporativo,Laptop Air 13,Tecnología,Carlos Ruiz,2,3360000,15,6720000,1008000,5712000,2549000,5098000,614000,10.75,Entregado,Tarjeta crédito,4,7,No,Sí
ORD-00906,2026-05-03,2026,2026-05,Q2,Andina,Bogotá,Marketplace,Emprendedor,Audífonos Bluetooth,Audio,Diego Martínez,1,397000,8,397000,31760,365240,206000,206000,159240,43.6,Entregado,Tarjeta débito,5,7,No,No
ORD-00907,2024-02-14,2024,2024-02,Q1,Caribe,Cartagena,Ventas corporativas,PyME,Mouse Inalámbrico,Accesorios,Valentina Rojas,5,167000,5,835000,41750,793250,83000,415000,378250,47.68,Cancelado,Tarjeta débito,,,No,No
ORD-00908,2025-06-01,2025,2025-06,Q2,Andina,Medellín,Web,Emprendedor,Headset Pro,Audio,Juan Castro,3,540000,5,1620000,81000,1539000,298000,894000,645000,41.91,Entregado,Tarjeta crédito,5,4,No,Sí
ORD-00909,2024-03-07,2024,2024-03,Q1,Andina,Pereira,Tienda física,PyME,Laptop Pro 14,Tecnología,Laura Gómez,1,4800000,15,4800000,720000,4080000,3539000,3539000,541000,13.26,Entregado,Efectivo,5,4,No,Sí
ORD-00910,2025-01-31,2025,2025-01,Q1,Pacífica,Cali,Marketplace,Emprendedor,Monitor 24,Tecnología,Andrés Moreno,1,749000,5,749000,37450,711550,491000,491000,220550,31.0,En tránsito,Tarjeta débito,5,2,No,No
ORD-00911,2025-09-19,2025,2025-09,Q3,Andina,Manizales,Ventas corporativas,Consumidor,Webcam HD,Accesorios,Sofía Herrera,16,251000,15,4016000,602400,3413600,142000,2272000,1141600,33.44,Entregado,Tarjeta débito,3,2,No,No
ORD-00912,2024-01-22,2024,2024-01,Q1,Caribe,Santa Marta,Web,Corporativo,Monitor 27,Tecnología,Valentina Rojas,2,1225000,15,2450000,367500,2082500,857000,1714000,368500,17.7,En tránsito,Transferencia,3,3,No,No
ORD-00913,2025-03-30,2025,2025-03,Q1,Amazonía,Florencia,Web,PyME,Mouse Inalámbrico,Accesorios,Juan Castro,3,176000,0,528000,0,528000,86000,258000,270000,51.14,Entregado,Transferencia,4,3,No,No
ORD-00914,2026-02-21,2026,2026-02,Q1,Pacífica,Pasto,Web,Emprendedor,Headset Pro,Audio,Laura Gómez,2,510000,5,1020000,51000,969000,289000,578000,391000,40.35,En tránsito,Tarjeta débito,4,6,No,Sí
ORD-00915,2025-07-18,2025,2025-07,Q3,Orinoquía,Arauca,Ventas corporativas,PyME,Dock USB-C,Accesorios,Ana Torres,12,381000,0,4572000,0,4572000,230000,2760000,1812000,39.63,Procesando,Transferencia,5,1,No,No
ORD-00916,2026-03-31,2026,2026-03,Q1,Andina,Manizales,Tienda física,PyME,Mouse Inalámbrico,Accesorios,Carlos Ruiz,5,180000,0,900000,0,900000,90000,450000,450000,50.0,Entregado,Tarjeta crédito,5,1,No,Sí
ORD-00917,2024-01-09,2024,2024-01,Q1,Orinoquía,Villavicencio,Ventas corporativas,Emprendedor,Mouse Inalámbrico,Accesorios,Juan Castro,8,167000,0,1336000,0,1336000,83000,664000,672000,50.3,Entregado,Efectivo,3,3,No,No
ORD-00918,2025-04-02,2025,2025-04,Q2,Caribe,Cartagena,Web,Emprendedor,Teclado Mecánico,Accesorios,Andrés Moreno,5,314000,0,1570000,0,1570000,183000,915000,655000,41.72,Entregado,PSE,4,4,No,No
ORD-00919,2026-07-14,2026,2026-07,Q3,Andina,Bogotá,Ventas corporativas,Corporativo,Headset Pro,Audio,Laura Gómez,8,484000,10,3872000,387200,3484800,277000,2216000,1268800,36.41,En tránsito,Efectivo,4,2,No,No
ORD-00920,2026-04-17,2026,2026-04,Q2,Andina,Manizales,Tienda física,Emprendedor,Escritorio Ajustable,Mobiliario,Juan Castro,2,2100000,0,4200000,0,4200000,1433000,2866000,1334000,31.76,Cancelado,Tarjeta crédito,,,No,No
ORD-00921,2024-03-11,2024,2024-03,Q1,Andina,Pereira,Marketplace,PyME,Teclado Mecánico,Accesorios,Juan Castro,6,307000,0,1842000,0,1842000,184000,1104000,738000,40.07,Cancelado,PSE,,,No,No
ORD-00922,2026-08-29,2026,2026-08,Q3,Pacífica,Pasto,Ventas corporativas,Consumidor,Escritorio Ajustable,Mobiliario,Laura Gómez,17,1953000,15,33201000,4980150,28220850,1423000,24191000,4029850,14.28,Entregado,Transferencia,4,1,No,No
ORD-00923,2024-06-19,2024,2024-06,Q2,Andina,Medellín,Web,Consumidor,Audífonos Bluetooth,Audio,Andrés Moreno,2,405000,5,810000,40500,769500,198000,396000,373500,48.54,Cancelado,Tarjeta crédito,,,No,No
ORD-00924,2024-02-02,2024,2024-02,Q1,Andina,Pereira,Marketplace,Emprendedor,Laptop Pro 14,Tecnología,Sofía Herrera,1,4608000,5,4608000,230400,4377600,3729000,3729000,648600,14.82,En tránsito,Transferencia,4,3,No,No
ORD-00925,2026-04-02,2026,2026-04,Q2,Caribe,Montería,Marketplace,PyME,Dock USB-C,Accesorios,Juan Castro,1,394000,5,394000,19700,374300,232000,232000,142300,38.02,Entregado,Efectivo,4,7,No,No
ORD-00926,2024-01-24,2024,2024-01,Q1,Pacífica,Cali,Web,PyME,Monitor 24,Tecnología,Juan Castro,2,764000,0,1528000,0,1528000,530000,1060000,468000,30.63,Entregado,Efectivo,1,2,No,Sí
ORD-00927,2025-08-19,2025,2025-08,Q3,Caribe,Montería,Ventas corporativas,Consumidor,Headset Pro,Audio,Laura Gómez,6,484000,8,2904000,232320,2671680,275000,1650000,1021680,38.24,Entregado,Transferencia,5,4,No,No
ORD-00928,2024-08-26,2024,2024-08,Q3,Andina,Bogotá,Web,PyME,Dock USB-C,Accesorios,Sofía Herrera,2,402000,5,804000,40200,763800,230000,460000,303800,39.77,En tránsito,Efectivo,5,5,No,No
ORD-00929,2024-03-03,2024,2024-03,Q1,Caribe,Valledupar,Web,PyME,Laptop Pro 14,Tecnología,Ana Torres,10,4704000,3,47040000,1411200,45628800,3720000,37200000,8428800,18.47,Procesando,PSE,5,3,No,No
ORD-00930,2024-08-21,2024,2024-08,Q3,Andina,Pereira,Tienda física,Emprendedor,Teclado Mecánico,Accesorios,Sofía Herrera,2,320000,3,640000,19200,620800,175000,350000,270800,43.62,Entregado,PSE,4,1,No,No
ORD-00931,2024-03-07,2024,2024-03,Q1,Andina,Manizales,Ventas corporativas,Corporativo,Mouse Inalámbrico,Accesorios,Carlos Ruiz,11,167000,0,1837000,0,1837000,88000,968000,869000,47.31,Cancelado,PSE,,,No,No
ORD-00932,2026-07-27,2026,2026-07,Q3,Orinoquía,Arauca,Tienda física,Consumidor,Headset Pro,Audio,Juan Castro,8,520000,5,4160000,208000,3952000,294000,2352000,1600000,40.49,Entregado,Efectivo,5,1,No,No
ORD-00933,2024-07-13,2024,2024-07,Q3,Andina,Medellín,Marketplace,Consumidor,Laptop Pro 14,Tecnología,Andrés Moreno,2,4608000,15,9216000,1382400,7833600,3523000,7046000,787600,10.05,En tránsito,Tarjeta débito,4,3,No,Sí
ORD-00934,2026-02-07,2026,2026-02,Q1,Andina,Bogotá,Marketplace,Emprendedor,Monitor 27,Tecnología,Ana Torres,2,1200000,15,2400000,360000,2040000,799000,1598000,442000,21.67,Entregado,Tarjeta débito,5,3,Sí,Sí
ORD-00935,2025-02-04,2025,2025-02,Q1,Caribe,Santa Marta,Web,PyME,Mouse Inalámbrico,Accesorios,Andrés Moreno,2,176000,0,352000,0,352000,89000,178000,174000,49.43,Procesando,Transferencia,4,3,No,No
ORD-00936,2026-05-22,2026,2026-05,Q2,Andina,Bogotá,Ventas corporativas,PyME,Mouse Inalámbrico,Accesorios,Sofía Herrera,7,177000,8,1239000,99120,1139880,87000,609000,530880,46.57,Entregado,Tarjeta débito,5,4,No,No
ORD-00937,2024-11-14,2024,2024-11,Q4,Pacífica,Popayán,Web,Consumidor,Escritorio Ajustable,Mobiliario,Juan Castro,1,2305000,3,2305000,69150,2235850,1466000,1466000,769850,34.43,Cancelado,Efectivo,,,No,No
ORD-00938,2024-03-05,2024,2024-03,Q1,Andina,Bucaramanga,Web,Corporativo,Dock USB-C,Accesorios,Sofía Herrera,8,402000,8,3216000,257280,2958720,247000,1976000,982720,33.21,Entregado,Efectivo,5,3,No,No
ORD-00939,2026-03-23,2026,2026-03,Q1,Andina,Medellín,Ventas corporativas,Emprendedor,Monitor 27,Tecnología,Laura Gómez,19,1162000,20,22078000,4415600,17662400,806000,15314000,2348400,13.3,Procesando,PSE,5,4,No,No
ORD-00940,2024-04-07,2024,2024-04,Q2,Andina,Medellín,Web,PyME,Escritorio Ajustable,Mobiliario,Andrés Moreno,2,2058000,5,4116000,205800,3910200,1491000,2982000,928200,23.74,Cancelado,Transferencia,,,No,No
ORD-00941,2026-03-21,2026,2026-03,Q1,Pacífica,Buenaventura,Marketplace,Emprendedor,Mouse Inalámbrico,Accesorios,Sofía Herrera,1,173000,3,173000,5190,167810,87000,87000,80810,48.16,Entregado,PSE,5,2,No,No
ORD-00942,2024-11-17,2024,2024-11,Q4,Caribe,Valledupar,Marketplace,Corporativo,Monitor 24,Tecnología,Diego Martínez,3,839000,15,2517000,377550,2139450,520000,1560000,579450,27.08,Entregado,Transferencia,3,5,No,No
ORD-00943,2026-04-18,2026,2026-04,Q2,Pacífica,Pasto,Web,Corporativo,Teclado Mecánico,Accesorios,Ana Torres,1,314000,0,314000,0,314000,179000,179000,135000,42.99,En tránsito,Transferencia,3,3,No,No
ORD-00944,2025-07-22,2025,2025-07,Q3,Andina,Manizales,Web,PyME,Mouse Inalámbrico,Accesorios,Laura Gómez,1,176000,3,176000,5280,170720,88000,88000,82720,48.45,En tránsito,PSE,4,3,No,No
ORD-00945,2025-01-12,2025,2025-01,Q1,Andina,Manizales,Web,PyME,Silla Ergonómica,Mobiliario,Sofía Herrera,2,1421000,3,2842000,85260,2756740,909000,1818000,938740,34.05,Procesando,PSE,5,3,No,No
ORD-00946,2025-08-05,2025,2025-08,Q3,Andina,Pereira,Marketplace,Consumidor,Laptop Pro 14,Tecnología,Juan Castro,4,4608000,5,18432000,921600,17510400,3737000,14948000,2562400,14.63,Entregado,PSE,4,4,No,Sí
ORD-00947,2024-12-17,2024,2024-12,Q4,Pacífica,Popayán,Tienda física,PyME,Dock USB-C,Accesorios,Ana Torres,2,459000,8,918000,73440,844560,235000,470000,374560,44.35,Entregado,Tarjeta crédito,3,3,No,No
ORD-00948,2026-06-08,2026,2026-06,Q2,Andina,Medellín,Tienda física,Consumidor,Laptop Pro 14,Tecnología,Ana Torres,3,5088000,0,15264000,0,15264000,3707000,11121000,4143000,27.14,Entregado,Efectivo,2,3,No,No
ORD-00949,2025-01-31,2025,2025-01,Q1,Pacífica,Popayán,Tienda física,PyME,Laptop Pro 14,Tecnología,Laura Gómez,1,4800000,0,4800000,0,4800000,3662000,3662000,1138000,23.71,En tránsito,Tarjeta débito,5,1,No,Sí
ORD-00950,2025-05-18,2025,2025-05,Q2,Andina,Bogotá,Ventas corporativas,Corporativo,Escritorio Ajustable,Mobiliario,Ana Torres,6,2070000,5,12420000,621000,11799000,1385000,8310000,3489000,29.57,Entregado,Tarjeta débito,5,3,No,No
ORD-00951,2024-09-19,2024,2024-09,Q3,Andina,Bucaramanga,Web,Emprendedor,Teclado Mecánico,Accesorios,Valentina Rojas,3,314000,5,942000,47100,894900,176000,528000,366900,41.0,Cancelado,Tarjeta débito,,,No,Sí
ORD-00952,2024-02-12,2024,2024-02,Q1,Andina,Bogotá,Ventas corporativas,Emprendedor,Audífonos Bluetooth,Audio,Sofía Herrera,16,363000,10,5808000,580800,5227200,203000,3248000,1979200,37.86,Cancelado,PSE,,,No,No
ORD-00953,2025-10-25,2025,2025-10,Q4,Caribe,Valledupar,Web,Corporativo,Teclado Mecánico,Accesorios,Juan Castro,1,314000,0,314000,0,314000,183000,183000,131000,41.72,Entregado,Transferencia,5,7,No,No
ORD-00954,2025-09-08,2025,2025-09,Q3,Pacífica,Popayán,Tienda física,PyME,Webcam HD,Accesorios,Laura Gómez,1,270000,20,270000,54000,216000,152000,152000,64000,29.63,Entregado,PSE,3,4,No,No
ORD-00955,2024-11-06,2024,2024-11,Q4,Caribe,Valledupar,Web,Consumidor,Monitor 27,Tecnología,Carlos Ruiz,2,1372000,8,2744000,219520,2524480,867000,1734000,790480,31.31,Cancelado,PSE,,,No,No
ORD-00956,2024-01-23,2024,2024-01,Q1,Andina,Bogotá,Web,Consumidor,Laptop Air 13,Tecnología,Laura Gómez,1,3430000,15,3430000,514500,2915500,2727000,2727000,188500,6.47,Entregado,Transferencia,5,4,No,Sí
ORD-00957,2024-04-25,2024,2024-04,Q2,Andina,Medellín,Ventas corporativas,PyME,Webcam HD,Accesorios,Valentina Rojas,18,251000,3,4518000,135540,4382460,140000,2520000,1862460,42.5,Procesando,Tarjeta crédito,4,3,No,Sí
ORD-00958,2025-03-18,2025,2025-03,Q1,Pacífica,Popayán,Ventas corporativas,PyME,Monitor 27,Tecnología,Sofía Herrera,5,1162000,8,5810000,464800,5345200,866000,4330000,1015200,18.99,Entregado,Tarjeta crédito,5,2,No,No
ORD-00959,2026-09-13,2026,2026-09,Q3,Orinoquía,Villavicencio,Tienda física,Emprendedor,Audífonos Bluetooth,Audio,Laura Gómez,1,390000,8,390000,31200,358800,215000,215000,143800,40.08,En tránsito,PSE,5,2,No,No
ORD-00960,2025-09-04,2025,2025-09,Q3,Andina,Manizales,Web,Corporativo,Silla Ergonómica,Mobiliario,Valentina Rojas,3,1421000,5,4263000,213150,4049850,944000,2832000,1217850,30.07,Entregado,PSE,5,1,No,No
ORD-00961,2024-12-21,2024,2024-12,Q4,Pacífica,Buenaventura,Marketplace,Consumidor,Headset Pro,Audio,Andrés Moreno,2,559000,5,1118000,55900,1062100,284000,568000,494100,46.52,En tránsito,Transferencia,3,3,No,No
ORD-00962,2026-06-01,2026,2026-06,Q2,Pacífica,Cali,Tienda física,Consumidor,Mouse Inalámbrico,Accesorios,Ana Torres,5,191000,8,955000,76400,878600,87000,435000,443600,50.49,Procesando,Tarjeta débito,5,4,No,No
ORD-00963,2025-02-09,2025,2025-02,Q1,Andina,Manizales,Ventas corporativas,Emprendedor,Laptop Air 13,Tecnología,Juan Castro,18,3255000,0,58590000,0,58590000,2497000,44946000,13644000,23.29,Procesando,Transferencia,5,4,No,Sí
ORD-00964,2026-01-19,2026,2026-01,Q1,Pacífica,Pasto,Ventas corporativas,Consumidor,Silla Ergonómica,Mobiliario,Diego Martínez,12,1348000,0,16176000,0,16176000,925000,11100000,5076000,31.38,En tránsito,Transferencia,5,4,No,Sí
ORD-00965,2025-12-11,2025,2025-12,Q4,Orinoquía,Villavicencio,Web,Corporativo,Audífonos Bluetooth,Audio,Diego Martínez,4,428000,5,1712000,85600,1626400,199000,796000,830400,51.06,Entregado,Efectivo,5,3,No,No
ORD-00966,2026-09-01,2026,2026-09,Q3,Pacífica,Cali,Web,PyME,Laptop Pro 14,Tecnología,Juan Castro,1,4704000,0,4704000,0,4704000,3684000,3684000,1020000,21.68,Entregado,Transferencia,4,7,No,Sí
ORD-00967,2025-09-03,2025,2025-09,Q3,Andina,Manizales,Web,Corporativo,Mouse Inalámbrico,Accesorios,Juan Castro,2,176000,8,352000,28160,323840,86000,172000,151840,46.89,Procesando,Tarjeta crédito,5,2,No,Sí
ORD-00968,2025-04-29,2025,2025-04,Q2,Orinoquía,Yopal,Marketplace,Corporativo,Silla Ergonómica,Mobiliario,Laura Gómez,2,1392000,8,2784000,222720,2561280,975000,1950000,611280,23.87,Cancelado,Transferencia,,,No,Sí
ORD-00969,2025-05-14,2025,2025-05,Q2,Pacífica,Cali,Web,Consumidor,Webcam HD,Accesorios,Andrés Moreno,1,280000,3,280000,8400,271600,151000,151000,120600,44.4,Cancelado,Transferencia,,,No,No
ORD-00970,2024-09-04,2024,2024-09,Q3,Caribe,Montería,Web,PyME,Laptop Pro 14,Tecnología,Ana Torres,3,4704000,8,14112000,1128960,12983040,3568000,10704000,2279040,17.55,Procesando,Efectivo,4,1,No,No
ORD-00971,2026-03-10,2026,2026-03,Q1,Andina,Pereira,Web,Emprendedor,Webcam HD,Accesorios,Andrés Moreno,1,265000,3,265000,7950,257050,147000,147000,110050,42.81,Procesando,Tarjeta débito,5,7,No,No
ORD-00972,2024-10-27,2024,2024-10,Q4,Pacífica,Cali,Tienda física,PyME,Teclado Mecánico,Accesorios,Ana Torres,2,320000,8,640000,51200,588800,185000,370000,218800,37.16,Entregado,Transferencia,4,4,No,Sí
ORD-00973,2024-07-06,2024,2024-07,Q3,Andina,Pereira,Web,PyME,Webcam HD,Accesorios,Andrés Moreno,2,265000,8,530000,42400,487600,152000,304000,183600,37.65,Entregado,PSE,3,7,No,No
ORD-00974,2025-03-16,2025,2025-03,Q1,Andina,Pereira,Web,Corporativo,Audífonos Bluetooth,Audio,Carlos Ruiz,3,382000,5,1146000,57300,1088700,197000,591000,497700,45.72,En tránsito,Tarjeta crédito,5,4,No,Sí
ORD-00975,2026-08-29,2026,2026-08,Q3,Pacífica,Popayán,Tienda física,Consumidor,Dock USB-C,Accesorios,Juan Castro,1,410000,15,410000,61500,348500,229000,229000,119500,34.29,Entregado,Efectivo,5,2,No,Sí
ORD-00976,2024-03-09,2024,2024-03,Q1,Amazonía,Mocoa,Tienda física,PyME,Monitor 27,Tecnología,Laura Gómez,1,1250000,0,1250000,0,1250000,804000,804000,446000,35.68,Entregado,Efectivo,5,2,No,No
ORD-00977,2024-04-25,2024,2024-04,Q2,Caribe,Santa Marta,Tienda física,Corporativo,Escritorio Ajustable,Mobiliario,Carlos Ruiz,2,2100000,10,4200000,420000,3780000,1409000,2818000,962000,25.45,Entregado,Tarjeta débito,5,4,No,No
ORD-00978,2025-10-10,2025,2025-10,Q4,Caribe,Barranquilla,Marketplace,Consumidor,Monitor 27,Tecnología,Ana Torres,5,1200000,0,6000000,0,6000000,850000,4250000,1750000,29.17,En tránsito,Tarjeta débito,4,5,No,No
ORD-00979,2025-02-27,2025,2025-02,Q1,Pacífica,Pasto,Marketplace,Corporativo,Monitor 24,Tecnología,Diego Martínez,2,749000,10,1498000,149800,1348200,492000,984000,364200,27.01,Entregado,Tarjeta débito,2,1,No,No
ORD-00980,2026-08-30,2026,2026-08,Q3,Pacífica,Popayán,Ventas corporativas,PyME,Headset Pro,Audio,Carlos Ruiz,7,484000,8,3388000,271040,3116960,282000,1974000,1142960,36.67,Entregado,Tarjeta débito,2,1,No,No
ORD-00981,2024-02-10,2024,2024-02,Q1,Andina,Manizales,Tienda física,Corporativo,Teclado Mecánico,Accesorios,Andrés Moreno,5,320000,15,1600000,240000,1360000,173000,865000,495000,36.4,Procesando,Transferencia,5,6,No,No
ORD-00982,2026-05-09,2026,2026-05,Q2,Pacífica,Quibdó,Tienda física,Emprendedor,Headset Pro,Audio,Carlos Ruiz,3,551000,8,1653000,132240,1520760,287000,861000,659760,43.38,Entregado,PSE,5,1,No,No
ORD-00983,2026-08-14,2026,2026-08,Q3,Andina,Bucaramanga,Tienda física,Corporativo,Escritorio Ajustable,Mobiliario,Valentina Rojas,2,2100000,15,4200000,630000,3570000,1492000,2984000,586000,16.41,Procesando,PSE,4,4,No,Sí
ORD-00984,2025-03-10,2025,2025-03,Q1,Pacífica,Buenaventura,Ventas corporativas,Emprendedor,Escritorio Ajustable,Mobiliario,Juan Castro,7,1953000,0,13671000,0,13671000,1461000,10227000,3444000,25.19,Cancelado,Tarjeta débito,,,No,No
ORD-00985,2025-08-18,2025,2025-08,Q3,Caribe,Barranquilla,Marketplace,Consumidor,Audífonos Bluetooth,Audio,Ana Torres,1,374000,3,374000,11220,362780,209000,209000,153780,42.39,Cancelado,Transferencia,,,No,No
ORD-00986,2025-02-05,2025,2025-02,Q1,Caribe,Santa Marta,Tienda física,Consumidor,Escritorio Ajustable,Mobiliario,Laura Gómez,2,2100000,3,4200000,126000,4074000,1373000,2746000,1328000,32.6,Entregado,Tarjeta crédito,5,3,No,Sí
ORD-00987,2026-08-14,2026,2026-08,Q3,Andina,Manizales,Ventas corporativas,Corporativo,Webcam HD,Accesorios,Valentina Rojas,9,251000,5,2259000,112950,2146050,145000,1305000,841050,39.19,Entregado,PSE,4,6,Sí,Sí
ORD-00988,2024-07-04,2024,2024-07,Q3,Andina,Bogotá,Marketplace,PyME,Laptop Pro 14,Tecnología,Laura Gómez,1,4608000,5,4608000,230400,4377600,3503000,3503000,874600,19.98,Entregado,Tarjeta crédito,5,3,No,Sí
ORD-00989,2026-09-27,2026,2026-09,Q3,Caribe,Santa Marta,Tienda física,Emprendedor,Teclado Mecánico,Accesorios,Diego Martínez,1,320000,8,320000,25600,294400,178000,178000,116400,39.54,Entregado,Tarjeta débito,4,3,No,No
ORD-00990,2026-04-24,2026,2026-04,Q2,Andina,Pereira,Web,PyME,Escritorio Ajustable,Mobiliario,Valentina Rojas,1,2058000,8,2058000,164640,1893360,1450000,1450000,443360,23.42,Entregado,Tarjeta débito,3,5,No,Sí
ORD-00991,2025-09-16,2025,2025-09,Q3,Andina,Medellín,Web,Consumidor,Monitor 24,Tecnología,Valentina Rojas,1,764000,8,764000,61120,702880,512000,512000,190880,27.16,Procesando,Transferencia,5,3,No,No
ORD-00992,2026-01-26,2026,2026-01,Q1,Orinoquía,Arauca,Web,Corporativo,Dock USB-C,Accesorios,Juan Castro,4,402000,0,1608000,0,1608000,241000,964000,644000,40.05,En tránsito,Tarjeta crédito,5,5,No,No
ORD-00993,2025-09-22,2025,2025-09,Q3,Andina,Manizales,Web,Corporativo,Escritorio Ajustable,Mobiliario,Valentina Rojas,1,2058000,0,2058000,0,2058000,1482000,1482000,576000,27.99,Cancelado,Tarjeta débito,,,No,Sí
ORD-00994,2024-12-27,2024,2024-12,Q4,Andina,Medellín,Web,Emprendedor,Audífonos Bluetooth,Audio,Laura Gómez,1,428000,8,428000,34240,393760,206000,206000,187760,47.68,Entregado,Transferencia,5,4,No,No
ORD-00995,2025-01-03,2025,2025-01,Q1,Andina,Manizales,Marketplace,PyME,Dock USB-C,Accesorios,Ana Torres,6,394000,0,2364000,0,2364000,232000,1392000,972000,41.12,Entregado,Tarjeta débito,5,3,No,Sí
ORD-00996,2025-08-22,2025,2025-08,Q3,Caribe,Valledupar,Marketplace,PyME,Silla Ergonómica,Mobiliario,Carlos Ruiz,5,1392000,20,6960000,1392000,5568000,927000,4635000,933000,16.76,Entregado,Efectivo,5,6,No,No
ORD-00997,2025-04-08,2025,2025-04,Q2,Andina,Medellín,Web,Consumidor,Dock USB-C,Accesorios,Laura Gómez,6,402000,3,2412000,72360,2339640,233000,1398000,941640,40.25,Procesando,Efectivo,3,6,No,No
ORD-00998,2026-03-14,2026,2026-03,Q1,Orinoquía,Arauca,Web,PyME,Monitor 27,Tecnología,Ana Torres,2,1225000,5,2450000,122500,2327500,801000,1602000,725500,31.17,Entregado,Efectivo,4,4,No,Sí
ORD-00999,2025-04-18,2025,2025-04,Q2,Caribe,Santa Marta,Web,Corporativo,Audífonos Bluetooth,Audio,Laura Gómez,2,382000,0,764000,0,764000,213000,426000,338000,44.24,Entregado,Efectivo,5,4,No,No
ORD-01000,2024-02-28,2024,2024-02,Q1,Andina,Medellín,Tienda física,PyME,Laptop Pro 14,Tecnología,Diego Martínez,5,4800000,3,24000000,720000,23280000,3624000,18120000,5160000,22.16,Entregado,Tarjeta débito,4,3,No,No
ORD-01001,2026-02-11,2026,2026-02,Q1,Andina,Manizales,Web,Emprendedor,Monitor 27,Tecnología,Andrés Moreno,2,1225000,10,2450000,245000,2205000,843000,1686000,519000,23.54,En tránsito,Efectivo,5,5,No,No
ORD-01002,2025-09-12,2025,2025-09,Q3,Caribe,Montería,Tienda física,Emprendedor,Teclado Mecánico,Accesorios,Valentina Rojas,2,320000,5,640000,32000,608000,177000,354000,254000,41.78,Entregado,Transferencia,5,2,No,No
ORD-01003,2025-01-17,2025,2025-01,Q1,Andina,Manizales,Marketplace,Consumidor,Monitor 24,Tecnología,Ana Torres,1,749000,10,749000,74900,674100,528000,528000,146100,21.67,En tránsito,PSE,5,4,No,No
ORD-01004,2024-05-25,2024,2024-05,Q2,Andina,Medellín,Web,Consumidor,Webcam HD,Accesorios,Carlos Ruiz,2,280000,10,560000,56000,504000,145000,290000,214000,42.46,Entregado,PSE,4,8,No,No
ORD-01005,2024-12-24,2024,2024-12,Q4,Caribe,Montería,Ventas corporativas,Consumidor,Headset Pro,Audio,Andrés Moreno,7,542000,5,3794000,189700,3604300,288000,2016000,1588300,44.07,En tránsito,Tarjeta crédito,2,5,No,No
ORD-01006,2024-07-17,2024,2024-07,Q3,Andina,Pereira,Web,Corporativo,Monitor 27,Tecnología,Andrés Moreno,1,1225000,10,1225000,122500,1102500,833000,833000,269500,24.44,Entregado,PSE,4,4,Sí,No
ORD-01007,2024-10-18,2024,2024-10,Q4,Andina,Pereira,Web,Consumidor,Escritorio Ajustable,Mobiliario,Carlos Ruiz,2,2058000,5,4116000,205800,3910200,1472000,2944000,966200,24.71,Entregado,Tarjeta débito,5,4,No,No
ORD-01008,2025-01-21,2025,2025-01,Q1,Andina,Manizales,Marketplace,PyME,Audífonos Bluetooth,Audio,Ana Torres,1,374000,0,374000,0,374000,216000,216000,158000,42.25,Entregado,Tarjeta débito,4,3,No,No
ORD-01009,2024-07-17,2024,2024-07,Q3,Andina,Medellín,Tienda física,Emprendedor,Dock USB-C,Accesorios,Carlos Ruiz,1,410000,15,410000,61500,348500,226000,226000,122500,35.15,Entregado,Tarjeta débito,2,4,No,No
ORD-01010,2024-06-18,2024,2024-06,Q2,Orinoquía,Yopal,Web,Consumidor,Laptop Air 13,Tecnología,Juan Castro,2,3636000,15,7272000,1090800,6181200,2656000,5312000,869200,14.06,Entregado,PSE,5,4,No,No
ORD-01011,2025-11-14,2025,2025-11,Q4,Pacífica,Quibdó,Marketplace,Consumidor,Silla Ergonómica,Mobiliario,Sofía Herrera,5,1559000,10,7795000,779500,7015500,916000,4580000,2435500,34.72,Entregado,Transferencia,4,5,No,No
ORD-01012,2025-02-18,2025,2025-02,Q1,Andina,Pereira,Marketplace,Emprendedor,Teclado Mecánico,Accesorios,Juan Castro,1,307000,10,307000,30700,276300,178000,178000,98300,35.58,Entregado,Transferencia,4,7,No,No
ORD-01013,2025-03-05,2025,2025-03,Q1,Caribe,Santa Marta,Web,Corporativo,Laptop Air 13,Tecnología,Valentina Rojas,3,3430000,15,10290000,1543500,8746500,2668000,8004000,742500,8.49,Entregado,Tarjeta débito,2,2,No,No
ORD-01014,2026-09-28,2026,2026-09,Q3,Andina,Bucaramanga,Web,PyME,Laptop Air 13,Tecnología,Ana Torres,2,3430000,20,6860000,1372000,5488000,2737000,5474000,14000,0.26,En tránsito,PSE,5,1,No,Sí
ORD-01015,2024-11-30,2024,2024-11,Q4,Caribe,Barranquilla,Web,Consumidor,Laptop Air 13,Tecnología,Ana Torres,4,3842000,0,15368000,0,15368000,2636000,10544000,4824000,31.39,En tránsito,Tarjeta crédito,5,6,No,Sí
ORD-01016,2024-06-30,2024,2024-06,Q2,Andina,Bucaramanga,Marketplace,Emprendedor,Mouse Inalámbrico,Accesorios,Laura Gómez,6,183000,8,1098000,87840,1010160,87000,522000,488160,48.33,Entregado,Efectivo,5,3,Sí,Sí
ORD-01017,2026-08-02,2026,2026-08,Q3,Andina,Medellín,Marketplace,Emprendedor,Dock USB-C,Accesorios,Ana Torres,2,394000,3,788000,23640,764360,232000,464000,300360,39.3,Procesando,Tarjeta crédito,3,4,No,No
ORD-01018,2026-05-22,2026,2026-05,Q2,Andina,Pereira,Tienda física,Corporativo,Laptop Air 13,Tecnología,Sofía Herrera,1,3710000,3,3710000,111300,3598700,2598000,2598000,1000700,27.81,Entregado,Transferencia,5,4,No,No
ORD-01019,2026-08-10,2026,2026-08,Q3,Andina,Bucaramanga,Web,PyME,Headset Pro,Audio,Andrés Moreno,1,510000,0,510000,0,510000,278000,278000,232000,45.49,Entregado,Tarjeta débito,5,3,No,Sí
ORD-01020,2024-03-16,2024,2024-03,Q1,Andina,Bucaramanga,Web,Emprendedor,Audífonos Bluetooth,Audio,Sofía Herrera,1,382000,5,382000,19100,362900,205000,205000,157900,43.51,Cancelado,Tarjeta débito,,,No,No
ORD-01021,2025-11-02,2025,2025-11,Q4,Andina,Medellín,Web,Consumidor,Dock USB-C,Accesorios,Juan Castro,1,450000,0,450000,0,450000,246000,246000,204000,45.33,Entregado,Transferencia,5,1,No,Sí
ORD-01022,2024-11-30,2024,2024-11,Q4,Pacífica,Popayán,Web,PyME,Headset Pro,Audio,Carlos Ruiz,6,571000,5,3426000,171300,3254700,294000,1764000,1490700,45.8,Entregado,Transferencia,3,5,No,No
ORD-01023,2024-12-08,2024,2024-12,Q4,Andina,Medellín,Tienda física,Consumidor,Monitor 24,Tecnología,Juan Castro,2,874000,3,1748000,52440,1695560,500000,1000000,695560,41.02,Entregado,PSE,5,1,No,Sí
ORD-01024,2025-05-09,2025,2025-05,Q2,Pacífica,Quibdó,Web,Corporativo,Monitor 24,Tecnología,Diego Martínez,2,810000,8,1620000,129600,1490400,527000,1054000,436400,29.28,Procesando,Transferencia,4,2,No,No
ORD-01025,2026-01-18,2026,2026-01,Q1,Pacífica,Popayán,Tienda física,Corporativo,Audífonos Bluetooth,Audio,Valentina Rojas,1,390000,20,390000,78000,312000,206000,206000,106000,33.97,Entregado,Transferencia,4,1,No,No
ORD-01026,2025-09-15,2025,2025-09,Q3,Caribe,Santa Marta,Web,Corporativo,Escritorio Ajustable,Mobiliario,Laura Gómez,1,2058000,15,2058000,308700,1749300,1484000,1484000,265300,15.17,Entregado,Efectivo,5,2,No,Sí
ORD-01027,2024-08-15,2024,2024-08,Q3,Amazonía,Florencia,Web,Consumidor,Monitor 24,Tecnología,Sofía Herrera,2,764000,15,1528000,229200,1298800,531000,1062000,236800,18.23,Entregado,Efectivo,5,5,No,No
ORD-01028,2025-05-23,2025,2025-05,Q2,Amazonía,Leticia,Marketplace,Corporativo,Silla Ergonómica,Mobiliario,Diego Martínez,1,1476000,0,1476000,0,1476000,915000,915000,561000,38.01,En tránsito,Tarjeta crédito,5,3,No,No
ORD-01029,2024-03-22,2024,2024-03,Q1,Andina,Medellín,Web,PyME,Webcam HD,Accesorios,Sofía Herrera,1,265000,10,265000,26500,238500,143000,143000,95500,40.04,Cancelado,Transferencia,,,No,Sí
ORD-01030,2025-03-12,2025,2025-03,Q1,Andina,Medellín,Web,PyME,Mouse Inalámbrico,Accesorios,Laura Gómez,8,176000,3,1408000,42240,1365760,86000,688000,677760,49.63,Procesando,Tarjeta débito,5,5,No,Sí
ORD-01031,2026-02-27,2026,2026-02,Q1,Pacífica,Pasto,Web,PyME,Monitor 27,Tecnología,Sofía Herrera,2,1225000,0,2450000,0,2450000,850000,1700000,750000,30.61,Procesando,Tarjeta crédito,4,5,No,No
ORD-01032,2024-04-04,2024,2024-04,Q2,Andina,Manizales,Tienda física,Emprendedor,Monitor 24,Tecnología,Diego Martínez,1,780000,0,780000,0,780000,536000,536000,244000,31.28,Entregado,Transferencia,3,2,No,No
ORD-01033,2026-02-14,2026,2026-02,Q1,Caribe,Barranquilla,Ventas corporativas,PyME,Mouse Inalámbrico,Accesorios,Andrés Moreno,14,167000,0,2338000,0,2338000,86000,1204000,1134000,48.5,En tránsito,Efectivo,4,5,No,No
ORD-01034,2024-03-09,2024,2024-03,Q1,Amazonía,Mocoa,Marketplace,PyME,Monitor 24,Tecnología,Andrés Moreno,8,749000,10,5992000,599200,5392800,518000,4144000,1248800,23.16,En tránsito,Tarjeta débito,4,2,No,Sí
ORD-01035,2024-12-29,2024,2024-12,Q4,Andina,Bucaramanga,Web,Consumidor,Headset Pro,Audio,Carlos Ruiz,4,571000,0,2284000,0,2284000,283000,1132000,1152000,50.44,En tránsito,Efectivo,3,3,No,Sí
ORD-01036,2025-05-21,2025,2025-05,Q2,Caribe,Valledupar,Marketplace,Corporativo,Audífonos Bluetooth,Audio,Sofía Herrera,1,397000,10,397000,39700,357300,213000,213000,144300,40.39,Cancelado,Efectivo,,,No,No
ORD-01037,2024-10-27,2024,2024-10,Q4,Andina,Bogotá,Ventas corporativas,Corporativo,Laptop Pro 14,Tecnología,Andrés Moreno,7,4464000,8,31248000,2499840,28748160,3698000,25886000,2862160,9.96,Entregado,PSE,5,8,No,No
ORD-01038,2025-02-20,2025,2025-02,Q1,Andina,Bucaramanga,Web,Corporativo,Mouse Inalámbrico,Accesorios,Carlos Ruiz,1,176000,0,176000,0,176000,86000,86000,90000,51.14,Procesando,PSE,5,4,No,No
ORD-01039,2024-11-21,2024,2024-11,Q4,Orinoquía,Villavicencio,Web,Emprendedor,Escritorio Ajustable,Mobiliario,Sofía Herrera,5,2305000,3,11525000,345750,11179250,1402000,7010000,4169250,37.29,Procesando,Efectivo,5,5,No,No
ORD-01040,2024-04-12,2024,2024-04,Q2,Orinoquía,Villavicencio,Ventas corporativas,PyME,Teclado Mecánico,Accesorios,Andrés Moreno,8,298000,3,2384000,71520,2312480,169000,1352000,960480,41.53,Entregado,Tarjeta crédito,5,3,No,No
ORD-01041,2025-01-04,2025,2025-01,Q1,Andina,Bogotá,Web,Emprendedor,Teclado Mecánico,Accesorios,Laura Gómez,8,314000,15,2512000,376800,2135200,172000,1376000,759200,35.56,Entregado,Transferencia,5,1,No,Sí
ORD-01042,2025-12-26,2025,2025-12,Q4,Andina,Pereira,Ventas corporativas,Consumidor,Monitor 24,Tecnología,Diego Martínez,16,812000,15,12992000,1948800,11043200,519000,8304000,2739200,24.8,Cancelado,Transferencia,,,No,No
ORD-01043,2024-03-01,2024,2024-03,Q1,Caribe,Valledupar,Web,Emprendedor,Headset Pro,Audio,Sofía Herrera,5,510000,3,2550000,76500,2473500,277000,1385000,1088500,44.01,Procesando,Tarjeta débito,4,3,No,No
ORD-01044,2026-06-29,2026,2026-06,Q2,Andina,Manizales,Tienda física,Emprendedor,Teclado Mecánico,Accesorios,Diego Martínez,2,339000,20,678000,135600,542400,175000,350000,192400,35.47,Entregado,Tarjeta débito,5,1,No,No
ORD-01045,2024-08-24,2024,2024-08,Q3,Amazonía,Mocoa,Marketplace,Emprendedor,Laptop Pro 14,Tecnología,Laura Gómez,3,4608000,0,13824000,0,13824000,3485000,10455000,3369000,24.37,Entregado,Transferencia,5,2,No,Sí
ORD-01046,2024-07-30,2024,2024-07,Q3,Caribe,Cartagena,Tienda física,PyME,Audífonos Bluetooth,Audio,Ana Torres,1,390000,5,390000,19500,370500,217000,217000,153500,41.43,En tránsito,Tarjeta débito,5,2,No,No
ORD-01047,2024-07-11,2024,2024-07,Q3,Orinoquía,Arauca,Tienda física,PyME,Monitor 24,Tecnología,Laura Gómez,8,780000,5,6240000,312000,5928000,502000,4016000,1912000,32.25,En tránsito,Transferencia,4,1,No,No
ORD-01048,2024-07-27,2024,2024-07,Q3,Andina,Bucaramanga,Web,PyME,Monitor 27,Tecnología,Diego Martínez,1,1225000,10,1225000,122500,1102500,826000,826000,276500,25.08,Procesando,PSE,3,3,No,No
ORD-01049,2026-09-13,2026,2026-09,Q3,Andina,Medellín,Web,Consumidor,Webcam HD,Accesorios,Ana Torres,6,265000,0,1590000,0,1590000,143000,858000,732000,46.04,En tránsito,Tarjeta crédito,4,5,No,Sí
ORD-01050,2025-01-14,2025,2025-01,Q1,Caribe,Barranquilla,Ventas corporativas,PyME,Teclado Mecánico,Accesorios,Diego Martínez,8,298000,10,2384000,238400,2145600,168000,1344000,801600,37.36,Procesando,Efectivo,5,6,No,No
ORD-01051,2025-08-11,2025,2025-08,Q3,Pacífica,Quibdó,Tienda física,Corporativo,Monitor 27,Tecnología,Juan Castro,10,1250000,0,12500000,0,12500000,866000,8660000,3840000,30.72,Entregado,Tarjeta crédito,5,6,No,No
ORD-01052,2024-07-10,2024,2024-07,Q3,Andina,Bucaramanga,Marketplace,Corporativo,Audífonos Bluetooth,Audio,Juan Castro,1,374000,10,374000,37400,336600,209000,209000,127600,37.91,Cancelado,Tarjeta crédito,,,No,No
ORD-01053,2025-10-01,2025,2025-10,Q4,Andina,Medellín,Web,PyME,Mouse Inalámbrico,Accesorios,Ana Torres,2,176000,5,352000,17600,334400,84000,168000,166400,49.76,Entregado,Tarjeta débito,4,2,No,No
ORD-01054,2024-02-14,2024,2024-02,Q1,Andina,Manizales,Ventas corporativas,PyME,Silla Ergonómica,Mobiliario,Juan Castro,16,1348000,5,21568000,1078400,20489600,905000,14480000,6009600,29.33,Cancelado,Tarjeta crédito,,,No,Sí
ORD-01055,2024-01-12,2024,2024-01,Q1,Orinoquía,Yopal,Ventas corporativas,PyME,Laptop Air 13,Tecnología,Diego Martínez,13,3255000,15,42315000,6347250,35967750,2520000,32760000,3207750,8.92,Entregado,Tarjeta crédito,3,2,No,No
ORD-01056,2024-10-10,2024,2024-10,Q4,Caribe,Barranquilla,Marketplace,Emprendedor,Webcam HD,Accesorios,Juan Castro,1,259000,5,259000,12950,246050,144000,144000,102050,41.48,Entregado,Transferencia,4,3,No,No
ORD-01057,2024-06-17,2024,2024-06,Q2,Andina,Bogotá,Tienda física,PyME,Headset Pro,Audio,Diego Martínez,3,551000,0,1653000,0,1653000,297000,891000,762000,46.1,Entregado,Tarjeta débito,5,3,No,Sí
ORD-01058,2025-04-16,2025,2025-04,Q2,Andina,Manizales,Tienda física,PyME,Monitor 24,Tecnología,Carlos Ruiz,1,780000,10,780000,78000,702000,527000,527000,175000,24.93,Entregado,Tarjeta débito,5,2,No,No
ORD-01059,2024-01-08,2024,2024-01,Q1,Andina,Bogotá,Web,PyME,Silla Ergonómica,Mobiliario,Diego Martínez,5,1421000,5,7105000,355250,6749750,901000,4505000,2244750,33.26,Entregado,Tarjeta débito,3,7,No,Sí
ORD-01060,2025-06-16,2025,2025-06,Q2,Pacífica,Quibdó,Ventas corporativas,Corporativo,Escritorio Ajustable,Mobiliario,Andrés Moreno,12,2070000,15,24840000,3726000,21114000,1386000,16632000,4482000,21.23,Procesando,PSE,4,1,No,No
ORD-01061,2025-09-12,2025,2025-09,Q3,Andina,Bogotá,Web,Emprendedor,Monitor 24,Tecnología,Laura Gómez,2,764000,5,1528000,76400,1451600,537000,1074000,377600,26.01,Procesando,Tarjeta débito,3,2,No,No
ORD-01062,2025-06-30,2025,2025-06,Q2,Amazonía,Leticia,Tienda física,PyME,Silla Ergonómica,Mobiliario,Laura Gómez,6,1537000,8,9222000,737760,8484240,961000,5766000,2718240,32.04,Entregado,Efectivo,3,5,Sí,No
ORD-01063,2025-07-10,2025,2025-07,Q3,Orinoquía,Villavicencio,Tienda física,PyME,Silla Ergonómica,Mobiliario,Andrés Moreno,2,1450000,5,2900000,145000,2755000,917000,1834000,921000,33.43,Entregado,Tarjeta débito,5,1,No,Sí
ORD-01064,2026-03-19,2026,2026-03,Q1,Andina,Bogotá,Web,Consumidor,Silla Ergonómica,Mobiliario,Laura Gómez,2,1421000,5,2842000,142100,2699900,952000,1904000,795900,29.48,Entregado,Tarjeta crédito,4,5,No,No
ORD-01065,2026-03-09,2026,2026-03,Q1,Andina,Bogotá,Web,Emprendedor,Audífonos Bluetooth,Audio,Andrés Moreno,2,382000,10,764000,76400,687600,213000,426000,261600,38.05,Procesando,Tarjeta crédito,3,6,No,No
ORD-01066,2026-07-04,2026,2026-07,Q3,Caribe,Santa Marta,Marketplace,PyME,Laptop Pro 14,Tecnología,Sofía Herrera,4,4608000,8,18432000,1474560,16957440,3663000,14652000,2305440,13.6,Entregado,PSE,5,4,No,Sí
ORD-01067,2025-07-12,2025,2025-07,Q3,Pacífica,Quibdó,Tienda física,PyME,Headset Pro,Audio,Laura Gómez,2,520000,5,1040000,52000,988000,300000,600000,388000,39.27,Entregado,PSE,5,1,No,No
ORD-01068,2024-02-11,2024,2024-02,Q1,Caribe,Montería,Web,Corporativo,Laptop Pro 14,Tecnología,Ana Torres,1,4704000,8,4704000,376320,4327680,3722000,3722000,605680,14.0,En tránsito,Transferencia,4,3,No,No
ORD-01069,2024-05-05,2024,2024-05,Q2,Andina,Medellín,Tienda física,Corporativo,Teclado Mecánico,Accesorios,Laura Gómez,10,339000,5,3390000,169500,3220500,169000,1690000,1530500,47.52,Entregado,Efectivo,5,5,No,No
ORD-01070,2025-10-02,2025,2025-10,Q4,Caribe,Montería,Web,Consumidor,Monitor 24,Tecnología,Ana Torres,3,764000,8,2292000,183360,2108640,513000,1539000,569640,27.01,Entregado,Tarjeta débito,1,2,No,Sí
ORD-01071,2024-10-01,2024,2024-10,Q4,Pacífica,Cali,Web,PyME,Dock USB-C,Accesorios,Sofía Herrera,2,402000,15,804000,120600,683400,247000,494000,189400,27.71,Cancelado,Tarjeta débito,,,No,No
ORD-01072,2025-04-30,2025,2025-04,Q2,Caribe,Cartagena,Web,PyME,Silla Ergonómica,Mobiliario,Carlos Ruiz,4,1421000,0,5684000,0,5684000,953000,3812000,1872000,32.93,En tránsito,Tarjeta débito,4,2,No,No
ORD-01073,2025-09-25,2025,2025-09,Q3,Pacífica,Buenaventura,Tienda física,Emprendedor,Silla Ergonómica,Mobiliario,Valentina Rojas,3,1450000,10,4350000,435000,3915000,931000,2793000,1122000,28.66,Entregado,Tarjeta débito,5,3,Sí,Sí
ORD-01074,2026-09-10,2026,2026-09,Q3,Pacífica,Cali,Ventas corporativas,Consumidor,Webcam HD,Accesorios,Laura Gómez,11,251000,15,2761000,414150,2346850,148000,1628000,718850,30.63,Entregado,Tarjeta débito,5,2,No,No
ORD-01075,2024-08-22,2024,2024-08,Q3,Pacífica,Pasto,Tienda física,PyME,Mouse Inalámbrico,Accesorios,Carlos Ruiz,1,180000,0,180000,0,180000,89000,89000,91000,50.56,Cancelado,Transferencia,,,No,No
ORD-01076,2025-02-25,2025,2025-02,Q1,Pacífica,Pasto,Tienda física,PyME,Silla Ergonómica,Mobiliario,Sofía Herrera,5,1450000,5,7250000,362500,6887500,978000,4890000,1997500,29.0,Entregado,PSE,4,1,No,No
ORD-01077,2024-05-17,2024,2024-05,Q2,Caribe,Barranquilla,Marketplace,PyME,Headset Pro,Audio,Juan Castro,1,529000,8,529000,42320,486680,275000,275000,211680,43.49,Entregado,Tarjeta débito,5,2,No,No
ORD-01078,2024-09-20,2024,2024-09,Q3,Caribe,Barranquilla,Marketplace,Emprendedor,Dock USB-C,Accesorios,Andrés Moreno,5,394000,10,1970000,197000,1773000,228000,1140000,633000,35.7,Cancelado,Tarjeta crédito,,,No,No
ORD-01079,2025-09-13,2025,2025-09,Q3,Amazonía,Leticia,Web,Corporativo,Escritorio Ajustable,Mobiliario,Diego Martínez,3,2058000,5,6174000,308700,5865300,1382000,4146000,1719300,29.31,Cancelado,Tarjeta crédito,,,No,No
ORD-01080,2026-05-25,2026,2026-05,Q2,Andina,Bogotá,Ventas corporativas,Consumidor,Laptop Air 13,Tecnología,Laura Gómez,18,3450000,5,62100000,3105000,58995000,2746000,49428000,9567000,16.22,En tránsito,Tarjeta crédito,3,7,No,No
ORD-01081,2024-08-01,2024,2024-08,Q3,Pacífica,Cali,Web,PyME,Escritorio Ajustable,Mobiliario,Valentina Rojas,4,2058000,0,8232000,0,8232000,1381000,5524000,2708000,32.9,Procesando,PSE,4,3,No,No
ORD-01082,2025-12-20,2025,2025-12,Q4,Caribe,Santa Marta,Web,Corporativo,Escritorio Ajustable,Mobiliario,Laura Gómez,4,2305000,5,9220000,461000,8759000,1364000,5456000,3303000,37.71,Procesando,Tarjeta crédito,5,2,No,No
ORD-01083,2024-03-13,2024,2024-03,Q1,Pacífica,Quibdó,Marketplace,Corporativo,Headset Pro,Audio,Laura Gómez,1,499000,5,499000,24950,474050,280000,280000,194050,40.93,En tránsito,Efectivo,4,5,No,Sí
ORD-01084,2025-02-21,2025,2025-02,Q1,Andina,Medellín,Tienda física,Consumidor,Monitor 24,Tecnología,Sofía Herrera,2,780000,0,1560000,0,1560000,513000,1026000,534000,34.23,Entregado,Tarjeta débito,3,3,No,No
ORD-01085,2025-02-21,2025,2025-02,Q1,Amazonía,Leticia,Tienda física,Consumidor,Mouse Inalámbrico,Accesorios,Laura Gómez,4,180000,3,720000,21600,698400,86000,344000,354400,50.74,En tránsito,Efectivo,4,4,No,No
ORD-01086,2024-04-29,2024,2024-04,Q2,Pacífica,Popayán,Ventas corporativas,Consumidor,Laptop Pro 14,Tecnología,Valentina Rojas,10,4464000,5,44640000,2232000,42408000,3480000,34800000,7608000,17.94,En tránsito,Tarjeta débito,4,1,No,No
ORD-01087,2024-03-15,2024,2024-03,Q1,Andina,Medellín,Ventas corporativas,PyME,Laptop Air 13,Tecnología,Carlos Ruiz,10,3255000,15,32550000,4882500,27667500,2589000,25890000,1777500,6.42,En tránsito,Transferencia,4,1,No,No
ORD-01088,2025-05-11,2025,2025-05,Q2,Caribe,Valledupar,Ventas corporativas,Consumidor,Headset Pro,Audio,Diego Martínez,18,513000,10,9234000,923400,8310600,282000,5076000,3234600,38.92,Entregado,PSE,4,1,No,Sí
ORD-01089,2025-05-03,2025,2025-05,Q2,Orinoquía,Arauca,Ventas corporativas,PyME,Audífonos Bluetooth,Audio,Juan Castro,3,384000,0,1152000,0,1152000,210000,630000,522000,45.31,Procesando,Transferencia,5,2,No,No
ORD-01090,2024-01-19,2024,2024-01,Q1,Caribe,Barranquilla,Web,PyME,Silla Ergonómica,Mobiliario,Ana Torres,3,1421000,8,4263000,341040,3921960,968000,2904000,1017960,25.96,Entregado,Transferencia,5,4,No,No
ORD-01091,2025-12-24,2025,2025-12,Q4,Caribe,Montería,Tienda física,Consumidor,Escritorio Ajustable,Mobiliario,Andrés Moreno,2,2352000,10,4704000,470400,4233600,1405000,2810000,1423600,33.63,Procesando,Tarjeta crédito,5,1,No,No
ORD-01092,2024-10-29,2024,2024-10,Q4,Andina,Bucaramanga,Web,Consumidor,Escritorio Ajustable,Mobiliario,Diego Martínez,8,2058000,3,16464000,493920,15970080,1410000,11280000,4690080,29.37,Entregado,Tarjeta débito,5,6,No,No
ORD-01093,2024-04-20,2024,2024-04,Q2,Andina,Medellín,Marketplace,Consumidor,Teclado Mecánico,Accesorios,Andrés Moreno,4,307000,5,1228000,61400,1166600,178000,712000,454600,38.97,Entregado,Tarjeta débito,5,2,No,No
ORD-01094,2024-04-30,2024,2024-04,Q2,Caribe,Montería,Tienda física,PyME,Laptop Pro 14,Tecnología,Diego Martínez,1,4800000,0,4800000,0,4800000,3607000,3607000,1193000,24.85,Cancelado,PSE,,,No,No
ORD-01095,2025-09-08,2025,2025-09,Q3,Orinoquía,Arauca,Ventas corporativas,PyME,Monitor 24,Tecnología,Ana Torres,17,725000,10,12325000,1232500,11092500,532000,9044000,2048500,18.47,Entregado,Efectivo,5,7,No,No
ORD-01096,2024-12-15,2024,2024-12,Q4,Andina,Medellín,Tienda física,Emprendedor,Dock USB-C,Accesorios,Juan Castro,2,459000,8,918000,73440,844560,236000,472000,372560,44.11,Entregado,Transferencia,5,2,No,No
ORD-01097,2026-08-03,2026,2026-08,Q3,Pacífica,Cali,Tienda física,Consumidor,Silla Ergonómica,Mobiliario,Carlos Ruiz,2,1450000,8,2900000,232000,2668000,957000,1914000,754000,28.26,Entregado,PSE,5,3,No,No
ORD-01098,2026-03-06,2026,2026-03,Q1,Andina,Pereira,Web,Consumidor,Monitor 27,Tecnología,Laura Gómez,4,1225000,3,4900000,147000,4753000,829000,3316000,1437000,30.23,Cancelado,Tarjeta débito,,,No,No
ORD-01099,2024-08-17,2024,2024-08,Q3,Andina,Pereira,Tienda física,Corporativo,Dock USB-C,Accesorios,Carlos Ruiz,6,410000,5,2460000,123000,2337000,249000,1494000,843000,36.07,Entregado,Tarjeta crédito,5,5,No,No
ORD-01100,2026-04-13,2026,2026-04,Q2,Caribe,Barranquilla,Ventas corporativas,Corporativo,Laptop Pro 14,Tecnología,Ana Torres,4,4464000,8,17856000,1428480,16427520,3507000,14028000,2399520,14.61,Entregado,Efectivo,3,3,No,Sí
ORD-01101,2025-08-19,2025,2025-08,Q3,Amazonía,Mocoa,Tienda física,Corporativo,Dock USB-C,Accesorios,Sofía Herrera,1,410000,5,410000,20500,389500,241000,241000,148500,38.13,Entregado,Transferencia,4,3,Sí,Sí
ORD-01102,2026-01-01,2026,2026-01,Q1,Amazonía,Leticia,Web,Emprendedor,Audífonos Bluetooth,Audio,Andrés Moreno,5,382000,8,1910000,152800,1757200,209000,1045000,712200,40.53,Entregado,Transferencia,5,4,Sí,No
ORD-01103,2024-06-13,2024,2024-06,Q2,Caribe,Valledupar,Marketplace,Consumidor,Laptop Air 13,Tecnología,Diego Martínez,1,3562000,5,3562000,178100,3383900,2632000,2632000,751900,22.22,Procesando,Tarjeta débito,4,1,No,No
ORD-01104,2024-04-01,2024,2024-04,Q2,Orinoquía,Yopal,Marketplace,Consumidor,Mouse Inalámbrico,Accesorios,Ana Torres,1,173000,5,173000,8650,164350,90000,90000,74350,45.24,Entregado,Tarjeta crédito,5,2,No,Sí
ORD-01105,2024-06-16,2024,2024-06,Q2,Andina,Bogotá,Marketplace,Consumidor,Monitor 24,Tecnología,Valentina Rojas,1,794000,5,794000,39700,754300,524000,524000,230300,30.53,Entregado,Tarjeta crédito,5,3,No,Sí
ORD-01106,2025-04-03,2025,2025-04,Q2,Andina,Pereira,Web,Corporativo,Teclado Mecánico,Accesorios,Carlos Ruiz,3,314000,10,942000,94200,847800,171000,513000,334800,39.49,Procesando,Transferencia,4,5,No,Sí
ORD-01107,2024-02-24,2024,2024-02,Q1,Andina,Medellín,Web,Corporativo,Headset Pro,Audio,Ana Torres,1,510000,5,510000,25500,484500,277000,277000,207500,42.83,Entregado,Tarjeta débito,5,6,No,Sí
ORD-01108,2026-05-03,2026,2026-05,Q2,Andina,Bogotá,Ventas corporativas,Corporativo,Webcam HD,Accesorios,Andrés Moreno,7,266000,0,1862000,0,1862000,142000,994000,868000,46.62,Procesando,Efectivo,5,1,No,No
ORD-01109,2026-02-15,2026,2026-02,Q1,Caribe,Cartagena,Web,Emprendedor,Silla Ergonómica,Mobiliario,Andrés Moreno,1,1421000,5,1421000,71050,1349950,943000,943000,406950,30.15,Entregado,Tarjeta crédito,4,5,No,No
ORD-01110,2025-12-20,2025,2025-12,Q4,Caribe,Montería,Marketplace,Corporativo,Dock USB-C,Accesorios,Ana Torres,10,441000,5,4410000,220500,4189500,242000,2420000,1769500,42.24,En tránsito,Tarjeta crédito,5,1,No,No
ORD-01111,2024-01-03,2024,2024-01,Q1,Andina,Medellín,Marketplace,PyME,Laptop Air 13,Tecnología,Valentina Rojas,1,3360000,3,3360000,100800,3259200,2587000,2587000,672200,20.62,Cancelado,PSE,,,No,Sí
ORD-01112,2024-12-09,2024,2024-12,Q4,Caribe,Montería,Marketplace,Consumidor,Laptop Air 13,Tecnología,Ana Torres,2,3763000,0,7526000,0,7526000,2515000,5030000,2496000,33.17,Cancelado,Tarjeta crédito,,,No,No
ORD-01113,2024-05-22,2024,2024-05,Q2,Andina,Manizales,Marketplace,PyME,Webcam HD,Accesorios,Valentina Rojas,8,275000,5,2200000,110000,2090000,147000,1176000,914000,43.73,Cancelado,Efectivo,,,No,No
ORD-01114,2024-10-22,2024,2024-10,Q4,Pacífica,Cali,Web,PyME,Monitor 27,Tecnología,Valentina Rojas,6,1225000,10,7350000,735000,6615000,853000,5118000,1497000,22.63,Procesando,Efectivo,5,4,No,No
ORD-01115,2024-09-13,2024,2024-09,Q3,Caribe,Santa Marta,Web,Corporativo,Headset Pro,Audio,Andrés Moreno,6,510000,3,3060000,91800,2968200,295000,1770000,1198200,40.37,Procesando,Tarjeta crédito,5,5,No,No
ORD-01116,2025-03-27,2025,2025-03,Q1,Andina,Medellín,Ventas corporativas,PyME,Monitor 24,Tecnología,Andrés Moreno,12,725000,5,8700000,435000,8265000,517000,6204000,2061000,24.94,Cancelado,PSE,,,No,No
ORD-01117,2024-03-20,2024,2024-03,Q1,Amazonía,Leticia,Tienda física,Consumidor,Audífonos Bluetooth,Audio,Valentina Rojas,10,390000,5,3900000,195000,3705000,208000,2080000,1625000,43.86,En tránsito,Efectivo,5,4,No,No
ORD-01118,2026-05-15,2026,2026-05,Q2,Andina,Medellín,Tienda física,Emprendedor,Mouse Inalámbrico,Accesorios,Laura Gómez,1,191000,20,191000,38200,152800,82000,82000,70800,46.34,Cancelado,Transferencia,,,No,No
ORD-01119,2025-11-29,2025,2025-11,Q4,Caribe,Cartagena,Web,Corporativo,Mouse Inalámbrico,Accesorios,Laura Gómez,1,198000,0,198000,0,198000,89000,89000,109000,55.05,Entregado,Tarjeta crédito,4,4,No,No
ORD-01120,2024-06-20,2024,2024-06,Q2,Andina,Pereira,Marketplace,Emprendedor,Monitor 27,Tecnología,Diego Martínez,2,1272000,5,2544000,127200,2416800,808000,1616000,800800,33.13,Procesando,Tarjeta débito,4,2,No,No
ORD-01121,2026-04-14,2026,2026-04,Q2,Caribe,Cartagena,Web,Emprendedor,Headset Pro,Audio,Carlos Ruiz,8,510000,8,4080000,326400,3753600,295000,2360000,1393600,37.13,Entregado,PSE,5,5,No,No
ORD-01122,2024-09-23,2024,2024-09,Q3,Andina,Bucaramanga,Tienda física,PyME,Monitor 27,Tecnología,Diego Martínez,2,1250000,20,2500000,500000,2000000,827000,1654000,346000,17.3,Entregado,Tarjeta débito,5,7,No,No
ORD-01123,2025-09-14,2025,2025-09,Q3,Pacífica,Pasto,Web,Corporativo,Laptop Air 13,Tecnología,Valentina Rojas,10,3430000,5,34300000,1715000,32585000,2642000,26420000,6165000,18.92,En tránsito,Efectivo,4,7,No,No
ORD-01124,2025-09-16,2025,2025-09,Q3,Andina,Manizales,Web,Emprendedor,Headset Pro,Audio,Carlos Ruiz,1,510000,0,510000,0,510000,282000,282000,228000,44.71,Procesando,Tarjeta crédito,3,5,No,No
ORD-01125,2025-09-05,2025,2025-09,Q3,Caribe,Barranquilla,Tienda física,PyME,Monitor 24,Tecnología,Carlos Ruiz,4,780000,8,3120000,249600,2870400,503000,2012000,858400,29.91,Entregado,PSE,4,3,No,No
ORD-01126,2024-07-26,2024,2024-07,Q3,Andina,Medellín,Tienda física,Consumidor,Mouse Inalámbrico,Accesorios,Andrés Moreno,1,180000,5,180000,9000,171000,88000,88000,83000,48.54,Procesando,PSE,3,4,No,Sí
ORD-01127,2026-09-09,2026,2026-09,Q3,Caribe,Cartagena,Ventas corporativas,Consumidor,Audífonos Bluetooth,Audio,Andrés Moreno,11,363000,15,3993000,598950,3394050,213000,2343000,1051050,30.97,Entregado,Efectivo,3,2,No,Sí
ORD-01128,2026-01-20,2026,2026-01,Q1,Pacífica,Popayán,Web,Consumidor,Laptop Pro 14,Tecnología,Valentina Rojas,1,4704000,10,4704000,470400,4233600,3595000,3595000,638600,15.08,Entregado,Transferencia,5,6,No,Sí
ORD-01129,2024-11-28,2024,2024-11,Q4,Orinoquía,Arauca,Web,Consumidor,Silla Ergonómica,Mobiliario,Sofía Herrera,4,1592000,5,6368000,318400,6049600,919000,3676000,2373600,39.24,Entregado,Efectivo,5,1,No,No
ORD-01130,2026-01-20,2026,2026-01,Q1,Caribe,Santa Marta,Marketplace,Consumidor,Mouse Inalámbrico,Accesorios,Valentina Rojas,5,173000,3,865000,25950,839050,86000,430000,409050,48.75,Entregado,PSE,5,3,No,Sí
ORD-01131,2026-08-12,2026,2026-08,Q3,Pacífica,Cali,Web,Consumidor,Laptop Pro 14,Tecnología,Carlos Ruiz,2,4704000,8,9408000,752640,8655360,3616000,7232000,1423360,16.44,Entregado,PSE,4,2,No,No
ORD-01132,2024-03-11,2024,2024-03,Q1,Andina,Bucaramanga,Tienda física,PyME,Mouse Inalámbrico,Accesorios,Carlos Ruiz,2,180000,8,360000,28800,331200,85000,170000,161200,48.67,Cancelado,PSE,,,No,Sí
ORD-01133,2026-05-21,2026,2026-05,Q2,Caribe,Valledupar,Web,Consumidor,Dock USB-C,Accesorios,Diego Martínez,3,426000,10,1278000,127800,1150200,229000,687000,463200,40.27,Cancelado,Transferencia,,,No,No
ORD-01134,2025-10-14,2025,2025-10,Q4,Pacífica,Pasto,Web,Emprendedor,Headset Pro,Audio,Juan Castro,4,510000,0,2040000,0,2040000,298000,1192000,848000,41.57,Cancelado,PSE,,,No,Sí
ORD-01135,2026-09-08,2026,2026-09,Q3,Andina,Medellín,Marketplace,Consumidor,Monitor 27,Tecnología,Laura Gómez,5,1200000,0,6000000,0,6000000,798000,3990000,2010000,33.5,Entregado,PSE,5,1,No,No
ORD-01136,2024-03-01,2024,2024-03,Q1,Andina,Bogotá,Tienda física,Corporativo,Laptop Air 13,Tecnología,Carlos Ruiz,2,3500000,5,7000000,350000,6650000,2549000,5098000,1552000,23.34,Procesando,Transferencia,4,4,No,Sí
ORD-01137,2024-07-04,2024,2024-07,Q3,Orinoquía,Yopal,Web,PyME,Webcam HD,Accesorios,Laura Gómez,4,265000,5,1060000,53000,1007000,148000,592000,415000,41.21,En tránsito,PSE,3,4,No,Sí
ORD-01138,2024-04-02,2024,2024-04,Q2,Caribe,Montería,Ventas corporativas,Corporativo,Dock USB-C,Accesorios,Diego Martínez,5,381000,5,1905000,95250,1809750,239000,1195000,614750,33.97,Entregado,Tarjeta débito,5,3,No,No
ORD-01139,2026-01-04,2026,2026-01,Q1,Pacífica,Quibdó,Tienda física,Emprendedor,Headset Pro,Audio,Diego Martínez,1,520000,10,520000,52000,468000,274000,274000,194000,41.45,Entregado,Transferencia,5,2,No,No
ORD-01140,2026-09-05,2026,2026-09,Q3,Andina,Manizales,Marketplace,Corporativo,Mouse Inalámbrico,Accesorios,Diego Martínez,3,173000,8,519000,41520,477480,84000,252000,225480,47.22,Procesando,Efectivo,3,4,No,No
ORD-01141,2025-07-07,2025,2025-07,Q3,Andina,Pereira,Web,Consumidor,Teclado Mecánico,Accesorios,Diego Martínez,1,314000,10,314000,31400,282600,176000,176000,106600,37.72,Cancelado,Tarjeta débito,,,No,No
ORD-01142,2024-10-23,2024,2024-10,Q4,Andina,Bogotá,Web,Emprendedor,Escritorio Ajustable,Mobiliario,Ana Torres,5,2058000,8,10290000,823200,9466800,1499000,7495000,1971800,20.83,En tránsito,Transferencia,5,3,No,No
ORD-01143,2026-05-18,2026,2026-05,Q2,Orinoquía,Yopal,Web,Emprendedor,Laptop Pro 14,Tecnología,Diego Martínez,1,4986000,0,4986000,0,4986000,3428000,3428000,1558000,31.25,Entregado,Transferencia,5,5,No,No
ORD-01144,2026-04-17,2026,2026-04,Q2,Andina,Pereira,Ventas corporativas,Emprendedor,Silla Ergonómica,Mobiliario,Laura Gómez,6,1348000,0,8088000,0,8088000,968000,5808000,2280000,28.19,Entregado,Efectivo,4,1,No,Sí
ORD-01145,2024-02-08,2024,2024-02,Q1,Orinoquía,Yopal,Tienda física,PyME,Silla Ergonómica,Mobiliario,Juan Castro,5,1450000,8,7250000,580000,6670000,936000,4680000,1990000,29.84,Procesando,Efectivo,4,2,No,No
ORD-01146,2024-08-30,2024,2024-08,Q3,Caribe,Montería,Marketplace,Corporativo,Laptop Pro 14,Tecnología,Valentina Rojas,8,4608000,10,36864000,3686400,33177600,3697000,29576000,3601600,10.86,Entregado,Tarjeta crédito,4,2,No,No
ORD-01147,2026-05-25,2026,2026-05,Q2,Pacífica,Pasto,Tienda física,Emprendedor,Laptop Air 13,Tecnología,Carlos Ruiz,2,3710000,15,7420000,1113000,6307000,2744000,5488000,819000,12.99,Cancelado,Tarjeta crédito,,,No,No
ORD-01148,2025-10-20,2025,2025-10,Q4,Caribe,Valledupar,Web,Consumidor,Audífonos Bluetooth,Audio,Diego Martínez,1,382000,3,382000,11460,370540,207000,207000,163540,44.14,Cancelado,Tarjeta crédito,,,No,No
ORD-01149,2024-07-20,2024,2024-07,Q3,Orinoquía,Arauca,Ventas corporativas,PyME,Dock USB-C,Accesorios,Carlos Ruiz,16,381000,5,6096000,304800,5791200,240000,3840000,1951200,33.69,Entregado,Transferencia,2,4,No,No
ORD-01150,2026-02-09,2026,2026-02,Q1,Pacífica,Cali,Tienda física,Consumidor,Laptop Air 13,Tecnología,Laura Gómez,4,3500000,0,14000000,0,14000000,2525000,10100000,3900000,27.86,En tránsito,Tarjeta crédito,3,4,No,No
ORD-01151,2024-02-02,2024,2024-02,Q1,Caribe,Santa Marta,Marketplace,PyME,Headset Pro,Audio,Valentina Rojas,2,499000,5,998000,49900,948100,281000,562000,386100,40.72,Procesando,PSE,5,4,No,Sí
ORD-01152,2024-01-14,2024,2024-01,Q1,Pacífica,Popayán,Ventas corporativas,PyME,Headset Pro,Audio,Valentina Rojas,20,484000,0,9680000,0,9680000,295000,5900000,3780000,39.05,Entregado,Efectivo,3,5,No,Sí
ORD-01153,2024-12-11,2024,2024-12,Q4,Pacífica,Quibdó,Web,Consumidor,Headset Pro,Audio,Valentina Rojas,1,571000,8,571000,45680,525320,284000,284000,241320,45.94,Entregado,Tarjeta crédito,5,4,No,No
ORD-01154,2026-01-23,2026,2026-01,Q1,Caribe,Cartagena,Marketplace,Consumidor,Audífonos Bluetooth,Audio,Diego Martínez,3,374000,0,1122000,0,1122000,211000,633000,489000,43.58,En tránsito,Transferencia,5,2,No,Sí
ORD-01155,2024-10-09,2024,2024-10,Q4,Andina,Bucaramanga,Web,PyME,Silla Ergonómica,Mobiliario,Ana Torres,2,1421000,3,2842000,85260,2756740,979000,1958000,798740,28.97,Entregado,Transferencia,4,7,No,No
ORD-01156,2025-03-08,2025,2025-03,Q1,Andina,Pereira,Tienda física,Emprendedor,Monitor 27,Tecnología,Carlos Ruiz,3,1250000,3,3750000,112500,3637500,801000,2403000,1234500,33.94,Procesando,Transferencia,3,5,No,No
ORD-01157,2025-08-27,2025,2025-08,Q3,Andina,Medellín,Web,Emprendedor,Monitor 27,Tecnología,Laura Gómez,1,1225000,8,1225000,98000,1127000,861000,861000,266000,23.6,Entregado,Tarjeta débito,5,6,No,No
ORD-01158,2026-06-06,2026,2026-06,Q2,Andina,Medellín,Web,Consumidor,Laptop Pro 14,Tecnología,Andrés Moreno,3,4986000,15,14958000,2243700,12714300,3552000,10656000,2058300,16.19,En tránsito,PSE,5,7,No,No
ORD-01159,2026-03-16,2026,2026-03,Q1,Andina,Bogotá,Tienda física,Consumidor,Mouse Inalámbrico,Accesorios,Ana Torres,3,180000,20,540000,108000,432000,85000,255000,177000,40.97,En tránsito,PSE,5,4,No,No
ORD-01160,2024-01-03,2024,2024-01,Q1,Andina,Pereira,Marketplace,Corporativo,Laptop Pro 14,Tecnología,Diego Martínez,4,4608000,5,18432000,921600,17510400,3422000,13688000,3822400,21.83,Entregado,Tarjeta crédito,5,3,No,No
ORD-01161,2024-10-09,2024,2024-10,Q4,Pacífica,Cali,Web,Emprendedor,Webcam HD,Accesorios,Andrés Moreno,2,265000,5,530000,26500,503500,147000,294000,209500,41.61,Cancelado,Tarjeta crédito,,,No,Sí
ORD-01162,2024-02-01,2024,2024-02,Q1,Orinoquía,Villavicencio,Marketplace,Corporativo,Mouse Inalámbrico,Accesorios,Laura Gómez,2,173000,0,346000,0,346000,82000,164000,182000,52.6,En tránsito,PSE,3,6,No,No
ORD-01163,2025-06-27,2025,2025-06,Q2,Amazonía,Florencia,Web,Emprendedor,Teclado Mecánico,Accesorios,Juan Castro,2,332000,0,664000,0,664000,171000,342000,322000,48.49,Entregado,Transferencia,3,5,No,No
ORD-01164,2025-03-15,2025,2025-03,Q1,Caribe,Montería,Web,Consumidor,Laptop Pro 14,Tecnología,Valentina Rojas,3,4704000,3,14112000,423360,13688640,3763000,11289000,2399640,17.53,Entregado,Transferencia,3,6,No,No
ORD-01165,2024-06-01,2024,2024-06,Q2,Andina,Pereira,Tienda física,Corporativo,Laptop Air 13,Tecnología,Carlos Ruiz,5,3710000,8,18550000,1484000,17066000,2620000,13100000,3966000,23.24,Entregado,PSE,4,1,No,No
ORD-01166,2025-10-03,2025,2025-10,Q4,Caribe,Barranquilla,Web,Consumidor,Laptop Air 13,Tecnología,Carlos Ruiz,3,3430000,8,10290000,823200,9466800,2528000,7584000,1882800,19.89,Entregado,Efectivo,5,4,Sí,No
ORD-01167,2026-05-28,2026,2026-05,Q2,Pacífica,Pasto,Web,Corporativo,Escritorio Ajustable,Mobiliario,Sofía Herrera,1,2181000,20,2181000,436200,1744800,1373000,1373000,371800,21.31,Entregado,Efectivo,5,6,Sí,No
ORD-01168,2026-08-09,2026,2026-08,Q3,Orinoquía,Arauca,Ventas corporativas,PyME,Silla Ergonómica,Mobiliario,Valentina Rojas,5,1348000,0,6740000,0,6740000,948000,4740000,2000000,29.67,Cancelado,Transferencia,,,No,No
ORD-01169,2026-02-06,2026,2026-02,Q1,Andina,Manizales,Ventas corporativas,Consumidor,Dock USB-C,Accesorios,Valentina Rojas,11,381000,3,4191000,125730,4065270,227000,2497000,1568270,38.58,En tránsito,Tarjeta débito,5,3,No,Sí
ORD-01170,2025-12-06,2025,2025-12,Q4,Amazonía,Mocoa,Tienda física,PyME,Escritorio Ajustable,Mobiliario,Sofía Herrera,3,2352000,15,7056000,1058400,5997600,1505000,4515000,1482600,24.72,En tránsito,Tarjeta débito,5,7,No,No
ORD-01171,2026-05-18,2026,2026-05,Q2,Amazonía,Mocoa,Web,Consumidor,Monitor 27,Tecnología,Laura Gómez,2,1298000,5,2596000,129800,2466200,854000,1708000,758200,30.74,Procesando,PSE,5,6,No,Sí
ORD-01172,2026-08-11,2026,2026-08,Q3,Orinoquía,Arauca,Web,Consumidor,Laptop Air 13,Tecnología,Andrés Moreno,3,3430000,10,10290000,1029000,9261000,2645000,7935000,1326000,14.32,Procesando,Tarjeta débito,4,5,No,No
ORD-01173,2024-03-26,2024,2024-03,Q1,Amazonía,Leticia,Marketplace,Corporativo,Audífonos Bluetooth,Audio,Carlos Ruiz,2,374000,8,748000,59840,688160,203000,406000,282160,41.0,Cancelado,Efectivo,,,No,No
ORD-01174,2026-07-04,2026,2026-07,Q3,Andina,Pereira,Web,Corporativo,Monitor 27,Tecnología,Juan Castro,1,1225000,15,1225000,183750,1041250,860000,860000,181250,17.41,Procesando,Transferencia,4,6,No,No
ORD-01175,2025-07-06,2025,2025-07,Q3,Andina,Bogotá,Tienda física,PyME,Teclado Mecánico,Accesorios,Valentina Rojas,2,320000,3,640000,19200,620800,180000,360000,260800,42.01,Entregado,Tarjeta crédito,4,2,No,No
ORD-01176,2025-11-15,2025,2025-11,Q4,Andina,Medellín,Ventas corporativas,Corporativo,Silla Ergonómica,Mobiliario,Ana Torres,18,1510000,3,27180000,815400,26364600,908000,16344000,10020600,38.01,Cancelado,Transferencia,,,No,No
ORD-01177,2025-02-05,2025,2025-02,Q1,Caribe,Montería,Tienda física,Corporativo,Headset Pro,Audio,Laura Gómez,1,520000,8,520000,41600,478400,280000,280000,198400,41.47,Entregado,Transferencia,5,4,No,No
ORD-01178,2025-10-19,2025,2025-10,Q4,Andina,Manizales,Marketplace,Corporativo,Teclado Mecánico,Accesorios,Carlos Ruiz,5,307000,5,1535000,76750,1458250,172000,860000,598250,41.03,Cancelado,Transferencia,,,No,No
ORD-01179,2026-05-29,2026,2026-05,Q2,Pacífica,Popayán,Web,PyME,Monitor 27,Tecnología,Valentina Rojas,1,1298000,8,1298000,103840,1194160,822000,822000,372160,31.17,Cancelado,Transferencia,,,No,No
ORD-01180,2026-01-07,2026,2026-01,Q1,Andina,Pereira,Web,Corporativo,Dock USB-C,Accesorios,Ana Torres,2,402000,3,804000,24120,779880,227000,454000,325880,41.79,Entregado,PSE,4,2,No,No
ORD-01181,2024-09-05,2024,2024-09,Q3,Pacífica,Popayán,Tienda física,PyME,Teclado Mecánico,Accesorios,Valentina Rojas,1,320000,5,320000,16000,304000,178000,178000,126000,41.45,Entregado,Tarjeta débito,4,3,No,No
ORD-01182,2025-02-08,2025,2025-02,Q1,Caribe,Valledupar,Tienda física,Consumidor,Webcam HD,Accesorios,Diego Martínez,1,270000,0,270000,0,270000,151000,151000,119000,44.07,Entregado,PSE,4,2,No,No
ORD-01183,2025-09-06,2025,2025-09,Q3,Caribe,Cartagena,Marketplace,Emprendedor,Monitor 24,Tecnología,Carlos Ruiz,1,749000,0,749000,0,749000,526000,526000,223000,29.77,Entregado,Transferencia,5,5,No,No
ORD-01184,2026-04-29,2026,2026-04,Q2,Pacífica,Buenaventura,Ventas corporativas,Corporativo,Mouse Inalámbrico,Accesorios,Laura Gómez,7,167000,5,1169000,58450,1110550,84000,588000,522550,47.05,Procesando,Tarjeta débito,3,4,No,No
ORD-01185,2024-10-07,2024,2024-10,Q4,Andina,Pereira,Web,PyME,Dock USB-C,Accesorios,Ana Torres,1,402000,10,402000,40200,361800,237000,237000,124800,34.49,Cancelado,PSE,,,No,No
ORD-01186,2025-08-09,2025,2025-08,Q3,Pacífica,Cali,Tienda física,Corporativo,Silla Ergonómica,Mobiliario,Carlos Ruiz,6,1450000,0,8700000,0,8700000,930000,5580000,3120000,35.86,Procesando,Tarjeta débito,3,3,No,No
ORD-01187,2025-09-29,2025,2025-09,Q3,Andina,Manizales,Web,PyME,Headset Pro,Audio,Valentina Rojas,1,510000,5,510000,25500,484500,293000,293000,191500,39.53,Procesando,Efectivo,5,6,No,No
ORD-01188,2024-11-15,2024,2024-11,Q4,Orinoquía,Yopal,Web,PyME,Escritorio Ajustable,Mobiliario,Ana Torres,6,2305000,0,13830000,0,13830000,1412000,8472000,5358000,38.74,Entregado,Tarjeta crédito,5,5,No,No
ORD-01189,2026-03-10,2026,2026-03,Q1,Caribe,Santa Marta,Marketplace,Emprendedor,Monitor 24,Tecnología,Diego Martínez,2,749000,8,1498000,119840,1378160,508000,1016000,362160,26.28,Entregado,Efectivo,4,3,No,No
ORD-01190,2026-02-28,2026,2026-02,Q1,Caribe,Montería,Tienda física,Corporativo,Monitor 24,Tecnología,Laura Gómez,1,780000,20,780000,156000,624000,523000,523000,101000,16.19,Entregado,Tarjeta crédito,4,3,No,No
ORD-01191,2025-10-28,2025,2025-10,Q4,Caribe,Cartagena,Tienda física,Emprendedor,Teclado Mecánico,Accesorios,Sofía Herrera,3,320000,0,960000,0,960000,173000,519000,441000,45.94,En tránsito,Efectivo,5,4,No,No
ORD-01192,2025-03-17,2025,2025-03,Q1,Caribe,Barranquilla,Marketplace,Emprendedor,Mouse Inalámbrico,Accesorios,Laura Gómez,1,173000,0,173000,0,173000,88000,88000,85000,49.13,Entregado,Efectivo,5,1,No,No
ORD-01193,2026-09-02,2026,2026-09,Q3,Andina,Bucaramanga,Web,Consumidor,Monitor 24,Tecnología,Valentina Rojas,2,764000,8,1528000,122240,1405760,511000,1022000,383760,27.3,Entregado,Tarjeta débito,4,4,No,No
ORD-01194,2024-07-07,2024,2024-07,Q3,Pacífica,Pasto,Web,PyME,Audífonos Bluetooth,Audio,Ana Torres,1,382000,8,382000,30560,351440,209000,209000,142440,40.53,Entregado,Tarjeta crédito,2,3,No,Sí
ORD-01195,2024-10-28,2024,2024-10,Q4,Andina,Manizales,Ventas corporativas,PyME,Dock USB-C,Accesorios,Ana Torres,12,381000,3,4572000,137160,4434840,229000,2748000,1686840,38.04,Entregado,PSE,4,1,No,No
ORD-01196,2024-04-12,2024,2024-04,Q2,Andina,Pereira,Tienda física,Corporativo,Teclado Mecánico,Accesorios,Andrés Moreno,2,320000,5,640000,32000,608000,169000,338000,270000,44.41,Procesando,Efectivo,1,1,No,Sí
ORD-01197,2026-06-14,2026,2026-06,Q2,Andina,Pereira,Ventas corporativas,PyME,Escritorio Ajustable,Mobiliario,Ana Torres,4,2070000,15,8280000,1242000,7038000,1402000,5608000,1430000,20.32,Entregado,Transferencia,4,4,No,Sí
ORD-01198,2026-01-17,2026,2026-01,Q1,Andina,Medellín,Web,Consumidor,Laptop Pro 14,Tecnología,Laura Gómez,1,4704000,10,4704000,470400,4233600,3722000,3722000,511600,12.08,Entregado,Transferencia,4,3,No,No
ORD-01199,2026-09-24,2026,2026-09,Q3,Pacífica,Buenaventura,Ventas corporativas,PyME,Mouse Inalámbrico,Accesorios,Juan Castro,12,167000,3,2004000,60120,1943880,83000,996000,947880,48.76,Procesando,PSE,5,2,No,No
ORD-01200,2026-02-09,2026,2026-02,Q1,Amazonía,Florencia,Web,Consumidor,Laptop Pro 14,Tecnología,Carlos Ruiz,8,4704000,3,37632000,1128960,36503040,3640000,29120000,7383040,20.23,Entregado,Tarjeta débito,4,5,No,No
ORD-01201,2024-06-06,2024,2024-06,Q2,Orinoquía,Yopal,Marketplace,Consumidor,Teclado Mecánico,Accesorios,Carlos Ruiz,3,326000,10,978000,97800,880200,185000,555000,325200,36.95,Cancelado,Transferencia,,,No,No
ORD-01202,2026-03-03,2026,2026-03,Q1,Andina,Medellín,Marketplace,Emprendedor,Monitor 24,Tecnología,Valentina Rojas,3,749000,8,2247000,179760,2067240,498000,1494000,573240,27.73,Entregado,Tarjeta débito,5,4,Sí,No
ORD-01203,2026-07-08,2026,2026-07,Q3,Caribe,Barranquilla,Tienda física,Corporativo,Headset Pro,Audio,Diego Martínez,5,520000,0,2600000,0,2600000,296000,1480000,1120000,43.08,Entregado,PSE,4,3,No,No
ORD-01204,2025-05-30,2025,2025-05,Q2,Pacífica,Pasto,Ventas corporativas,Consumidor,Escritorio Ajustable,Mobiliario,Carlos Ruiz,6,2070000,15,12420000,1863000,10557000,1365000,8190000,2367000,22.42,Cancelado,Efectivo,,,No,Sí
ORD-01205,2026-06-12,2026,2026-06,Q2,Andina,Manizales,Web,Emprendedor,Silla Ergonómica,Mobiliario,Juan Castro,6,1506000,10,9036000,903600,8132400,925000,5550000,2582400,31.75,Entregado,PSE,4,3,No,Sí
ORD-01206,2024-02-24,2024,2024-02,Q1,Pacífica,Buenaventura,Ventas corporativas,Consumidor,Silla Ergonómica,Mobiliario,Carlos Ruiz,13,1348000,8,17524000,1401920,16122080,913000,11869000,4253080,26.38,Cancelado,Tarjeta crédito,,,No,No
ORD-01207,2025-10-28,2025,2025-10,Q4,Pacífica,Pasto,Tienda física,Consumidor,Monitor 24,Tecnología,Valentina Rojas,1,780000,5,780000,39000,741000,539000,539000,202000,27.26,Procesando,Efectivo,5,5,No,No
ORD-01208,2026-03-06,2026,2026-03,Q1,Andina,Pereira,Web,Consumidor,Laptop Pro 14,Tecnología,Ana Torres,10,4704000,5,47040000,2352000,44688000,3658000,36580000,8108000,18.14,En tránsito,PSE,3,2,No,No
ORD-01209,2024-02-07,2024,2024-02,Q1,Pacífica,Quibdó,Marketplace,PyME,Silla Ergonómica,Mobiliario,Carlos Ruiz,2,1392000,3,2784000,83520,2700480,918000,1836000,864480,32.01,Entregado,Tarjeta débito,5,2,No,No
ORD-01210,2025-10-23,2025,2025-10,Q4,Caribe,Montería,Web,PyME,Laptop Pro 14,Tecnología,Diego Martínez,5,4704000,15,23520000,3528000,19992000,3609000,18045000,1947000,9.74,Entregado,Tarjeta débito,4,4,No,Sí
ORD-01211,2024-02-15,2024,2024-02,Q1,Pacífica,Cali,Web,PyME,Monitor 27,Tecnología,Andrés Moreno,6,1225000,0,7350000,0,7350000,844000,5064000,2286000,31.1,En tránsito,Transferencia,4,4,No,Sí
ORD-01212,2025-07-14,2025,2025-07,Q3,Andina,Bucaramanga,Web,Corporativo,Monitor 24,Tecnología,Diego Martínez,4,764000,3,3056000,91680,2964320,536000,2144000,820320,27.67,Entregado,Tarjeta crédito,4,5,No,No
ORD-01213,2026-02-12,2026,2026-02,Q1,Andina,Manizales,Tienda física,Emprendedor,Teclado Mecánico,Accesorios,Carlos Ruiz,4,320000,10,1280000,128000,1152000,179000,716000,436000,37.85,Entregado,Tarjeta crédito,4,5,No,Sí
ORD-01214,2026-01-20,2026,2026-01,Q1,Pacífica,Cali,Marketplace,Emprendedor,Webcam HD,Accesorios,Andrés Moreno,2,259000,0,518000,0,518000,145000,290000,228000,44.02,Entregado,Tarjeta crédito,5,3,No,No
ORD-01215,2026-07-13,2026,2026-07,Q3,Pacífica,Popayán,Ventas corporativas,Corporativo,Dock USB-C,Accesorios,Juan Castro,13,381000,3,4953000,148590,4804410,227000,2951000,1853410,38.58,Cancelado,PSE,,,No,No
ORD-01216,2025-12-26,2025,2025-12,Q4,Andina,Medellín,Web,Emprendedor,Teclado Mecánico,Accesorios,Juan Castro,2,351000,3,702000,21060,680940,175000,350000,330940,48.6,Procesando,Efectivo,4,4,No,No
ORD-01217,2025-03-16,2025,2025-03,Q1,Andina,Medellín,Tienda física,Emprendedor,Teclado Mecánico,Accesorios,Laura Gómez,2,320000,10,640000,64000,576000,178000,356000,220000,38.19,En tránsito,Efectivo,3,3,No,Sí
ORD-01218,2025-03-19,2025,2025-03,Q1,Caribe,Valledupar,Tienda física,Consumidor,Headset Pro,Audio,Valentina Rojas,2,520000,20,1040000,208000,832000,292000,584000,248000,29.81,En tránsito,Tarjeta débito,5,4,No,No
ORD-01219,2026-05-14,2026,2026-05,Q2,Andina,Manizales,Web,Consumidor,Dock USB-C,Accesorios,Andrés Moreno,3,426000,0,1278000,0,1278000,248000,744000,534000,41.78,Entregado,Efectivo,5,4,No,No
ORD-01220,2026-04-30,2026,2026-04,Q2,Orinoquía,Yopal,Web,Corporativo,Laptop Pro 14,Tecnología,Juan Castro,1,4704000,10,4704000,470400,4233600,3678000,3678000,555600,13.12,Procesando,Efectivo,4,5,No,No
ORD-01221,2026-09-07,2026,2026-09,Q3,Andina,Manizales,Web,Consumidor,Webcam HD,Accesorios,Carlos Ruiz,1,265000,10,265000,26500,238500,146000,146000,92500,38.78,En tránsito,Efectivo,5,5,No,No
ORD-01222,2026-05-04,2026,2026-05,Q2,Caribe,Cartagena,Web,Emprendedor,Teclado Mecánico,Accesorios,Andrés Moreno,4,332000,5,1328000,66400,1261600,170000,680000,581600,46.1,Entregado,Tarjeta crédito,3,6,No,No
ORD-01223,2026-06-21,2026,2026-06,Q2,Amazonía,Florencia,Marketplace,Consumidor,Audífonos Bluetooth,Audio,Laura Gómez,1,397000,0,397000,0,397000,214000,214000,183000,46.1,Entregado,PSE,4,3,No,No
ORD-01224,2025-06-01,2025,2025-06,Q2,Andina,Pereira,Web,Corporativo,Monitor 27,Tecnología,Juan Castro,5,1298000,5,6490000,324500,6165500,787000,3935000,2230500,36.18,Procesando,Transferencia,1,4,No,Sí
ORD-01225,2024-02-24,2024,2024-02,Q1,Caribe,Cartagena,Web,Consumidor,Monitor 27,Tecnología,Sofía Herrera,5,1225000,20,6125000,1225000,4900000,828000,4140000,760000,15.51,Procesando,Tarjeta crédito,5,4,No,Sí
ORD-01226,2025-05-12,2025,2025-05,Q2,Caribe,Valledupar,Web,Consumidor,Monitor 27,Tecnología,Juan Castro,1,1298000,5,1298000,64900,1233100,795000,795000,438100,35.53,En tránsito,Tarjeta crédito,3,6,No,No
ORD-01227,2024-03-01,2024,2024-03,Q1,Pacífica,Quibdó,Marketplace,Consumidor,Headset Pro,Audio,Carlos Ruiz,8,499000,0,3992000,0,3992000,290000,2320000,1672000,41.88,Entregado,Tarjeta crédito,5,2,No,No
ORD-01228,2025-03-13,2025,2025-03,Q1,Andina,Bogotá,Web,Consumidor,Audífonos Bluetooth,Audio,Juan Castro,8,382000,10,3056000,305600,2750400,206000,1648000,1102400,40.08,Procesando,Tarjeta crédito,3,6,No,Sí
ORD-01229,2025-05-10,2025,2025-05,Q2,Andina,Bogotá,Tienda física,Emprendedor,Silla Ergonómica,Mobiliario,Andrés Moreno,2,1537000,10,3074000,307400,2766600,958000,1916000,850600,30.75,Entregado,Transferencia,3,4,No,No
ORD-01230,2025-08-09,2025,2025-08,Q3,Andina,Manizales,Web,Emprendedor,Mouse Inalámbrico,Accesorios,Ana Torres,1,176000,15,176000,26400,149600,88000,88000,61600,41.18,En tránsito,Transferencia,5,6,No,Sí
ORD-01231,2024-11-14,2024,2024-11,Q4,Pacífica,Cali,Ventas corporativas,Emprendedor,Monitor 24,Tecnología,Diego Martínez,6,812000,0,4872000,0,4872000,507000,3042000,1830000,37.56,Entregado,Tarjeta débito,5,5,No,Sí
ORD-01232,2026-07-02,2026,2026-07,Q3,Andina,Bucaramanga,Web,Corporativo,Webcam HD,Accesorios,Valentina Rojas,4,265000,10,1060000,106000,954000,144000,576000,378000,39.62,Entregado,Transferencia,3,8,No,Sí
ORD-01233,2025-07-15,2025,2025-07,Q3,Andina,Bucaramanga,Ventas corporativas,Consumidor,Teclado Mecánico,Accesorios,Sofía Herrera,17,298000,3,5066000,151980,4914020,171000,2907000,2007020,40.84,Entregado,Transferencia,5,1,No,No
ORD-01234,2025-07-07,2025,2025-07,Q3,Andina,Bucaramanga,Tienda física,PyME,Laptop Pro 14,Tecnología,Ana Torres,2,4800000,3,9600000,288000,9312000,3426000,6852000,2460000,26.42,Entregado,Tarjeta crédito,4,7,No,No
ORD-01235,2025-07-07,2025,2025-07,Q3,Orinoquía,Yopal,Web,PyME,Laptop Air 13,Tecnología,Carlos Ruiz,3,3430000,3,10290000,308700,9981300,2503000,7509000,2472300,24.77,Procesando,Tarjeta crédito,3,7,No,No
ORD-01236,2025-06-03,2025,2025-06,Q2,Amazonía,Leticia,Ventas corporativas,PyME,Escritorio Ajustable,Mobiliario,Laura Gómez,7,2070000,10,14490000,1449000,13041000,1463000,10241000,2800000,21.47,En tránsito,Transferencia,5,6,No,No
ORD-01237,2025-01-14,2025,2025-01,Q1,Orinoquía,Yopal,Marketplace,Consumidor,Teclado Mecánico,Accesorios,Juan Castro,1,307000,0,307000,0,307000,168000,168000,139000,45.28,Entregado,Tarjeta crédito,3,4,No,Sí
ORD-01238,2026-05-30,2026,2026-05,Q2,Andina,Bogotá,Web,Emprendedor,Laptop Air 13,Tecnología,Juan Castro,2,3636000,10,7272000,727200,6544800,2738000,5476000,1068800,16.33,Entregado,Tarjeta crédito,5,4,No,No
ORD-01239,2024-02-14,2024,2024-02,Q1,Amazonía,Florencia,Marketplace,Corporativo,Laptop Air 13,Tecnología,Juan Castro,4,3360000,10,13440000,1344000,12096000,2617000,10468000,1628000,13.46,Procesando,Tarjeta crédito,2,2,No,No
ORD-01240,2025-11-13,2025,2025-11,Q4,Pacífica,Cali,Web,PyME,Laptop Pro 14,Tecnología,Juan Castro,2,5268000,15,10536000,1580400,8955600,3629000,7258000,1697600,18.96,Entregado,Tarjeta débito,1,3,No,No
ORD-01241,2026-06-18,2026,2026-06,Q2,Andina,Bogotá,Tienda física,Consumidor,Silla Ergonómica,Mobiliario,Juan Castro,10,1537000,3,15370000,461100,14908900,899000,8990000,5918900,39.7,Entregado,Efectivo,5,1,No,No
ORD-01242,2024-06-27,2024,2024-06,Q2,Amazonía,Florencia,Marketplace,Corporativo,Mouse Inalámbrico,Accesorios,Laura Gómez,1,183000,5,183000,9150,173850,86000,86000,87850,50.53,Entregado,Tarjeta crédito,4,5,Sí,No
ORD-01243,2025-03-14,2025,2025-03,Q1,Amazonía,Mocoa,Web,Consumidor,Laptop Pro 14,Tecnología,Andrés Moreno,2,4704000,5,9408000,470400,8937600,3501000,7002000,1935600,21.66,Cancelado,Efectivo,,,No,Sí
ORD-01244,2025-11-27,2025,2025-11,Q4,Andina,Medellín,Web,Corporativo,Headset Pro,Audio,Andrés Moreno,5,571000,3,2855000,85650,2769350,294000,1470000,1299350,46.92,Entregado,Transferencia,2,5,No,No
ORD-01245,2026-05-16,2026,2026-05,Q2,Andina,Bucaramanga,Web,PyME,Laptop Pro 14,Tecnología,Andrés Moreno,3,4986000,10,14958000,1495800,13462200,3434000,10302000,3160200,23.47,Entregado,Efectivo,4,6,No,Sí
ORD-01246,2025-08-19,2025,2025-08,Q3,Andina,Medellín,Ventas corporativas,Consumidor,Headset Pro,Audio,Laura Gómez,8,484000,0,3872000,0,3872000,280000,2240000,1632000,42.15,Entregado,Efectivo,3,5,No,Sí
ORD-01247,2026-07-05,2026,2026-07,Q3,Orinoquía,Arauca,Web,Consumidor,Laptop Pro 14,Tecnología,Carlos Ruiz,1,4704000,10,4704000,470400,4233600,3600000,3600000,633600,14.97,En tránsito,Transferencia,4,4,No,No
ORD-01248,2024-08-13,2024,2024-08,Q3,Pacífica,Quibdó,Web,Consumidor,Laptop Pro 14,Tecnología,Andrés Moreno,3,4704000,15,14112000,2116800,11995200,3736000,11208000,787200,6.56,En tránsito,PSE,4,5,No,No
ORD-01249,2026-05-31,2026,2026-05,Q2,Andina,Medellín,Marketplace,Consumidor,Escritorio Ajustable,Mobiliario,Ana Torres,4,2137000,3,8548000,256440,8291560,1419000,5676000,2615560,31.54,Entregado,Transferencia,4,1,No,No
ORD-01250,2025-06-17,2025,2025-06,Q2,Andina,Bucaramanga,Ventas corporativas,PyME,Webcam HD,Accesorios,Laura Gómez,21,266000,0,5586000,0,5586000,152000,3192000,2394000,42.86,Entregado,Tarjeta débito,4,1,No,Sí
ORD-01251,2025-12-18,2025,2025-12,Q4,Amazonía,Leticia,Marketplace,Emprendedor,Headset Pro,Audio,Juan Castro,4,559000,0,2236000,0,2236000,284000,1136000,1100000,49.19,Procesando,Efectivo,5,1,No,Sí
ORD-01252,2024-04-18,2024,2024-04,Q2,Pacífica,Quibdó,Web,Emprendedor,Dock USB-C,Accesorios,Andrés Moreno,2,402000,5,804000,40200,763800,228000,456000,307800,40.3,Procesando,Transferencia,5,4,No,Sí
ORD-01253,2025-12-08,2025,2025-12,Q4,Andina,Pereira,Web,PyME,Silla Ergonómica,Mobiliario,Valentina Rojas,1,1592000,20,1592000,318400,1273600,924000,924000,349600,27.45,Entregado,Efectivo,5,3,No,No
ORD-01254,2025-06-04,2025,2025-06,Q2,Orinoquía,Yopal,Marketplace,PyME,Monitor 27,Tecnología,Andrés Moreno,1,1272000,20,1272000,254400,1017600,813000,813000,204600,20.11,Entregado,Tarjeta débito,5,1,No,Sí
ORD-01255,2024-06-30,2024,2024-06,Q2,Caribe,Valledupar,Tienda física,Consumidor,Teclado Mecánico,Accesorios,Laura Gómez,3,339000,10,1017000,101700,915300,172000,516000,399300,43.63,Cancelado,PSE,,,No,Sí
ORD-01256,2024-10-12,2024,2024-10,Q4,Caribe,Santa Marta,Web,Emprendedor,Headset Pro,Audio,Laura Gómez,1,510000,10,510000,51000,459000,289000,289000,170000,37.04,Entregado,Tarjeta débito,5,7,No,No
ORD-01257,2026-01-22,2026,2026-01,Q1,Andina,Bogotá,Web,Corporativo,Headset Pro,Audio,Juan Castro,1,510000,15,510000,76500,433500,293000,293000,140500,32.41,Entregado,Tarjeta débito,3,4,No,No
ORD-01258,2024-04-15,2024,2024-04,Q2,Andina,Medellín,Ventas corporativas,PyME,Laptop Pro 14,Tecnología,Diego Martínez,19,4464000,0,84816000,0,84816000,3527000,67013000,17803000,20.99,Entregado,Transferencia,4,8,No,No
ORD-01259,2024-12-30,2024,2024-12,Q4,Andina,Pereira,Tienda física,PyME,Laptop Air 13,Tecnología,Carlos Ruiz,1,3920000,10,3920000,392000,3528000,2674000,2674000,854000,24.21,Cancelado,Transferencia,,,No,No
ORD-01260,2026-04-12,2026,2026-04,Q2,Pacífica,Cali,Web,Emprendedor,Webcam HD,Accesorios,Carlos Ruiz,5,265000,0,1325000,0,1325000,153000,765000,560000,42.26,Procesando,Tarjeta crédito,5,4,No,Sí
ORD-01261,2026-05-12,2026,2026-05,Q2,Amazonía,Mocoa,Web,Corporativo,Teclado Mecánico,Accesorios,Juan Castro,2,332000,0,664000,0,664000,178000,356000,308000,46.39,Entregado,Transferencia,4,5,No,No
ORD-01262,2026-07-18,2026,2026-07,Q3,Andina,Bogotá,Web,PyME,Dock USB-C,Accesorios,Sofía Herrera,2,402000,0,804000,0,804000,239000,478000,326000,40.55,En tránsito,PSE,4,4,No,Sí
ORD-01263,2024-02-07,2024,2024-02,Q1,Caribe,Montería,Ventas corporativas,Corporativo,Dock USB-C,Accesorios,Andrés Moreno,18,381000,10,6858000,685800,6172200,242000,4356000,1816200,29.43,Procesando,Tarjeta débito,4,6,No,Sí
ORD-01264,2024-06-21,2024,2024-06,Q2,Andina,Manizales,Web,PyME,Laptop Air 13,Tecnología,Juan Castro,10,3636000,3,36360000,1090800,35269200,2700000,27000000,8269200,23.45,Cancelado,Efectivo,,,No,No
ORD-01265,2024-09-29,2024,2024-09,Q3,Pacífica,Cali,Tienda física,Corporativo,Headset Pro,Audio,Carlos Ruiz,2,520000,15,1040000,156000,884000,275000,550000,334000,37.78,Cancelado,Efectivo,,,No,No
ORD-01266,2024-05-31,2024,2024-05,Q2,Caribe,Santa Marta,Web,Consumidor,Audífonos Bluetooth,Audio,Sofía Herrera,3,405000,8,1215000,97200,1117800,202000,606000,511800,45.79,Entregado,Transferencia,5,4,No,No
ORD-01267,2024-07-10,2024,2024-07,Q3,Orinoquía,Arauca,Web,Consumidor,Laptop Pro 14,Tecnología,Andrés Moreno,1,4704000,3,4704000,141120,4562880,3745000,3745000,817880,17.92,Entregado,Transferencia,4,7,No,Sí
ORD-01268,2026-09-30,2026,2026-09,Q3,Pacífica,Pasto,Marketplace,Corporativo,Webcam HD,Accesorios,Sofía Herrera,2,259000,8,518000,41440,476560,149000,298000,178560,37.47,En tránsito,PSE,4,5,No,No
ORD-01269,2025-01-04,2025,2025-01,Q1,Amazonía,Florencia,Tienda física,Emprendedor,Mouse Inalámbrico,Accesorios,Valentina Rojas,10,180000,3,1800000,54000,1746000,85000,850000,896000,51.32,Cancelado,Tarjeta crédito,,,No,No
ORD-01270,2026-07-16,2026,2026-07,Q3,Andina,Bogotá,Web,Consumidor,Monitor 27,Tecnología,Carlos Ruiz,2,1225000,5,2450000,122500,2327500,862000,1724000,603500,25.93,Procesando,PSE,4,6,No,Sí
ORD-01271,2025-02-12,2025,2025-02,Q1,Caribe,Santa Marta,Tienda física,PyME,Mouse Inalámbrico,Accesorios,Diego Martínez,2,180000,10,360000,36000,324000,83000,166000,158000,48.77,Entregado,PSE,5,1,Sí,No
ORD-01272,2025-08-25,2025,2025-08,Q3,Amazonía,Florencia,Web,Consumidor,Monitor 27,Tecnología,Carlos Ruiz,8,1225000,3,9800000,294000,9506000,869000,6952000,2554000,26.87,Entregado,PSE,5,4,No,No
ORD-01273,2026-06-26,2026,2026-06,Q2,Andina,Bogotá,Tienda física,Consumidor,Webcam HD,Accesorios,Laura Gómez,1,286000,10,286000,28600,257400,142000,142000,115400,44.83,Cancelado,Efectivo,,,No,No
ORD-01274,2026-01-18,2026,2026-01,Q1,Andina,Pereira,Ventas corporativas,Consumidor,Mouse Inalámbrico,Accesorios,Sofía Herrera,3,167000,0,501000,0,501000,88000,264000,237000,47.31,En tránsito,PSE,3,7,No,Sí
ORD-01275,2025-01-06,2025,2025-01,Q1,Pacífica,Pasto,Ventas corporativas,Emprendedor,Audífonos Bluetooth,Audio,Andrés Moreno,17,363000,10,6171000,617100,5553900,202000,3434000,2119900,38.17,Cancelado,Tarjeta crédito,,,No,Sí
ORD-01276,2024-07-17,2024,2024-07,Q3,Caribe,Cartagena,Ventas corporativas,Consumidor,Headset Pro,Audio,Diego Martínez,18,484000,5,8712000,435600,8276400,283000,5094000,3182400,38.45,Cancelado,Transferencia,,,No,No
ORD-01277,2024-05-15,2024,2024-05,Q2,Caribe,Montería,Web,Consumidor,Headset Pro,Audio,Andrés Moreno,1,540000,5,540000,27000,513000,277000,277000,236000,46.0,Entregado,Efectivo,2,5,No,Sí
ORD-01278,2026-08-07,2026,2026-08,Q3,Orinoquía,Yopal,Tienda física,PyME,Headset Pro,Audio,Ana Torres,10,520000,0,5200000,0,5200000,300000,3000000,2200000,42.31,En tránsito,Tarjeta crédito,5,1,No,Sí
ORD-01279,2024-11-23,2024,2024-11,Q4,Caribe,Cartagena,Tienda física,Emprendedor,Laptop Air 13,Tecnología,Andrés Moreno,3,3920000,3,11760000,352800,11407200,2645000,7935000,3472200,30.44,Entregado,Tarjeta débito,4,1,No,No
ORD-01280,2024-07-22,2024,2024-07,Q3,Andina,Manizales,Web,PyME,Escritorio Ajustable,Mobiliario,Ana Torres,4,2058000,5,8232000,411600,7820400,1419000,5676000,2144400,27.42,Cancelado,Efectivo,,,No,No
ORD-01281,2026-05-26,2026,2026-05,Q2,Caribe,Cartagena,Web,Emprendedor,Mouse Inalámbrico,Accesorios,Diego Martínez,2,187000,8,374000,29920,344080,89000,178000,166080,48.27,Cancelado,Tarjeta débito,,,No,Sí
ORD-01282,2025-10-17,2025,2025-10,Q4,Pacífica,Popayán,Marketplace,Emprendedor,Monitor 24,Tecnología,Diego Martínez,1,749000,5,749000,37450,711550,521000,521000,190550,26.78,Entregado,PSE,5,5,No,Sí
ORD-01283,2024-08-20,2024,2024-08,Q3,Caribe,Barranquilla,Web,Emprendedor,Silla Ergonómica,Mobiliario,Carlos Ruiz,1,1421000,5,1421000,71050,1349950,977000,977000,372950,27.63,Procesando,Efectivo,5,5,No,No
ORD-01284,2026-04-29,2026,2026-04,Q2,Pacífica,Popayán,Web,Consumidor,Laptop Pro 14,Tecnología,Diego Martínez,2,4704000,0,9408000,0,9408000,3443000,6886000,2522000,26.81,Cancelado,Efectivo,,,No,No
ORD-01285,2025-10-09,2025,2025-10,Q4,Amazonía,Mocoa,Ventas corporativas,Consumidor,Laptop Air 13,Tecnología,Andrés Moreno,12,3255000,15,39060000,5859000,33201000,2694000,32328000,873000,2.63,Procesando,Tarjeta débito,5,4,No,No
ORD-01286,2026-02-10,2026,2026-02,Q1,Andina,Medellín,Ventas corporativas,Corporativo,Monitor 24,Tecnología,Carlos Ruiz,14,725000,0,10150000,0,10150000,498000,6972000,3178000,31.31,Cancelado,Efectivo,,,No,Sí
ORD-01287,2024-06-06,2024,2024-06,Q2,Andina,Pereira,Marketplace,Consumidor,Monitor 27,Tecnología,Juan Castro,3,1272000,8,3816000,305280,3510720,858000,2574000,936720,26.68,Entregado,Tarjeta débito,4,4,No,No
ORD-01288,2024-02-20,2024,2024-02,Q1,Orinoquía,Villavicencio,Marketplace,PyME,Headset Pro,Audio,Laura Gómez,2,499000,10,998000,99800,898200,276000,552000,346200,38.54,Cancelado,PSE,,,No,No
ORD-01289,2026-03-23,2026,2026-03,Q1,Caribe,Barranquilla,Web,Corporativo,Monitor 24,Tecnología,Laura Gómez,3,764000,3,2292000,68760,2223240,518000,1554000,669240,30.1,Entregado,Tarjeta crédito,5,5,No,Sí
ORD-01290,2025-01-29,2025,2025-01,Q1,Andina,Bogotá,Marketplace,PyME,Silla Ergonómica,Mobiliario,Andrés Moreno,3,1392000,3,4176000,125280,4050720,970000,2910000,1140720,28.16,En tránsito,Tarjeta crédito,5,2,No,No
ORD-01291,2024-09-14,2024,2024-09,Q3,Caribe,Cartagena,Marketplace,Emprendedor,Headset Pro,Audio,Juan Castro,2,499000,5,998000,49900,948100,294000,588000,360100,37.98,Entregado,Transferencia,5,4,No,Sí
ORD-01292,2025-08-06,2025,2025-08,Q3,Orinoquía,Villavicencio,Marketplace,Consumidor,Escritorio Ajustable,Mobiliario,Ana Torres,3,2016000,0,6048000,0,6048000,1409000,4227000,1821000,30.11,Procesando,Tarjeta crédito,4,3,No,Sí
ORD-01293,2025-03-21,2025,2025-03,Q1,Amazonía,Mocoa,Web,PyME,Laptop Pro 14,Tecnología,Sofía Herrera,5,4704000,5,23520000,1176000,22344000,3456000,17280000,5064000,22.66,Cancelado,Tarjeta crédito,,,No,No
ORD-01294,2025-08-08,2025,2025-08,Q3,Andina,Manizales,Web,Corporativo,Escritorio Ajustable,Mobiliario,Carlos Ruiz,2,2058000,8,4116000,329280,3786720,1421000,2842000,944720,24.95,Procesando,Tarjeta débito,5,4,No,No
ORD-01295,2026-07-03,2026,2026-07,Q3,Caribe,Barranquilla,Ventas corporativas,Emprendedor,Escritorio Ajustable,Mobiliario,Valentina Rojas,11,1953000,8,21483000,1718640,19764360,1459000,16049000,3715360,18.8,Entregado,PSE,4,1,No,Sí
ORD-01296,2025-10-14,2025,2025-10,Q4,Orinoquía,Arauca,Tienda física,Consumidor,Headset Pro,Audio,Juan Castro,6,520000,8,3120000,249600,2870400,279000,1674000,1196400,41.68,Procesando,PSE,3,2,No,Sí
ORD-01297,2026-09-03,2026,2026-09,Q3,Caribe,Valledupar,Web,Corporativo,Headset Pro,Audio,Valentina Rojas,1,510000,0,510000,0,510000,278000,278000,232000,45.49,Procesando,PSE,3,6,No,No
ORD-01298,2025-07-30,2025,2025-07,Q3,Caribe,Santa Marta,Web,Corporativo,Webcam HD,Accesorios,Valentina Rojas,1,265000,0,265000,0,265000,153000,153000,112000,42.26,En tránsito,Transferencia,4,2,No,No
ORD-01299,2025-08-09,2025,2025-08,Q3,Caribe,Montería,Ventas corporativas,Consumidor,Teclado Mecánico,Accesorios,Sofía Herrera,5,298000,5,1490000,74500,1415500,174000,870000,545500,38.54,Cancelado,PSE,,,No,Sí
ORD-01300,2025-02-20,2025,2025-02,Q1,Andina,Bucaramanga,Web,PyME,Audífonos Bluetooth,Audio,Juan Castro,1,382000,8,382000,30560,351440,205000,205000,146440,41.67,Entregado,Tarjeta débito,5,6,No,No
ORD-01301,2025-01-24,2025,2025-01,Q1,Andina,Medellín,Marketplace,Corporativo,Laptop Pro 14,Tecnología,Diego Martínez,3,4608000,10,13824000,1382400,12441600,3472000,10416000,2025600,16.28,Entregado,Transferencia,4,3,No,Sí
ORD-01302,2024-03-21,2024,2024-03,Q1,Pacífica,Quibdó,Ventas corporativas,Corporativo,Teclado Mecánico,Accesorios,Sofía Herrera,18,298000,10,5364000,536400,4827600,181000,3258000,1569600,32.51,Procesando,PSE,4,5,No,No
ORD-01303,2026-06-14,2026,2026-06,Q2,Orinoquía,Yopal,Web,Consumidor,Audífonos Bluetooth,Audio,Diego Martínez,4,405000,10,1620000,162000,1458000,213000,852000,606000,41.56,Entregado,Efectivo,4,3,No,Sí
ORD-01304,2025-12-23,2025,2025-12,Q4,Amazonía,Florencia,Tienda física,Emprendedor,Teclado Mecánico,Accesorios,Ana Torres,1,358000,8,358000,28640,329360,173000,173000,156360,47.47,En tránsito,Tarjeta débito,4,1,No,Sí
ORD-01305,2025-08-30,2025,2025-08,Q3,Andina,Manizales,Tienda física,Consumidor,Monitor 27,Tecnología,Sofía Herrera,2,1250000,15,2500000,375000,2125000,868000,1736000,389000,18.31,Cancelado,Tarjeta crédito,,,No,Sí
ORD-01306,2024-04-16,2024,2024-04,Q2,Amazonía,Mocoa,Web,Consumidor,Webcam HD,Accesorios,Juan Castro,3,265000,0,795000,0,795000,146000,438000,357000,44.91,Entregado,Tarjeta débito,4,4,No,Sí
ORD-01307,2025-12-27,2025,2025-12,Q4,Pacífica,Pasto,Tienda física,Corporativo,Mouse Inalámbrico,Accesorios,Carlos Ruiz,3,202000,10,606000,60600,545400,83000,249000,296400,54.35,Entregado,Tarjeta débito,4,1,Sí,No
ORD-01308,2024-08-16,2024,2024-08,Q3,Caribe,Barranquilla,Ventas corporativas,Consumidor,Monitor 27,Tecnología,Juan Castro,8,1162000,0,9296000,0,9296000,797000,6376000,2920000,31.41,Cancelado,Transferencia,,,No,No
ORD-01309,2025-06-25,2025,2025-06,Q2,Pacífica,Popayán,Web,Consumidor,Monitor 24,Tecnología,Diego Martínez,2,810000,8,1620000,129600,1490400,514000,1028000,462400,31.03,Entregado,Tarjeta crédito,4,3,No,Sí
ORD-01310,2025-01-04,2025,2025-01,Q1,Caribe,Cartagena,Marketplace,Consumidor,Teclado Mecánico,Accesorios,Diego Martínez,2,307000,3,614000,18420,595580,169000,338000,257580,43.25,Procesando,Transferencia,5,4,No,Sí
ORD-01311,2025-11-17,2025,2025-11,Q4,Pacífica,Cali,Web,PyME,Monitor 24,Tecnología,Sofía Herrera,2,856000,0,1712000,0,1712000,510000,1020000,692000,40.42,Cancelado,Tarjeta débito,,,No,No
ORD-01312,2026-01-01,2026,2026-01,Q1,Caribe,Valledupar,Marketplace,Consumidor,Audífonos Bluetooth,Audio,Juan Castro,5,374000,5,1870000,93500,1776500,214000,1070000,706500,39.77,Entregado,Tarjeta débito,5,4,Sí,No
ORD-01313,2024-10-14,2024,2024-10,Q4,Andina,Pereira,Web,PyME,Laptop Pro 14,Tecnología,Laura Gómez,5,4704000,0,23520000,0,23520000,3643000,18215000,5305000,22.56,En tránsito,PSE,4,4,No,Sí
ORD-01314,2024-11-22,2024,2024-11,Q4,Andina,Medellín,Marketplace,PyME,Silla Ergonómica,Mobiliario,Valentina Rojas,5,1559000,15,7795000,1169250,6625750,908000,4540000,2085750,31.48,Procesando,PSE,5,5,No,Sí
ORD-01315,2026-02-08,2026,2026-02,Q1,Andina,Medellín,Web,PyME,Monitor 24,Tecnología,Laura Gómez,2,764000,0,1528000,0,1528000,530000,1060000,468000,30.63,Entregado,Tarjeta débito,3,1,No,Sí
ORD-01316,2024-07-21,2024,2024-07,Q3,Andina,Manizales,Web,Consumidor,Webcam HD,Accesorios,Andrés Moreno,3,265000,8,795000,63600,731400,145000,435000,296400,40.53,En tránsito,Transferencia,4,8,No,Sí
ORD-01317,2025-05-04,2025,2025-05,Q2,Caribe,Santa Marta,Web,Emprendedor,Mouse Inalámbrico,Accesorios,Sofía Herrera,4,187000,0,748000,0,748000,87000,348000,400000,53.48,Entregado,Transferencia,5,5,No,Sí
ORD-01318,2024-01-30,2024,2024-01,Q1,Andina,Medellín,Web,Consumidor,Laptop Pro 14,Tecnología,Laura Gómez,1,4704000,0,4704000,0,4704000,3753000,3753000,951000,20.22,Procesando,Tarjeta crédito,5,5,No,No
ORD-01319,2024-06-15,2024,2024-06,Q2,Amazonía,Mocoa,Web,Corporativo,Monitor 27,Tecnología,Sofía Herrera,6,1298000,0,7788000,0,7788000,854000,5124000,2664000,34.21,Cancelado,Efectivo,,,No,No
ORD-01320,2026-03-05,2026,2026-03,Q1,Amazonía,Florencia,Tienda física,Consumidor,Headset Pro,Audio,Laura Gómez,2,520000,10,1040000,104000,936000,285000,570000,366000,39.1,Procesando,Transferencia,5,1,No,No
ORD-01321,2025-07-08,2025,2025-07,Q3,Andina,Manizales,Marketplace,PyME,Monitor 27,Tecnología,Juan Castro,2,1200000,0,2400000,0,2400000,829000,1658000,742000,30.92,Entregado,Transferencia,4,1,No,No
ORD-01322,2025-06-30,2025,2025-06,Q2,Andina,Bucaramanga,Marketplace,PyME,Silla Ergonómica,Mobiliario,Carlos Ruiz,1,1476000,3,1476000,44280,1431720,916000,916000,515720,36.02,Entregado,Tarjeta crédito,5,4,No,Sí
ORD-01323,2025-04-13,2025,2025-04,Q2,Amazonía,Leticia,Marketplace,Emprendedor,Monitor 24,Tecnología,Carlos Ruiz,10,749000,5,7490000,374500,7115500,531000,5310000,1805500,25.37,Cancelado,Transferencia,,,No,No
ORD-01324,2026-06-02,2026,2026-06,Q2,Pacífica,Pasto,Web,PyME,Audífonos Bluetooth,Audio,Juan Castro,3,405000,3,1215000,36450,1178550,200000,600000,578550,49.09,Entregado,Tarjeta débito,5,5,No,No
ORD-01325,2026-01-22,2026,2026-01,Q1,Orinoquía,Villavicencio,Web,PyME,Webcam HD,Accesorios,Diego Martínez,1,265000,15,265000,39750,225250,153000,153000,72250,32.08,Cancelado,Efectivo,,,No,No
ORD-01326,2024-06-16,2024,2024-06,Q2,Andina,Bucaramanga,Web,PyME,Monitor 27,Tecnología,Laura Gómez,2,1298000,5,2596000,129800,2466200,813000,1626000,840200,34.07,Entregado,Efectivo,5,5,No,No
ORD-01327,2024-07-26,2024,2024-07,Q3,Amazonía,Florencia,Tienda física,Emprendedor,Teclado Mecánico,Accesorios,Juan Castro,6,320000,0,1920000,0,1920000,177000,1062000,858000,44.69,Procesando,Tarjeta crédito,4,2,No,Sí
ORD-01328,2024-01-22,2024,2024-01,Q1,Pacífica,Cali,Tienda física,Corporativo,Mouse Inalámbrico,Accesorios,Sofía Herrera,2,180000,5,360000,18000,342000,85000,170000,172000,50.29,Procesando,Efectivo,5,2,No,No
ORD-01329,2024-07-05,2024,2024-07,Q3,Andina,Medellín,Ventas corporativas,Corporativo,Monitor 27,Tecnología,Ana Torres,9,1162000,5,10458000,522900,9935100,809000,7281000,2654100,26.71,En tránsito,Tarjeta débito,5,6,No,No
ORD-01330,2025-08-03,2025,2025-08,Q3,Andina,Manizales,Ventas corporativas,PyME,Laptop Air 13,Tecnología,Carlos Ruiz,4,3255000,0,13020000,0,13020000,2653000,10612000,2408000,18.49,Entregado,PSE,5,4,No,No
ORD-01331,2026-09-04,2026,2026-09,Q3,Orinoquía,Yopal,Web,Corporativo,Monitor 24,Tecnología,Andrés Moreno,3,764000,3,2292000,68760,2223240,524000,1572000,651240,29.29,Procesando,Tarjeta débito,4,4,No,No
ORD-01332,2024-06-25,2024,2024-06,Q2,Pacífica,Pasto,Marketplace,PyME,Headset Pro,Audio,Laura Gómez,1,529000,5,529000,26450,502550,276000,276000,226550,45.08,Cancelado,Efectivo,,,No,No
ORD-01333,2024-07-18,2024,2024-07,Q3,Andina,Bogotá,Marketplace,PyME,Monitor 24,Tecnología,Carlos Ruiz,4,749000,0,2996000,0,2996000,504000,2016000,980000,32.71,Procesando,Tarjeta débito,5,4,No,No
ORD-01334,2024-04-06,2024,2024-04,Q2,Amazonía,Leticia,Web,Corporativo,Laptop Air 13,Tecnología,Ana Torres,1,3430000,8,3430000,274400,3155600,2726000,2726000,429600,13.61,Cancelado,Transferencia,,,No,No
ORD-01335,2025-07-02,2025,2025-07,Q3,Caribe,Montería,Ventas corporativas,Corporativo,Teclado Mecánico,Accesorios,Sofía Herrera,16,298000,0,4768000,0,4768000,174000,2784000,1984000,41.61,Procesando,Tarjeta débito,4,7,No,No
ORD-01336,2025-11-20,2025,2025-11,Q4,Andina,Manizales,Tienda física,Consumidor,Monitor 27,Tecnología,Valentina Rojas,2,1400000,15,2800000,420000,2380000,823000,1646000,734000,30.84,Procesando,Transferencia,4,4,No,Sí
ORD-01337,2026-06-10,2026,2026-06,Q2,Andina,Bucaramanga,Web,Consumidor,Audífonos Bluetooth,Audio,Ana Torres,2,405000,0,810000,0,810000,203000,406000,404000,49.88,Entregado,Tarjeta débito,3,2,No,Sí
ORD-01338,2024-07-06,2024,2024-07,Q3,Andina,Bogotá,Web,Consumidor,Laptop Pro 14,Tecnología,Carlos Ruiz,3,4704000,5,14112000,705600,13406400,3691000,11073000,2333400,17.41,Entregado,Tarjeta crédito,4,1,No,No
ORD-01339,2025-09-21,2025,2025-09,Q3,Caribe,Montería,Tienda física,PyME,Escritorio Ajustable,Mobiliario,Laura Gómez,10,2100000,3,21000000,630000,20370000,1461000,14610000,5760000,28.28,Entregado,Tarjeta crédito,4,3,No,Sí
ORD-01340,2025-03-18,2025,2025-03,Q1,Caribe,Barranquilla,Marketplace,Consumidor,Audífonos Bluetooth,Audio,Laura Gómez,1,374000,0,374000,0,374000,197000,197000,177000,47.33,Entregado,PSE,4,4,No,No
ORD-01341,2024-11-30,2024,2024-11,Q4,Pacífica,Pasto,Ventas corporativas,Consumidor,Monitor 24,Tecnología,Ana Torres,21,812000,8,17052000,1364160,15687840,537000,11277000,4410840,28.12,Procesando,Efectivo,5,5,No,No
ORD-01342,2024-03-04,2024,2024-03,Q1,Andina,Manizales,Marketplace,Consumidor,Silla Ergonómica,Mobiliario,Valentina Rojas,1,1392000,5,1392000,69600,1322400,933000,933000,389400,29.45,Entregado,Tarjeta débito,3,1,No,Sí
ORD-01343,2025-05-10,2025,2025-05,Q2,Andina,Bogotá,Web,Corporativo,Silla Ergonómica,Mobiliario,Diego Martínez,1,1506000,8,1506000,120480,1385520,943000,943000,442520,31.94,En tránsito,Transferencia,3,3,No,No
ORD-01344,2026-09-15,2026,2026-09,Q3,Pacífica,Cali,Web,Consumidor,Laptop Air 13,Tecnología,Diego Martínez,3,3430000,10,10290000,1029000,9261000,2548000,7644000,1617000,17.46,Entregado,PSE,3,3,No,No
ORD-01345,2025-04-17,2025,2025-04,Q2,Pacífica,Cali,Tienda física,Corporativo,Silla Ergonómica,Mobiliario,Carlos Ruiz,4,1450000,10,5800000,580000,5220000,980000,3920000,1300000,24.9,Entregado,Tarjeta crédito,5,1,No,No
ORD-01346,2025-10-06,2025,2025-10,Q4,Pacífica,Quibdó,Web,Consumidor,Monitor 27,Tecnología,Diego Martínez,6,1225000,5,7350000,367500,6982500,795000,4770000,2212500,31.69,Cancelado,Tarjeta crédito,,,No,No
ORD-01347,2025-04-23,2025,2025-04,Q2,Caribe,Montería,Tienda física,Emprendedor,Laptop Air 13,Tecnología,Juan Castro,2,3500000,0,7000000,0,7000000,2748000,5496000,1504000,21.49,En tránsito,Transferencia,5,2,No,Sí
ORD-01348,2025-11-22,2025,2025-11,Q4,Andina,Medellín,Web,Emprendedor,Audífonos Bluetooth,Audio,Juan Castro,2,428000,15,856000,128400,727600,205000,410000,317600,43.65,En tránsito,Efectivo,5,4,No,No
ORD-01349,2024-05-21,2024,2024-05,Q2,Andina,Medellín,Tienda física,Consumidor,Teclado Mecánico,Accesorios,Sofía Herrera,3,339000,15,1017000,152550,864450,171000,513000,351450,40.66,Entregado,Tarjeta débito,4,1,No,No
ORD-01350,2025-09-14,2025,2025-09,Q3,Andina,Bucaramanga,Tienda física,Emprendedor,Headset Pro,Audio,Andrés Moreno,4,520000,5,2080000,104000,1976000,290000,1160000,816000,41.3,Entregado,Tarjeta crédito,4,4,No,No
ORD-01351,2025-07-20,2025,2025-07,Q3,Pacífica,Popayán,Marketplace,PyME,Teclado Mecánico,Accesorios,Sofía Herrera,2,307000,5,614000,30700,583300,180000,360000,223300,38.28,Procesando,Tarjeta crédito,4,2,No,No
ORD-01352,2024-09-05,2024,2024-09,Q3,Andina,Manizales,Ventas corporativas,Corporativo,Silla Ergonómica,Mobiliario,Laura Gómez,12,1348000,10,16176000,1617600,14558400,943000,11316000,3242400,22.27,Procesando,PSE,3,8,No,Sí
ORD-01353,2024-01-11,2024,2024-01,Q1,Pacífica,Buenaventura,Tienda física,Consumidor,Headset Pro,Audio,Laura Gómez,5,520000,15,2600000,390000,2210000,283000,1415000,795000,35.97,Entregado,Transferencia,5,5,No,No
ORD-01354,2025-07-20,2025,2025-07,Q3,Caribe,Barranquilla,Marketplace,PyME,Laptop Pro 14,Tecnología,Diego Martínez,1,4608000,5,4608000,230400,4377600,3498000,3498000,879600,20.09,Procesando,Tarjeta crédito,3,4,No,No
ORD-01355,2024-11-08,2024,2024-11,Q4,Pacífica,Quibdó,Web,Consumidor,Silla Ergonómica,Mobiliario,Juan Castro,3,1592000,5,4776000,238800,4537200,970000,2910000,1627200,35.86,Cancelado,Transferencia,,,No,No
ORD-01356,2024-08-30,2024,2024-08,Q3,Andina,Manizales,Ventas corporativas,Consumidor,Mouse Inalámbrico,Accesorios,Juan Castro,5,167000,0,835000,0,835000,85000,425000,410000,49.1,En tránsito,Tarjeta débito,5,1,No,Sí
ORD-01357,2026-09-18,2026,2026-09,Q3,Amazonía,Florencia,Web,Consumidor,Teclado Mecánico,Accesorios,Sofía Herrera,1,314000,5,314000,15700,298300,182000,182000,116300,38.99,Procesando,Transferencia,5,6,No,No
ORD-01358,2024-02-23,2024,2024-02,Q1,Caribe,Montería,Ventas corporativas,Consumidor,Audífonos Bluetooth,Audio,Laura Gómez,18,363000,5,6534000,326700,6207300,205000,3690000,2517300,40.55,Cancelado,Tarjeta crédito,,,No,No
ORD-01359,2024-07-27,2024,2024-07,Q3,Caribe,Barranquilla,Web,Corporativo,Laptop Pro 14,Tecnología,Valentina Rojas,6,4704000,3,28224000,846720,27377280,3752000,22512000,4865280,17.77,Entregado,Efectivo,5,3,No,No
ORD-01360,2025-02-14,2025,2025-02,Q1,Pacífica,Pasto,Web,Emprendedor,Monitor 27,Tecnología,Andrés Moreno,1,1225000,0,1225000,0,1225000,851000,851000,374000,30.53,Entregado,Tarjeta débito,4,5,No,No
ORD-01361,2025-03-11,2025,2025-03,Q1,Pacífica,Buenaventura,Web,Emprendedor,Monitor 27,Tecnología,Andrés Moreno,1,1225000,3,1225000,36750,1188250,864000,864000,324250,27.29,Cancelado,Tarjeta crédito,,,No,Sí
ORD-01362,2024-11-10,2024,2024-11,Q4,Caribe,Montería,Tienda física,Consumidor,Teclado Mecánico,Accesorios,Diego Martínez,3,358000,3,1074000,32220,1041780,178000,534000,507780,48.74,Procesando,PSE,4,5,No,Sí
ORD-01363,2026-04-30,2026,2026-04,Q2,Andina,Medellín,Web,Consumidor,Teclado Mecánico,Accesorios,Valentina Rojas,2,314000,0,628000,0,628000,180000,360000,268000,42.68,Procesando,Tarjeta débito,2,7,No,No
ORD-01364,2026-08-27,2026,2026-08,Q3,Andina,Bogotá,Marketplace,Emprendedor,Audífonos Bluetooth,Audio,Diego Martínez,1,374000,10,374000,37400,336600,200000,200000,136600,40.58,En tránsito,Efectivo,4,2,No,No
ORD-01365,2024-11-24,2024,2024-11,Q4,Pacífica,Pasto,Web,PyME,Silla Ergonómica,Mobiliario,Carlos Ruiz,1,1592000,8,1592000,127360,1464640,909000,909000,555640,37.94,Entregado,Efectivo,5,5,No,No
ORD-01366,2025-01-12,2025,2025-01,Q1,Caribe,Montería,Web,Corporativo,Laptop Air 13,Tecnología,Juan Castro,6,3430000,5,20580000,1029000,19551000,2662000,15972000,3579000,18.31,Entregado,Tarjeta débito,3,3,No,No
ORD-01367,2024-05-24,2024,2024-05,Q2,Andina,Pereira,Marketplace,Emprendedor,Audífonos Bluetooth,Audio,Andrés Moreno,4,397000,0,1588000,0,1588000,213000,852000,736000,46.35,En tránsito,Tarjeta débito,3,4,No,Sí
ORD-01368,2026-05-17,2026,2026-05,Q2,Orinoquía,Villavicencio,Web,PyME,Laptop Pro 14,Tecnología,Ana Torres,2,4986000,5,9972000,498600,9473400,3487000,6974000,2499400,26.38,Entregado,Transferencia,4,5,No,No
ORD-01369,2025-06-09,2025,2025-06,Q2,Caribe,Valledupar,Marketplace,PyME,Monitor 27,Tecnología,Valentina Rojas,3,1272000,5,3816000,190800,3625200,801000,2403000,1222200,33.71,Procesando,Tarjeta débito,4,3,No,No
ORD-01370,2024-03-05,2024,2024-03,Q1,Andina,Bogotá,Marketplace,PyME,Webcam HD,Accesorios,Carlos Ruiz,2,259000,10,518000,51800,466200,142000,284000,182200,39.08,Entregado,PSE,4,4,No,No
ORD-01371,2025-05-04,2025,2025-05,Q2,Andina,Bucaramanga,Tienda física,Consumidor,Dock USB-C,Accesorios,Sofía Herrera,4,435000,5,1740000,87000,1653000,235000,940000,713000,43.13,Entregado,Tarjeta débito,4,1,No,Sí
ORD-01372,2025-02-09,2025,2025-02,Q1,Andina,Pereira,Web,PyME,Escritorio Ajustable,Mobiliario,Laura Gómez,2,2058000,10,4116000,411600,3704400,1400000,2800000,904400,24.41,Entregado,Efectivo,5,4,Sí,No
ORD-01373,2024-12-14,2024,2024-12,Q4,Caribe,Valledupar,Tienda física,Emprendedor,Laptop Pro 14,Tecnología,Sofía Herrera,1,5376000,15,5376000,806400,4569600,3660000,3660000,909600,19.91,Entregado,PSE,3,3,No,Sí
ORD-01374,2024-10-28,2024,2024-10,Q4,Andina,Pereira,Web,Corporativo,Silla Ergonómica,Mobiliario,Juan Castro,4,1421000,15,5684000,852600,4831400,955000,3820000,1011400,20.93,Cancelado,Transferencia,,,No,Sí
ORD-01375,2026-07-21,2026,2026-07,Q3,Orinoquía,Yopal,Tienda física,PyME,Mouse Inalámbrico,Accesorios,Andrés Moreno,3,180000,10,540000,54000,486000,83000,249000,237000,48.77,Procesando,Efectivo,5,4,No,No
ORD-01376,2025-07-05,2025,2025-07,Q3,Caribe,Barranquilla,Web,Corporativo,Monitor 27,Tecnología,Juan Castro,3,1225000,8,3675000,294000,3381000,862000,2586000,795000,23.51,En tránsito,Efectivo,5,4,No,No
ORD-01377,2026-07-26,2026,2026-07,Q3,Amazonía,Florencia,Marketplace,Emprendedor,Laptop Air 13,Tecnología,Laura Gómez,4,3360000,0,13440000,0,13440000,2625000,10500000,2940000,21.88,Entregado,Tarjeta débito,4,2,No,No
ORD-01378,2024-12-15,2024,2024-12,Q4,Pacífica,Quibdó,Marketplace,Consumidor,Laptop Air 13,Tecnología,Juan Castro,3,3763000,8,11289000,903120,10385880,2752000,8256000,2129880,20.51,Procesando,Efectivo,3,3,No,Sí
ORD-01379,2026-04-20,2026,2026-04,Q2,Andina,Pereira,Ventas corporativas,Consumidor,Headset Pro,Audio,Valentina Rojas,25,484000,8,12100000,968000,11132000,278000,6950000,4182000,37.57,Entregado,Efectivo,5,3,No,Sí
ORD-01380,2026-04-22,2026,2026-04,Q2,Pacífica,Cali,Marketplace,Corporativo,Headset Pro,Audio,Laura Gómez,2,499000,5,998000,49900,948100,295000,590000,358100,37.77,Cancelado,PSE,,,No,Sí
ORD-01381,2025-11-20,2025,2025-11,Q4,Andina,Bogotá,Tienda física,Emprendedor,Laptop Air 13,Tecnología,Andrés Moreno,4,3920000,0,15680000,0,15680000,2561000,10244000,5436000,34.67,Procesando,PSE,3,4,No,Sí
ORD-01382,2026-06-05,2026,2026-06,Q2,Andina,Bogotá,Marketplace,PyME,Monitor 24,Tecnología,Juan Castro,1,794000,0,794000,0,794000,517000,517000,277000,34.89,Procesando,Tarjeta crédito,5,5,No,No
ORD-01383,2024-11-02,2024,2024-11,Q4,Andina,Manizales,Web,Corporativo,Monitor 24,Tecnología,Valentina Rojas,6,856000,15,5136000,770400,4365600,530000,3180000,1185600,27.16,Procesando,Tarjeta débito,4,2,No,No
ORD-01384,2024-03-21,2024,2024-03,Q1,Andina,Bucaramanga,Marketplace,Corporativo,Silla Ergonómica,Mobiliario,Valentina Rojas,2,1392000,3,2784000,83520,2700480,926000,1852000,848480,31.42,Procesando,Tarjeta crédito,3,5,No,No
ORD-01385,2026-09-05,2026,2026-09,Q3,Andina,Medellín,Marketplace,Corporativo,Laptop Air 13,Tecnología,Carlos Ruiz,5,3360000,10,16800000,1680000,15120000,2558000,12790000,2330000,15.41,En tránsito,Tarjeta crédito,5,3,No,No
ORD-01386,2024-09-09,2024,2024-09,Q3,Andina,Pereira,Marketplace,Consumidor,Laptop Pro 14,Tecnología,Valentina Rojas,5,4608000,15,23040000,3456000,19584000,3575000,17875000,1709000,8.73,Entregado,Transferencia,5,1,No,Sí
ORD-01387,2026-07-25,2026,2026-07,Q3,Andina,Medellín,Web,Corporativo,Silla Ergonómica,Mobiliario,Laura Gómez,5,1421000,3,7105000,213150,6891850,969000,4845000,2046850,29.7,Cancelado,Tarjeta crédito,,,No,No
ORD-01388,2025-12-14,2025,2025-12,Q4,Caribe,Santa Marta,Ventas corporativas,Emprendedor,Headset Pro,Audio,Laura Gómez,8,542000,5,4336000,216800,4119200,281000,2248000,1871200,45.43,Entregado,Tarjeta débito,2,3,No,No
ORD-01389,2024-08-07,2024,2024-08,Q3,Andina,Medellín,Web,Consumidor,Webcam HD,Accesorios,Diego Martínez,2,265000,15,530000,79500,450500,147000,294000,156500,34.74,Entregado,Efectivo,4,4,No,No
ORD-01390,2024-08-04,2024,2024-08,Q3,Orinoquía,Arauca,Tienda física,Consumidor,Dock USB-C,Accesorios,Laura Gómez,1,410000,5,410000,20500,389500,232000,232000,157500,40.44,Cancelado,Efectivo,,,No,Sí
ORD-01391,2025-06-01,2025,2025-06,Q2,Caribe,Santa Marta,Tienda física,Consumidor,Escritorio Ajustable,Mobiliario,Juan Castro,4,2226000,15,8904000,1335600,7568400,1470000,5880000,1688400,22.31,Entregado,Efectivo,5,4,No,No
ORD-01392,2025-04-09,2025,2025-04,Q2,Andina,Manizales,Tienda física,Consumidor,Laptop Air 13,Tecnología,Sofía Herrera,6,3500000,0,21000000,0,21000000,2748000,16488000,4512000,21.49,Procesando,Tarjeta crédito,5,6,No,Sí
ORD-01393,2026-08-27,2026,2026-08,Q3,Andina,Pereira,Ventas corporativas,Corporativo,Silla Ergonómica,Mobiliario,Diego Martínez,6,1348000,5,8088000,404400,7683600,934000,5604000,2079600,27.07,Cancelado,Tarjeta débito,,,No,Sí
ORD-01394,2024-10-17,2024,2024-10,Q4,Pacífica,Popayán,Marketplace,Consumidor,Laptop Pro 14,Tecnología,Juan Castro,1,4608000,10,4608000,460800,4147200,3623000,3623000,524200,12.64,Procesando,Tarjeta débito,5,3,No,No
ORD-01395,2025-10-14,2025,2025-10,Q4,Orinoquía,Villavicencio,Tienda física,PyME,Monitor 27,Tecnología,Carlos Ruiz,2,1250000,5,2500000,125000,2375000,852000,1704000,671000,28.25,Entregado,Efectivo,3,5,No,Sí
ORD-01396,2025-10-30,2025,2025-10,Q4,Andina,Manizales,Web,Corporativo,Monitor 27,Tecnología,Sofía Herrera,4,1225000,0,4900000,0,4900000,792000,3168000,1732000,35.35,Cancelado,Tarjeta crédito,,,No,No
ORD-01397,2024-06-12,2024,2024-06,Q2,Andina,Medellín,Tienda física,PyME,Silla Ergonómica,Mobiliario,Sofía Herrera,1,1537000,5,1537000,76850,1460150,950000,950000,510150,34.94,Entregado,Efectivo,5,1,No,No
ORD-01398,2024-01-29,2024,2024-01,Q1,Caribe,Valledupar,Web,Corporativo,Webcam HD,Accesorios,Sofía Herrera,2,265000,3,530000,15900,514100,153000,306000,208100,40.48,En tránsito,Tarjeta débito,4,5,No,Sí
ORD-01399,2024-01-15,2024,2024-01,Q1,Andina,Medellín,Web,PyME,Monitor 27,Tecnología,Valentina Rojas,1,1225000,10,1225000,122500,1102500,791000,791000,311500,28.25,Entregado,Tarjeta débito,4,5,No,Sí
ORD-01400,2024-01-13,2024,2024-01,Q1,Andina,Manizales,Marketplace,Consumidor,Webcam HD,Accesorios,Ana Torres,1,259000,15,259000,38850,220150,141000,141000,79150,35.95,Entregado,Tarjeta crédito,4,4,Sí,No
ORD-01401,2024-07-20,2024,2024-07,Q3,Andina,Pereira,Web,Corporativo,Escritorio Ajustable,Mobiliario,Laura Gómez,2,2058000,5,4116000,205800,3910200,1408000,2816000,1094200,27.98,Entregado,Tarjeta crédito,4,3,No,No
ORD-01402,2024-08-09,2024,2024-08,Q3,Caribe,Barranquilla,Marketplace,Corporativo,Monitor 24,Tecnología,Carlos Ruiz,1,749000,5,749000,37450,711550,498000,498000,213550,30.01,Entregado,Transferencia,5,1,No,No
ORD-01403,2024-07-09,2024,2024-07,Q3,Andina,Bucaramanga,Ventas corporativas,PyME,Mouse Inalámbrico,Accesorios,Carlos Ruiz,10,167000,10,1670000,167000,1503000,88000,880000,623000,41.45,En tránsito,Transferencia,3,2,No,No
ORD-01404,2025-04-10,2025,2025-04,Q2,Andina,Medellín,Web,PyME,Dock USB-C,Accesorios,Valentina Rojas,10,402000,10,4020000,402000,3618000,243000,2430000,1188000,32.84,Entregado,Tarjeta crédito,5,5,No,Sí
ORD-01405,2024-07-04,2024,2024-07,Q3,Andina,Pereira,Marketplace,PyME,Teclado Mecánico,Accesorios,Sofía Herrera,1,307000,10,307000,30700,276300,184000,184000,92300,33.41,Cancelado,PSE,,,No,No
ORD-01406,2025-04-01,2025,2025-04,Q2,Pacífica,Popayán,Web,Corporativo,Monitor 27,Tecnología,Carlos Ruiz,1,1225000,8,1225000,98000,1127000,822000,822000,305000,27.06,Cancelado,Tarjeta débito,,,No,No
ORD-01407,2025-04-26,2025,2025-04,Q2,Andina,Manizales,Marketplace,Emprendedor,Escritorio Ajustable,Mobiliario,Juan Castro,4,2016000,0,8064000,0,8064000,1501000,6004000,2060000,25.55,Entregado,Tarjeta crédito,4,4,No,No
ORD-01408,2024-05-14,2024,2024-05,Q2,Andina,Pereira,Web,Emprendedor,Headset Pro,Audio,Valentina Rojas,8,540000,5,4320000,216000,4104000,300000,2400000,1704000,41.52,Entregado,PSE,4,8,No,No
ORD-01409,2025-03-14,2025,2025-03,Q1,Pacífica,Quibdó,Tienda física,Corporativo,Headset Pro,Audio,Laura Gómez,1,520000,5,520000,26000,494000,275000,275000,219000,44.33,Entregado,Efectivo,4,1,No,No
ORD-01410,2025-03-24,2025,2025-03,Q1,Pacífica,Quibdó,Ventas corporativas,Corporativo,Laptop Air 13,Tecnología,Diego Martínez,3,3255000,5,9765000,488250,9276750,2657000,7971000,1305750,14.08,Procesando,Transferencia,3,3,No,No
ORD-01411,2026-01-17,2026,2026-01,Q1,Caribe,Cartagena,Ventas corporativas,Emprendedor,Mouse Inalámbrico,Accesorios,Valentina Rojas,7,167000,5,1169000,58450,1110550,84000,588000,522550,47.05,Entregado,PSE,3,3,No,Sí
ORD-01412,2024-07-10,2024,2024-07,Q3,Andina,Bogotá,Web,PyME,Monitor 27,Tecnología,Laura Gómez,1,1225000,10,1225000,122500,1102500,828000,828000,274500,24.9,Cancelado,PSE,,,No,No
ORD-01413,2024-01-02,2024,2024-01,Q1,Orinoquía,Villavicencio,Web,Emprendedor,Laptop Pro 14,Tecnología,Laura Gómez,1,4704000,5,4704000,235200,4468800,3496000,3496000,972800,21.77,Entregado,Efectivo,5,2,No,No
ORD-01414,2026-02-25,2026,2026-02,Q1,Pacífica,Cali,Web,Emprendedor,Laptop Air 13,Tecnología,Diego Martínez,2,3430000,0,6860000,0,6860000,2647000,5294000,1566000,22.83,Entregado,Tarjeta débito,5,5,No,No
ORD-01415,2024-07-25,2024,2024-07,Q3,Orinoquía,Arauca,Marketplace,Emprendedor,Escritorio Ajustable,Mobiliario,Valentina Rojas,8,2016000,8,16128000,1290240,14837760,1428000,11424000,3413760,23.01,Cancelado,Tarjeta crédito,,,No,No
ORD-01416,2026-01-20,2026,2026-01,Q1,Andina,Pereira,Ventas corporativas,Consumidor,Laptop Air 13,Tecnología,Sofía Herrera,20,3255000,5,65100000,3255000,61845000,2756000,55120000,6725000,10.87,En tránsito,Tarjeta débito,4,7,No,Sí
ORD-01417,2024-05-01,2024,2024-05,Q2,Orinoquía,Arauca,Ventas corporativas,Corporativo,Monitor 24,Tecnología,Sofía Herrera,3,769000,5,2307000,115350,2191650,494000,1482000,709650,32.38,Entregado,PSE,5,4,No,No
ORD-01418,2026-02-16,2026,2026-02,Q1,Caribe,Santa Marta,Ventas corporativas,PyME,Monitor 27,Tecnología,Juan Castro,7,1162000,10,8134000,813400,7320600,842000,5894000,1426600,19.49,Entregado,Transferencia,4,3,No,No
ORD-01419,2025-09-13,2025,2025-09,Q3,Caribe,Santa Marta,Ventas corporativas,PyME,Escritorio Ajustable,Mobiliario,Laura Gómez,11,1953000,5,21483000,1074150,20408850,1384000,15224000,5184850,25.4,Entregado,Tarjeta débito,5,5,No,No
ORD-01420,2025-07-06,2025,2025-07,Q3,Orinoquía,Arauca,Web,Emprendedor,Silla Ergonómica,Mobiliario,Carlos Ruiz,1,1421000,3,1421000,42630,1378370,934000,934000,444370,32.24,Entregado,Transferencia,3,5,No,Sí
ORD-01421,2024-11-28,2024,2024-11,Q4,Orinoquía,Yopal,Marketplace,Consumidor,Monitor 24,Tecnología,Laura Gómez,2,839000,20,1678000,335600,1342400,511000,1022000,320400,23.87,Entregado,Tarjeta crédito,4,3,No,Sí
ORD-01422,2024-06-12,2024,2024-06,Q2,Caribe,Valledupar,Tienda física,PyME,Monitor 27,Tecnología,Valentina Rojas,2,1325000,5,2650000,132500,2517500,844000,1688000,829500,32.95,Entregado,Tarjeta crédito,5,5,No,No
ORD-01423,2024-03-03,2024,2024-03,Q1,Caribe,Cartagena,Web,PyME,Monitor 24,Tecnología,Carlos Ruiz,2,764000,0,1528000,0,1528000,494000,988000,540000,35.34,Procesando,Tarjeta crédito,4,4,No,Sí
ORD-01424,2026-06-19,2026,2026-06,Q2,Pacífica,Buenaventura,Ventas corporativas,Corporativo,Monitor 24,Tecnología,Valentina Rojas,11,769000,0,8459000,0,8459000,494000,5434000,3025000,35.76,Entregado,Transferencia,4,1,No,No
ORD-01425,2024-08-17,2024,2024-08,Q3,Amazonía,Mocoa,Web,Corporativo,Teclado Mecánico,Accesorios,Diego Martínez,4,314000,20,1256000,251200,1004800,173000,692000,312800,31.13,Entregado,PSE,5,4,No,No
ORD-01426,2026-09-16,2026,2026-09,Q3,Andina,Pereira,Web,Consumidor,Laptop Air 13,Tecnología,Sofía Herrera,1,3430000,5,3430000,171500,3258500,2689000,2689000,569500,17.48,Cancelado,Transferencia,,,No,No
ORD-01427,2024-09-22,2024,2024-09,Q3,Andina,Pereira,Web,Consumidor,Dock USB-C,Accesorios,Valentina Rojas,10,402000,5,4020000,201000,3819000,229000,2290000,1529000,40.04,Entregado,Transferencia,5,6,No,No
ORD-01428,2025-06-05,2025,2025-06,Q2,Andina,Manizales,Marketplace,PyME,Audífonos Bluetooth,Audio,Andrés Moreno,8,397000,15,3176000,476400,2699600,213000,1704000,995600,36.88,Entregado,Transferencia,4,5,No,No
ORD-01429,2025-03-28,2025,2025-03,Q1,Caribe,Santa Marta,Web,PyME,Escritorio Ajustable,Mobiliario,Sofía Herrera,2,2058000,0,4116000,0,4116000,1386000,2772000,1344000,32.65,Entregado,Efectivo,4,9,No,No
ORD-01430,2024-11-04,2024,2024-11,Q4,Amazonía,Leticia,Web,Corporativo,Monitor 24,Tecnología,Valentina Rojas,1,856000,0,856000,0,856000,492000,492000,364000,42.52,Cancelado,Efectivo,,,No,Sí
ORD-01431,2024-04-23,2024,2024-04,Q2,Andina,Bucaramanga,Tienda física,PyME,Headset Pro,Audio,Valentina Rojas,1,520000,10,520000,52000,468000,284000,284000,184000,39.32,Entregado,PSE,5,4,No,No
ORD-01432,2025-10-20,2025,2025-10,Q4,Pacífica,Cali,Marketplace,PyME,Laptop Air 13,Tecnología,Diego Martínez,3,3360000,10,10080000,1008000,9072000,2638000,7914000,1158000,12.76,Entregado,PSE,4,6,No,No
ORD-01433,2026-03-18,2026,2026-03,Q1,Andina,Pereira,Marketplace,Corporativo,Monitor 27,Tecnología,Sofía Herrera,2,1200000,3,2400000,72000,2328000,853000,1706000,622000,26.72,Procesando,Tarjeta crédito,2,3,No,No
ORD-01434,2024-04-10,2024,2024-04,Q2,Pacífica,Cali,Web,PyME,Monitor 27,Tecnología,Ana Torres,5,1225000,5,6125000,306250,5818750,803000,4015000,1803750,31.0,Cancelado,Tarjeta débito,,,No,No
ORD-01435,2024-05-01,2024,2024-05,Q2,Pacífica,Cali,Tienda física,Corporativo,Teclado Mecánico,Accesorios,Laura Gómez,8,339000,5,2712000,135600,2576400,182000,1456000,1120400,43.49,Entregado,Tarjeta débito,3,3,No,Sí
ORD-01436,2025-12-16,2025,2025-12,Q4,Andina,Pereira,Tienda física,Consumidor,Webcam HD,Accesorios,Diego Martínez,3,302000,8,906000,72480,833520,153000,459000,374520,44.93,Entregado,PSE,4,1,No,No
ORD-01437,2025-05-01,2025,2025-05,Q2,Pacífica,Buenaventura,Marketplace,Emprendedor,Laptop Air 13,Tecnología,Laura Gómez,2,3562000,0,7124000,0,7124000,2710000,5420000,1704000,23.92,Cancelado,Tarjeta crédito,,,No,No
ORD-01438,2026-02-14,2026,2026-02,Q1,Andina,Medellín,Marketplace,Consumidor,Mouse Inalámbrico,Accesorios,Andrés Moreno,3,173000,10,519000,51900,467100,82000,246000,221100,47.33,Procesando,Efectivo,4,2,No,No
ORD-01439,2025-01-08,2025,2025-01,Q1,Orinoquía,Arauca,Web,Consumidor,Laptop Air 13,Tecnología,Andrés Moreno,8,3430000,5,27440000,1372000,26068000,2584000,20672000,5396000,20.7,Entregado,Efectivo,2,4,No,No
ORD-01440,2025-04-27,2025,2025-04,Q2,Andina,Manizales,Marketplace,Corporativo,Escritorio Ajustable,Mobiliario,Ana Torres,4,2016000,5,8064000,403200,7660800,1497000,5988000,1672800,21.84,Entregado,Tarjeta débito,5,1,No,No
ORD-01441,2025-11-24,2025,2025-11,Q4,Caribe,Valledupar,Ventas corporativas,PyME,Headset Pro,Audio,Andrés Moreno,11,542000,10,5962000,596200,5365800,289000,3179000,2186800,40.75,En tránsito,Transferencia,4,3,No,No
ORD-01442,2024-04-18,2024,2024-04,Q2,Orinoquía,Villavicencio,Marketplace,PyME,Monitor 27,Tecnología,Sofía Herrera,3,1200000,8,3600000,288000,3312000,846000,2538000,774000,23.37,Entregado,PSE,4,4,No,Sí
ORD-01443,2026-02-25,2026,2026-02,Q1,Andina,Manizales,Web,Consumidor,Monitor 27,Tecnología,Juan Castro,5,1225000,5,6125000,306250,5818750,790000,3950000,1868750,32.12,En tránsito,Transferencia,5,4,No,Sí
ORD-01444,2025-11-13,2025,2025-11,Q4,Caribe,Montería,Marketplace,Consumidor,Webcam HD,Accesorios,Ana Torres,2,290000,5,580000,29000,551000,149000,298000,253000,45.92,Entregado,Tarjeta crédito,5,6,No,No
ORD-01445,2026-01-23,2026,2026-01,Q1,Andina,Manizales,Marketplace,Consumidor,Teclado Mecánico,Accesorios,Sofía Herrera,2,307000,0,614000,0,614000,184000,368000,246000,40.07,Entregado,Tarjeta débito,2,2,No,Sí
ORD-01446,2024-08-04,2024,2024-08,Q3,Pacífica,Cali,Tienda física,Consumidor,Escritorio Ajustable,Mobiliario,Carlos Ruiz,1,2100000,0,2100000,0,2100000,1440000,1440000,660000,31.43,Entregado,Tarjeta crédito,4,7,No,No
ORD-01447,2024-08-22,2024,2024-08,Q3,Andina,Bogotá,Ventas corporativas,Corporativo,Mouse Inalámbrico,Accesorios,Diego Martínez,8,167000,10,1336000,133600,1202400,88000,704000,498400,41.45,En tránsito,Tarjeta débito,5,3,No,No
ORD-01448,2026-08-16,2026,2026-08,Q3,Caribe,Santa Marta,Web,Consumidor,Monitor 24,Tecnología,Andrés Moreno,1,764000,0,764000,0,764000,490000,490000,274000,35.86,Entregado,Efectivo,4,3,No,No
ORD-01449,2025-08-22,2025,2025-08,Q3,Pacífica,Cali,Tienda física,Consumidor,Mouse Inalámbrico,Accesorios,Andrés Moreno,3,180000,3,540000,16200,523800,88000,264000,259800,49.6,Entregado,PSE,5,3,No,No
ORD-01450,2024-05-17,2024,2024-05,Q2,Andina,Bucaramanga,Tienda física,PyME,Escritorio Ajustable,Mobiliario,Andrés Moreno,1,2226000,5,2226000,111300,2114700,1385000,1385000,729700,34.51,Cancelado,Tarjeta débito,,,No,Sí
ORD-01451,2025-01-27,2025,2025-01,Q1,Andina,Bucaramanga,Tienda física,PyME,Teclado Mecánico,Accesorios,Carlos Ruiz,4,320000,20,1280000,256000,1024000,182000,728000,296000,28.91,En tránsito,Tarjeta crédito,5,3,No,No
ORD-01452,2024-03-03,2024,2024-03,Q1,Pacífica,Popayán,Web,Consumidor,Laptop Air 13,Tecnología,Andrés Moreno,5,3430000,10,17150000,1715000,15435000,2621000,13105000,2330000,15.1,Cancelado,Tarjeta crédito,,,No,Sí
ORD-01453,2025-05-13,2025,2025-05,Q2,Andina,Medellín,Web,Corporativo,Silla Ergonómica,Mobiliario,Ana Torres,1,1506000,5,1506000,75300,1430700,969000,969000,461700,32.27,Entregado,Transferencia,4,4,No,Sí
ORD-01454,2025-07-30,2025,2025-07,Q3,Andina,Bucaramanga,Marketplace,Corporativo,Dock USB-C,Accesorios,Sofía Herrera,2,394000,0,788000,0,788000,236000,472000,316000,40.1,Procesando,Tarjeta débito,4,3,No,Sí
ORD-01455,2025-10-30,2025,2025-10,Q4,Orinoquía,Arauca,Web,Consumidor,Monitor 24,Tecnología,Andrés Moreno,8,764000,10,6112000,611200,5500800,526000,4208000,1292800,23.5,Entregado,Transferencia,5,5,No,No
ORD-01456,2025-01-01,2025,2025-01,Q1,Caribe,Cartagena,Tienda física,Emprendedor,Silla Ergonómica,Mobiliario,Sofía Herrera,2,1450000,5,2900000,145000,2755000,898000,1796000,959000,34.81,Cancelado,Efectivo,,,No,No
ORD-01457,2025-06-19,2025,2025-06,Q2,Amazonía,Mocoa,Web,Consumidor,Headset Pro,Audio,Ana Torres,1,540000,3,540000,16200,523800,284000,284000,239800,45.78,Entregado,Transferencia,4,6,No,Sí
ORD-01458,2025-03-04,2025,2025-03,Q1,Pacífica,Pasto,Ventas corporativas,Emprendedor,Escritorio Ajustable,Mobiliario,Juan Castro,8,1953000,10,15624000,1562400,14061600,1408000,11264000,2797600,19.9,Cancelado,Transferencia,,,No,No
ORD-01459,2026-01-24,2026,2026-01,Q1,Caribe,Valledupar,Tienda física,PyME,Webcam HD,Accesorios,Sofía Herrera,2,270000,3,540000,16200,523800,146000,292000,231800,44.25,Entregado,Tarjeta débito,5,4,No,No
ORD-01460,2025-05-03,2025,2025-05,Q2,Andina,Manizales,Marketplace,PyME,Audífonos Bluetooth,Audio,Andrés Moreno,2,397000,0,794000,0,794000,198000,396000,398000,50.13,Entregado,PSE,5,2,No,No
ORD-01461,2025-05-16,2025,2025-05,Q2,Caribe,Barranquilla,Web,PyME,Webcam HD,Accesorios,Valentina Rojas,1,280000,10,280000,28000,252000,141000,141000,111000,44.05,Procesando,Efectivo,4,4,No,No
ORD-01462,2024-02-03,2024,2024-02,Q1,Andina,Bogotá,Ventas corporativas,Consumidor,Dock USB-C,Accesorios,Laura Gómez,16,381000,10,6096000,609600,5486400,230000,3680000,1806400,32.93,Entregado,Tarjeta crédito,5,8,No,No
ORD-01463,2026-06-30,2026,2026-06,Q2,Andina,Manizales,Tienda física,Consumidor,Teclado Mecánico,Accesorios,Diego Martínez,1,339000,5,339000,16950,322050,168000,168000,154050,47.83,Entregado,Tarjeta crédito,5,3,No,No
ORD-01464,2024-07-17,2024,2024-07,Q3,Caribe,Barranquilla,Marketplace,Emprendedor,Mouse Inalámbrico,Accesorios,Carlos Ruiz,8,173000,3,1384000,41520,1342480,83000,664000,678480,50.54,Entregado,Transferencia,4,3,No,Sí
ORD-01465,2024-10-12,2024,2024-10,Q4,Pacífica,Popayán,Ventas corporativas,Corporativo,Monitor 24,Tecnología,Laura Gómez,5,725000,15,3625000,543750,3081250,491000,2455000,626250,20.32,En tránsito,Tarjeta débito,5,5,No,No
ORD-01466,2025-09-22,2025,2025-09,Q3,Pacífica,Quibdó,Web,Emprendedor,Mouse Inalámbrico,Accesorios,Carlos Ruiz,3,176000,10,528000,52800,475200,84000,252000,223200,46.97,En tránsito,Tarjeta débito,5,6,No,No
ORD-01467,2024-04-30,2024,2024-04,Q2,Pacífica,Buenaventura,Marketplace,Corporativo,Mouse Inalámbrico,Accesorios,Valentina Rojas,1,173000,10,173000,17300,155700,89000,89000,66700,42.84,Entregado,PSE,4,3,No,No
ORD-01468,2025-04-09,2025,2025-04,Q2,Orinoquía,Arauca,Web,Emprendedor,Headset Pro,Audio,Juan Castro,10,510000,8,5100000,408000,4692000,281000,2810000,1882000,40.11,Cancelado,Tarjeta crédito,,,No,No
ORD-01469,2024-01-01,2024,2024-01,Q1,Caribe,Valledupar,Web,PyME,Dock USB-C,Accesorios,Carlos Ruiz,1,402000,10,402000,40200,361800,249000,249000,112800,31.18,En tránsito,Efectivo,5,5,No,No
ORD-01470,2026-05-14,2026,2026-05,Q2,Andina,Bogotá,Web,PyME,Monitor 27,Tecnología,Sofía Herrera,1,1298000,5,1298000,64900,1233100,855000,855000,378100,30.66,Entregado,Efectivo,4,4,No,No
ORD-01471,2024-02-05,2024,2024-02,Q1,Caribe,Cartagena,Web,Emprendedor,Monitor 27,Tecnología,Juan Castro,1,1225000,0,1225000,0,1225000,788000,788000,437000,35.67,Entregado,PSE,3,5,No,No
ORD-01472,2024-03-01,2024,2024-03,Q1,Andina,Medellín,Web,Consumidor,Mouse Inalámbrico,Accesorios,Sofía Herrera,4,176000,8,704000,56320,647680,82000,328000,319680,49.36,En tránsito,Tarjeta débito,5,6,No,No
ORD-01473,2026-02-12,2026,2026-02,Q1,Pacífica,Buenaventura,Web,Emprendedor,Monitor 27,Tecnología,Diego Martínez,1,1225000,15,1225000,183750,1041250,836000,836000,205250,19.71,Entregado,Tarjeta crédito,4,3,Sí,Sí
ORD-01474,2026-09-16,2026,2026-09,Q3,Pacífica,Pasto,Web,Consumidor,Laptop Air 13,Tecnología,Ana Torres,3,3430000,5,10290000,514500,9775500,2583000,7749000,2026500,20.73,Procesando,Tarjeta crédito,4,7,No,Sí
ORD-01475,2024-09-05,2024,2024-09,Q3,Amazonía,Florencia,Web,Emprendedor,Monitor 24,Tecnología,Diego Martínez,2,764000,8,1528000,122240,1405760,504000,1008000,397760,28.3,Entregado,Transferencia,4,1,No,No
ORD-01476,2026-03-26,2026,2026-03,Q1,Andina,Medellín,Web,Corporativo,Monitor 27,Tecnología,Sofía Herrera,1,1225000,3,1225000,36750,1188250,827000,827000,361250,30.4,Entregado,Transferencia,3,2,No,No
ORD-01477,2025-11-14,2025,2025-11,Q4,Pacífica,Popayán,Web,PyME,Teclado Mecánico,Accesorios,Ana Torres,6,351000,0,2106000,0,2106000,168000,1008000,1098000,52.14,Procesando,Efectivo,4,1,No,No
ORD-01478,2024-11-18,2024,2024-11,Q4,Orinoquía,Yopal,Web,PyME,Laptop Pro 14,Tecnología,Ana Torres,4,5268000,0,21072000,0,21072000,3653000,14612000,6460000,30.66,Entregado,Tarjeta crédito,4,5,No,No
ORD-01479,2024-04-17,2024,2024-04,Q2,Andina,Bogotá,Ventas corporativas,PyME,Silla Ergonómica,Mobiliario,Ana Torres,17,1348000,5,22916000,1145800,21770200,906000,15402000,6368200,29.25,En tránsito,Tarjeta débito,5,5,No,No
ORD-01480,2025-05-28,2025,2025-05,Q2,Caribe,Santa Marta,Marketplace,Consumidor,Headset Pro,Audio,Laura Gómez,2,529000,15,1058000,158700,899300,296000,592000,307300,34.17,Procesando,PSE,3,5,No,No
ORD-01481,2025-05-09,2025,2025-05,Q2,Caribe,Montería,Tienda física,PyME,Webcam HD,Accesorios,Laura Gómez,5,286000,0,1430000,0,1430000,142000,710000,720000,50.35,Entregado,Tarjeta débito,5,5,No,No
ORD-01482,2026-01-03,2026,2026-01,Q1,Caribe,Santa Marta,Web,Consumidor,Dock USB-C,Accesorios,Ana Torres,6,402000,3,2412000,72360,2339640,237000,1422000,917640,39.22,Entregado,PSE,4,4,No,No
ORD-01483,2025-12-28,2025,2025-12,Q4,Pacífica,Buenaventura,Marketplace,Consumidor,Dock USB-C,Accesorios,Juan Castro,1,441000,5,441000,22050,418950,235000,235000,183950,43.91,Entregado,PSE,5,1,No,Sí
ORD-01484,2025-08-22,2025,2025-08,Q3,Andina,Pereira,Web,Consumidor,Monitor 27,Tecnología,Valentina Rojas,5,1225000,0,6125000,0,6125000,796000,3980000,2145000,35.02,Entregado,Tarjeta débito,5,7,No,No
ORD-01485,2024-11-03,2024,2024-11,Q4,Caribe,Valledupar,Web,PyME,Dock USB-C,Accesorios,Ana Torres,4,450000,15,1800000,270000,1530000,241000,964000,566000,36.99,Entregado,Efectivo,3,6,No,Sí
ORD-01486,2024-01-14,2024,2024-01,Q1,Caribe,Montería,Web,Corporativo,Dock USB-C,Accesorios,Laura Gómez,3,402000,0,1206000,0,1206000,235000,705000,501000,41.54,Entregado,Efectivo,5,8,No,No
ORD-01487,2024-07-17,2024,2024-07,Q3,Andina,Manizales,Tienda física,Consumidor,Teclado Mecánico,Accesorios,Diego Martínez,1,320000,3,320000,9600,310400,169000,169000,141400,45.55,Cancelado,Tarjeta débito,,,No,No
ORD-01488,2024-07-24,2024,2024-07,Q3,Caribe,Cartagena,Web,Consumidor,Monitor 27,Tecnología,Ana Torres,5,1225000,0,6125000,0,6125000,865000,4325000,1800000,29.39,Entregado,Transferencia,1,9,No,No
ORD-01489,2024-02-08,2024,2024-02,Q1,Andina,Bucaramanga,Web,Consumidor,Dock USB-C,Accesorios,Valentina Rojas,3,402000,5,1206000,60300,1145700,245000,735000,410700,35.85,En tránsito,PSE,5,6,No,Sí
ORD-01490,2025-06-22,2025,2025-06,Q2,Pacífica,Pasto,Web,Consumidor,Laptop Pro 14,Tecnología,Carlos Ruiz,2,4986000,5,9972000,498600,9473400,3479000,6958000,2515400,26.55,En tránsito,Tarjeta débito,3,6,No,No
ORD-01491,2026-06-26,2026,2026-06,Q2,Andina,Manizales,Web,Consumidor,Laptop Air 13,Tecnología,Carlos Ruiz,8,3636000,8,29088000,2327040,26760960,2570000,20560000,6200960,23.17,Entregado,Transferencia,4,2,No,No
ORD-01492,2026-07-10,2026,2026-07,Q3,Pacífica,Cali,Web,Consumidor,Audífonos Bluetooth,Audio,Valentina Rojas,1,382000,5,382000,19100,362900,215000,215000,147900,40.76,Procesando,Tarjeta débito,4,8,No,No
ORD-01493,2025-09-10,2025,2025-09,Q3,Andina,Pereira,Marketplace,PyME,Laptop Pro 14,Tecnología,Carlos Ruiz,6,4608000,10,27648000,2764800,24883200,3576000,21456000,3427200,13.77,Entregado,Transferencia,5,2,No,No
ORD-01494,2025-08-01,2025,2025-08,Q3,Andina,Bucaramanga,Web,PyME,Audífonos Bluetooth,Audio,Valentina Rojas,6,382000,3,2292000,68760,2223240,201000,1206000,1017240,45.75,Entregado,PSE,4,4,No,No
ORD-01495,2025-05-28,2025,2025-05,Q2,Pacífica,Quibdó,Tienda física,PyME,Teclado Mecánico,Accesorios,Ana Torres,4,339000,0,1356000,0,1356000,174000,696000,660000,48.67,Entregado,Transferencia,4,2,No,No
ORD-01496,2024-02-12,2024,2024-02,Q1,Andina,Manizales,Web,Corporativo,Monitor 27,Tecnología,Juan Castro,2,1225000,8,2450000,196000,2254000,792000,1584000,670000,29.72,Entregado,Transferencia,1,3,No,No
ORD-01497,2024-10-01,2024,2024-10,Q4,Andina,Manizales,Web,Emprendedor,Audífonos Bluetooth,Audio,Sofía Herrera,2,382000,8,764000,61120,702880,197000,394000,308880,43.94,Entregado,Transferencia,4,6,No,Sí
ORD-01498,2025-05-15,2025,2025-05,Q2,Pacífica,Popayán,Web,Emprendedor,Audífonos Bluetooth,Audio,Andrés Moreno,1,405000,5,405000,20250,384750,215000,215000,169750,44.12,Entregado,PSE,4,3,No,No
ORD-01499,2024-09-19,2024,2024-09,Q3,Orinoquía,Yopal,Marketplace,Emprendedor,Monitor 27,Tecnología,Juan Castro,2,1200000,3,2400000,72000,2328000,833000,1666000,662000,28.44,Entregado,Efectivo,4,4,No,No
ORD-01500,2025-08-07,2025,2025-08,Q3,Andina,Bogotá,Tienda física,Consumidor,Monitor 27,Tecnología,Valentina Rojas,8,1250000,0,10000000,0,10000000,856000,6848000,3152000,31.52,Entregado,Tarjeta crédito,4,5,No,Sí
ORD-01501,2024-08-29,2024,2024-08,Q3,Andina,Manizales,Web,PyME,Laptop Pro 14,Tecnología,Laura Gómez,1,4704000,8,4704000,376320,4327680,3566000,3566000,761680,17.6,En tránsito,Transferencia,5,5,No,No
ORD-01502,2025-03-26,2025,2025-03,Q1,Pacífica,Cali,Tienda física,Consumidor,Dock USB-C,Accesorios,Sofía Herrera,4,410000,15,1640000,246000,1394000,238000,952000,442000,31.71,Entregado,Tarjeta crédito,3,1,No,No
ORD-01503,2026-02-28,2026,2026-02,Q1,Caribe,Valledupar,Tienda física,PyME,Headset Pro,Audio,Andrés Moreno,2,520000,5,1040000,52000,988000,283000,566000,422000,42.71,Procesando,Tarjeta débito,5,5,No,No
ORD-01504,2024-07-28,2024,2024-07,Q3,Andina,Medellín,Tienda física,Emprendedor,Audífonos Bluetooth,Audio,Laura Gómez,3,390000,10,1170000,117000,1053000,212000,636000,417000,39.6,En tránsito,PSE,2,5,No,No
ORD-01505,2024-05-22,2024,2024-05,Q2,Pacífica,Popayán,Web,Emprendedor,Laptop Pro 14,Tecnología,Laura Gómez,5,4986000,5,24930000,1246500,23683500,3657000,18285000,5398500,22.79,Entregado,Transferencia,4,2,No,No
ORD-01506,2024-07-10,2024,2024-07,Q3,Pacífica,Cali,Marketplace,Consumidor,Dock USB-C,Accesorios,Carlos Ruiz,3,394000,20,1182000,236400,945600,247000,741000,204600,21.64,Entregado,Efectivo,5,2,No,No
ORD-01507,2026-08-10,2026,2026-08,Q3,Andina,Bogotá,Web,Consumidor,Silla Ergonómica,Mobiliario,Laura Gómez,4,1421000,20,5684000,1136800,4547200,964000,3856000,691200,15.2,Entregado,Efectivo,4,4,No,No
ORD-01508,2026-04-30,2026,2026-04,Q2,Andina,Bucaramanga,Web,Consumidor,Monitor 27,Tecnología,Diego Martínez,1,1225000,0,1225000,0,1225000,846000,846000,379000,30.94,Procesando,PSE,4,6,No,Sí
ORD-01509,2025-10-17,2025,2025-10,Q4,Caribe,Barranquilla,Web,PyME,Laptop Air 13,Tecnología,Juan Castro,4,3430000,8,13720000,1097600,12622400,2605000,10420000,2202400,17.45,Entregado,Efectivo,5,4,No,No
ORD-01510,2024-01-03,2024,2024-01,Q1,Andina,Pereira,Web,Consumidor,Silla Ergonómica,Mobiliario,Diego Martínez,10,1421000,3,14210000,426300,13783700,978000,9780000,4003700,29.05,Cancelado,Tarjeta crédito,,,No,No
ORD-01511,2026-03-12,2026,2026-03,Q1,Orinoquía,Arauca,Web,Emprendedor,Audífonos Bluetooth,Audio,Juan Castro,4,382000,0,1528000,0,1528000,206000,824000,704000,46.07,Entregado,Efectivo,4,3,No,No
ORD-01512,2026-02-12,2026,2026-02,Q1,Pacífica,Cali,Web,Emprendedor,Laptop Air 13,Tecnología,Carlos Ruiz,5,3430000,15,17150000,2572500,14577500,2647000,13235000,1342500,9.21,Cancelado,PSE,,,No,Sí
ORD-01513,2026-08-20,2026,2026-08,Q3,Caribe,Barranquilla,Tienda física,PyME,Laptop Air 13,Tecnología,Laura Gómez,8,3500000,20,28000000,5600000,22400000,2603000,20824000,1576000,7.04,Entregado,Efectivo,5,1,Sí,No
ORD-01514,2026-06-05,2026,2026-06,Q2,Amazonía,Leticia,Web,PyME,Webcam HD,Accesorios,Juan Castro,1,280000,0,280000,0,280000,153000,153000,127000,45.36,Procesando,Tarjeta crédito,3,5,No,No
ORD-01515,2024-01-20,2024,2024-01,Q1,Caribe,Valledupar,Marketplace,Corporativo,Silla Ergonómica,Mobiliario,Sofía Herrera,10,1392000,15,13920000,2088000,11832000,910000,9100000,2732000,23.09,Cancelado,Tarjeta crédito,,,No,Sí
ORD-01516,2025-07-06,2025,2025-07,Q3,Andina,Pereira,Web,PyME,Headset Pro,Audio,Laura Gómez,3,510000,15,1530000,229500,1300500,298000,894000,406500,31.26,Entregado,Efectivo,4,3,No,Sí
ORD-01517,2024-01-18,2024,2024-01,Q1,Andina,Bogotá,Web,Consumidor,Webcam HD,Accesorios,Valentina Rojas,4,265000,0,1060000,0,1060000,153000,612000,448000,42.26,Entregado,Tarjeta débito,5,4,No,No
ORD-01518,2024-12-08,2024,2024-12,Q4,Amazonía,Mocoa,Ventas corporativas,Consumidor,Webcam HD,Accesorios,Ana Torres,3,281000,10,843000,84300,758700,143000,429000,329700,43.46,Cancelado,PSE,,,No,Sí
ORD-01519,2026-06-16,2026,2026-06,Q2,Andina,Manizales,Web,PyME,Escritorio Ajustable,Mobiliario,Sofía Herrera,1,2181000,15,2181000,327150,1853850,1499000,1499000,354850,19.14,En tránsito,Efectivo,4,6,No,No
ORD-01520,2026-04-22,2026,2026-04,Q2,Pacífica,Cali,Tienda física,Corporativo,Monitor 24,Tecnología,Juan Castro,3,780000,5,2340000,117000,2223000,496000,1488000,735000,33.06,Entregado,PSE,4,5,No,Sí
ORD-01521,2026-02-21,2026,2026-02,Q1,Caribe,Valledupar,Marketplace,Consumidor,Laptop Air 13,Tecnología,Sofía Herrera,5,3360000,10,16800000,1680000,15120000,2699000,13495000,1625000,10.75,Entregado,Efectivo,5,1,No,No
ORD-01522,2024-05-01,2024,2024-05,Q2,Andina,Pereira,Ventas corporativas,Corporativo,Webcam HD,Accesorios,Valentina Rojas,7,266000,3,1862000,55860,1806140,150000,1050000,756140,41.86,En tránsito,Transferencia,3,4,No,No
ORD-01523,2025-09-10,2025,2025-09,Q3,Pacífica,Quibdó,Web,Consumidor,Dock USB-C,Accesorios,Ana Torres,1,402000,5,402000,20100,381900,233000,233000,148900,38.99,En tránsito,Tarjeta débito,5,5,No,No
ORD-01524,2026-09-01,2026,2026-09,Q3,Andina,Pereira,Web,Emprendedor,Silla Ergonómica,Mobiliario,Valentina Rojas,1,1421000,5,1421000,71050,1349950,950000,950000,399950,29.63,Entregado,Tarjeta débito,4,9,No,Sí
ORD-01525,2024-12-19,2024,2024-12,Q4,Andina,Pereira,Marketplace,Emprendedor,Escritorio Ajustable,Mobiliario,Diego Martínez,1,2258000,15,2258000,338700,1919300,1449000,1449000,470300,24.5,Cancelado,PSE,,,No,No
ORD-01526,2026-01-22,2026,2026-01,Q1,Caribe,Montería,Tienda física,PyME,Silla Ergonómica,Mobiliario,Sofía Herrera,4,1450000,5,5800000,290000,5510000,910000,3640000,1870000,33.94,En tránsito,Efectivo,1,2,No,Sí
ORD-01527,2025-06-19,2025,2025-06,Q2,Amazonía,Florencia,Marketplace,PyME,Escritorio Ajustable,Mobiliario,Laura Gómez,1,2137000,0,2137000,0,2137000,1438000,1438000,699000,32.71,Entregado,Tarjeta crédito,5,4,No,Sí
ORD-01528,2024-02-20,2024,2024-02,Q1,Caribe,Montería,Web,Consumidor,Dock USB-C,Accesorios,Sofía Herrera,3,402000,10,1206000,120600,1085400,227000,681000,404400,37.26,Entregado,Efectivo,5,5,No,Sí
ORD-01529,2024-11-03,2024,2024-11,Q4,Andina,Medellín,Marketplace,Corporativo,Silla Ergonómica,Mobiliario,Juan Castro,2,1559000,0,3118000,0,3118000,952000,1904000,1214000,38.94,Procesando,Transferencia,4,6,No,Sí
ORD-01530,2026-01-30,2026,2026-01,Q1,Pacífica,Buenaventura,Ventas corporativas,Consumidor,Teclado Mecánico,Accesorios,Valentina Rojas,6,298000,0,1788000,0,1788000,171000,1026000,762000,42.62,Entregado,Transferencia,2,4,No,No
ORD-01531,2026-03-30,2026,2026-03,Q1,Andina,Bucaramanga,Ventas corporativas,Consumidor,Silla Ergonómica,Mobiliario,Juan Castro,17,1348000,15,22916000,3437400,19478600,970000,16490000,2988600,15.34,Procesando,Transferencia,5,4,No,No
ORD-01532,2026-06-19,2026,2026-06,Q2,Andina,Manizales,Web,Corporativo,Headset Pro,Audio,Juan Castro,3,540000,0,1620000,0,1620000,291000,873000,747000,46.11,En tránsito,Transferencia,3,4,No,Sí
ORD-01533,2026-02-21,2026,2026-02,Q1,Caribe,Santa Marta,Web,PyME,Laptop Pro 14,Tecnología,Diego Martínez,4,4704000,3,18816000,564480,18251520,3499000,13996000,4255520,23.32,Cancelado,Tarjeta crédito,,,No,No
ORD-01534,2025-05-08,2025,2025-05,Q2,Pacífica,Pasto,Web,PyME,Dock USB-C,Accesorios,Ana Torres,1,426000,5,426000,21300,404700,230000,230000,174700,43.17,Entregado,Tarjeta crédito,5,4,No,Sí
ORD-01535,2024-12-07,2024,2024-12,Q4,Pacífica,Quibdó,Marketplace,PyME,Escritorio Ajustable,Mobiliario,Ana Torres,3,2258000,5,6774000,338700,6435300,1391000,4173000,2262300,35.15,En tránsito,PSE,2,4,No,No
ORD-01536,2024-11-13,2024,2024-11,Q4,Andina,Manizales,Tienda física,Consumidor,Teclado Mecánico,Accesorios,Juan Castro,1,358000,3,358000,10740,347260,176000,176000,171260,49.32,En tránsito,Tarjeta crédito,5,1,No,No
ORD-01537,2026-06-25,2026,2026-06,Q2,Andina,Manizales,Web,PyME,Dock USB-C,Accesorios,Juan Castro,4,426000,8,1704000,136320,1567680,244000,976000,591680,37.74,Cancelado,Tarjeta crédito,,,No,No
ORD-01538,2024-09-01,2024,2024-09,Q3,Amazonía,Leticia,Tienda física,Emprendedor,Silla Ergonómica,Mobiliario,Juan Castro,1,1450000,5,1450000,72500,1377500,911000,911000,466500,33.87,Entregado,Efectivo,5,2,Sí,Sí
ORD-01539,2024-12-20,2024,2024-12,Q4,Caribe,Barranquilla,Marketplace,Emprendedor,Audífonos Bluetooth,Audio,Valentina Rojas,1,419000,15,419000,62850,356150,206000,206000,150150,42.16,Entregado,Tarjeta crédito,5,3,No,No
ORD-01540,2026-04-20,2026,2026-04,Q2,Caribe,Barranquilla,Web,Emprendedor,Teclado Mecánico,Accesorios,Laura Gómez,1,314000,10,314000,31400,282600,168000,168000,114600,40.55,Entregado,Tarjeta débito,4,3,No,No
ORD-01541,2026-03-18,2026,2026-03,Q1,Pacífica,Buenaventura,Web,PyME,Monitor 27,Tecnología,Juan Castro,2,1225000,8,2450000,196000,2254000,835000,1670000,584000,25.91,En tránsito,Efectivo,5,5,No,No
ORD-01542,2025-12-01,2025,2025-12,Q4,Amazonía,Mocoa,Marketplace,Emprendedor,Audífonos Bluetooth,Audio,Juan Castro,3,419000,5,1257000,62850,1194150,197000,591000,603150,50.51,En tránsito,Tarjeta crédito,4,1,No,No
ORD-01543,2025-01-26,2025,2025-01,Q1,Andina,Manizales,Tienda física,Consumidor,Audífonos Bluetooth,Audio,Sofía Herrera,5,390000,10,1950000,195000,1755000,204000,1020000,735000,41.88,En tránsito,PSE,3,4,No,No
ORD-01544,2025-05-30,2025,2025-05,Q2,Orinoquía,Villavicencio,Tienda física,Emprendedor,Dock USB-C,Accesorios,Carlos Ruiz,2,435000,20,870000,174000,696000,239000,478000,218000,31.32,Entregado,Efectivo,2,4,No,No
ORD-01545,2024-04-04,2024,2024-04,Q2,Caribe,Santa Marta,Web,Emprendedor,Monitor 24,Tecnología,Laura Gómez,1,764000,10,764000,76400,687600,497000,497000,190600,27.72,En tránsito,PSE,4,6,No,Sí
ORD-01546,2025-02-12,2025,2025-02,Q1,Andina,Bogotá,Tienda física,Emprendedor,Laptop Air 13,Tecnología,Ana Torres,2,3500000,3,7000000,210000,6790000,2614000,5228000,1562000,23.0,Cancelado,Tarjeta débito,,,No,Sí
ORD-01547,2024-08-19,2024,2024-08,Q3,Caribe,Montería,Web,Consumidor,Headset Pro,Audio,Ana Torres,2,510000,3,1020000,30600,989400,294000,588000,401400,40.57,Entregado,Tarjeta débito,5,6,No,Sí
ORD-01548,2026-02-07,2026,2026-02,Q1,Andina,Manizales,Web,PyME,Audífonos Bluetooth,Audio,Valentina Rojas,3,382000,3,1146000,34380,1111620,202000,606000,505620,45.48,Entregado,Tarjeta débito,5,6,No,Sí
ORD-01549,2025-12-20,2025,2025-12,Q4,Pacífica,Popayán,Web,Emprendedor,Laptop Pro 14,Tecnología,Laura Gómez,10,5268000,0,52680000,0,52680000,3544000,35440000,17240000,32.73,Cancelado,Tarjeta débito,,,No,No
ORD-01550,2026-04-12,2026,2026-04,Q2,Caribe,Montería,Web,Corporativo,Laptop Pro 14,Tecnología,Valentina Rojas,2,4704000,5,9408000,470400,8937600,3525000,7050000,1887600,21.12,Entregado,Tarjeta crédito,2,1,No,No
ORD-01551,2024-05-12,2024,2024-05,Q2,Pacífica,Cali,Tienda física,PyME,Headset Pro,Audio,Diego Martínez,1,551000,0,551000,0,551000,289000,289000,262000,47.55,Entregado,Tarjeta crédito,4,4,Sí,Sí
ORD-01552,2024-05-18,2024,2024-05,Q2,Andina,Bucaramanga,Web,Emprendedor,Mouse Inalámbrico,Accesorios,Diego Martínez,1,187000,15,187000,28050,158950,88000,88000,70950,44.64,Procesando,Tarjeta crédito,4,5,No,No
ORD-01553,2026-04-24,2026,2026-04,Q2,Andina,Manizales,Web,PyME,Laptop Pro 14,Tecnología,Juan Castro,4,4704000,5,18816000,940800,17875200,3455000,13820000,4055200,22.69,En tránsito,PSE,4,5,No,No
ORD-01554,2025-10-07,2025,2025-10,Q4,Caribe,Cartagena,Web,PyME,Laptop Pro 14,Tecnología,Laura Gómez,4,4704000,20,18816000,3763200,15052800,3508000,14032000,1020800,6.78,Entregado,Efectivo,4,2,No,Sí
ORD-01555,2025-07-15,2025,2025-07,Q3,Caribe,Santa Marta,Web,Emprendedor,Headset Pro,Audio,Ana Torres,1,510000,15,510000,76500,433500,298000,298000,135500,31.26,Entregado,Tarjeta crédito,4,6,No,No
ORD-01556,2025-05-21,2025,2025-05,Q2,Andina,Manizales,Web,Corporativo,Dock USB-C,Accesorios,Sofía Herrera,10,426000,5,4260000,213000,4047000,245000,2450000,1597000,39.46,Entregado,Transferencia,4,2,No,No
ORD-01557,2024-06-06,2024,2024-06,Q2,Pacífica,Popayán,Web,Corporativo,Laptop Pro 14,Tecnología,Carlos Ruiz,2,4986000,20,9972000,1994400,7977600,3538000,7076000,901600,11.3,Entregado,Transferencia,4,4,Sí,No
ORD-01558,2024-04-06,2024,2024-04,Q2,Andina,Bogotá,Tienda física,Corporativo,Mouse Inalámbrico,Accesorios,Andrés Moreno,3,180000,5,540000,27000,513000,83000,249000,264000,51.46,Entregado,Efectivo,4,3,No,Sí
ORD-01559,2025-12-27,2025,2025-12,Q4,Andina,Bucaramanga,Marketplace,Emprendedor,Audífonos Bluetooth,Audio,Carlos Ruiz,1,419000,8,419000,33520,385480,203000,203000,182480,47.34,En tránsito,Efectivo,5,2,No,No
ORD-01560,2025-06-28,2025,2025-06,Q2,Andina,Bucaramanga,Web,Consumidor,Audífonos Bluetooth,Audio,Andrés Moreno,1,405000,3,405000,12150,392850,215000,215000,177850,45.27,Procesando,PSE,4,6,No,No
ORD-01561,2025-07-26,2025,2025-07,Q3,Caribe,Valledupar,Web,Emprendedor,Laptop Pro 14,Tecnología,Andrés Moreno,2,4704000,10,9408000,940800,8467200,3753000,7506000,961200,11.35,Cancelado,Tarjeta crédito,,,No,No
ORD-01562,2024-09-07,2024,2024-09,Q3,Pacífica,Cali,Web,Corporativo,Escritorio Ajustable,Mobiliario,Ana Torres,1,2058000,5,2058000,102900,1955100,1433000,1433000,522100,26.7,Entregado,Tarjeta débito,5,3,No,No
ORD-01563,2026-05-31,2026,2026-05,Q2,Andina,Bucaramanga,Web,Consumidor,Laptop Pro 14,Tecnología,Andrés Moreno,3,4986000,0,14958000,0,14958000,3493000,10479000,4479000,29.94,Entregado,Transferencia,5,2,No,No
ORD-01564,2025-08-30,2025,2025-08,Q3,Caribe,Santa Marta,Tienda física,PyME,Monitor 27,Tecnología,Ana Torres,6,1250000,8,7500000,600000,6900000,845000,5070000,1830000,26.52,Entregado,Tarjeta crédito,5,3,No,No
ORD-01565,2024-09-14,2024,2024-09,Q3,Pacífica,Cali,Tienda física,PyME,Laptop Air 13,Tecnología,Carlos Ruiz,1,3500000,10,3500000,350000,3150000,2542000,2542000,608000,19.3,Entregado,Efectivo,4,3,No,No
ORD-01566,2024-06-01,2024,2024-06,Q2,Orinoquía,Villavicencio,Tienda física,Corporativo,Headset Pro,Audio,Valentina Rojas,5,551000,10,2755000,275500,2479500,283000,1415000,1064500,42.93,Entregado,Efectivo,3,1,No,No
ORD-01567,2025-09-29,2025,2025-09,Q3,Andina,Pereira,Web,Consumidor,Monitor 24,Tecnología,Valentina Rojas,1,764000,10,764000,76400,687600,530000,530000,157600,22.92,Entregado,Tarjeta débito,3,7,No,No
ORD-01568,2025-05-19,2025,2025-05,Q2,Caribe,Montería,Web,Consumidor,Monitor 24,Tecnología,Andrés Moreno,1,810000,15,810000,121500,688500,515000,515000,173500,25.2,Entregado,Tarjeta crédito,4,4,No,Sí
ORD-01569,2025-01-05,2025,2025-01,Q1,Andina,Manizales,Web,Consumidor,Laptop Pro 14,Tecnología,Andrés Moreno,2,4704000,8,9408000,752640,8655360,3691000,7382000,1273360,14.71,Entregado,PSE,3,6,No,No
ORD-01570,2024-05-15,2024,2024-05,Q2,Orinoquía,Yopal,Marketplace,Emprendedor,Laptop Pro 14,Tecnología,Laura Gómez,5,4884000,5,24420000,1221000,23199000,3677000,18385000,4814000,20.75,Procesando,Transferencia,3,2,No,No
ORD-01571,2024-01-15,2024,2024-01,Q1,Pacífica,Buenaventura,Web,Consumidor,Audífonos Bluetooth,Audio,Valentina Rojas,5,382000,8,1910000,152800,1757200,204000,1020000,737200,41.95,En tránsito,Tarjeta crédito,5,5,No,Sí
ORD-01572,2025-04-03,2025,2025-04,Q2,Andina,Pereira,Tienda física,Emprendedor,Webcam HD,Accesorios,Sofía Herrera,1,270000,5,270000,13500,256500,142000,142000,114500,44.64,Procesando,Efectivo,5,1,No,No
ORD-01573,2024-09-20,2024,2024-09,Q3,Caribe,Valledupar,Web,Consumidor,Dock USB-C,Accesorios,Diego Martínez,4,402000,15,1608000,241200,1366800,245000,980000,386800,28.3,Entregado,Tarjeta débito,5,3,No,No
ORD-01574,2026-03-04,2026,2026-03,Q1,Orinoquía,Yopal,Web,Emprendedor,Monitor 24,Tecnología,Carlos Ruiz,4,764000,20,3056000,611200,2444800,503000,2012000,432800,17.7,En tránsito,Tarjeta crédito,3,7,No,No
ORD-01575,2024-10-22,2024,2024-10,Q4,Caribe,Santa Marta,Web,Consumidor,Monitor 24,Tecnología,Ana Torres,1,764000,0,764000,0,764000,525000,525000,239000,31.28,En tránsito,Tarjeta débito,5,6,No,No
ORD-01576,2026-04-16,2026,2026-04,Q2,Caribe,Valledupar,Ventas corporativas,PyME,Audífonos Bluetooth,Audio,Valentina Rojas,14,363000,0,5082000,0,5082000,215000,3010000,2072000,40.77,Cancelado,Transferencia,,,No,No
ORD-01577,2025-12-13,2025,2025-12,Q4,Caribe,Valledupar,Tienda física,Emprendedor,Silla Ergonómica,Mobiliario,Andrés Moreno,6,1624000,0,9744000,0,9744000,935000,5610000,4134000,42.43,Cancelado,Tarjeta crédito,,,No,No
ORD-01578,2025-07-13,2025,2025-07,Q3,Amazonía,Florencia,Web,Corporativo,Laptop Air 13,Tecnología,Sofía Herrera,1,3430000,8,3430000,274400,3155600,2753000,2753000,402600,12.76,Entregado,Transferencia,4,3,No,Sí
ORD-01579,2025-11-26,2025,2025-11,Q4,Andina,Manizales,Tienda física,Emprendedor,Headset Pro,Audio,Laura Gómez,1,582000,10,582000,58200,523800,285000,285000,238800,45.59,Cancelado,Efectivo,,,No,No
ORD-01580,2025-03-31,2025,2025-03,Q1,Andina,Manizales,Web,PyME,Laptop Air 13,Tecnología,Juan Castro,3,3430000,8,10290000,823200,9466800,2533000,7599000,1867800,19.73,Entregado,PSE,3,3,No,No
ORD-01581,2026-01-20,2026,2026-01,Q1,Caribe,Valledupar,Ventas corporativas,Corporativo,Dock USB-C,Accesorios,Sofía Herrera,17,381000,15,6477000,971550,5505450,233000,3961000,1544450,28.05,Entregado,Tarjeta crédito,4,4,No,Sí
ORD-01582,2025-01-30,2025,2025-01,Q1,Caribe,Santa Marta,Marketplace,PyME,Silla Ergonómica,Mobiliario,Carlos Ruiz,2,1392000,5,2784000,139200,2644800,905000,1810000,834800,31.56,Cancelado,Transferencia,,,No,No
ORD-01583,2024-09-18,2024,2024-09,Q3,Andina,Medellín,Ventas corporativas,PyME,Monitor 27,Tecnología,Ana Torres,11,1162000,0,12782000,0,12782000,829000,9119000,3663000,28.66,Procesando,Tarjeta débito,4,3,No,Sí
ORD-01584,2025-02-20,2025,2025-02,Q1,Orinoquía,Yopal,Tienda física,PyME,Laptop Pro 14,Tecnología,Sofía Herrera,1,4800000,3,4800000,144000,4656000,3575000,3575000,1081000,23.22,Entregado,PSE,4,5,No,Sí
ORD-01585,2024-08-05,2024,2024-08,Q3,Caribe,Montería,Web,PyME,Laptop Pro 14,Tecnología,Sofía Herrera,4,4704000,3,18816000,564480,18251520,3425000,13700000,4551520,24.94,Procesando,Tarjeta crédito,5,4,No,Sí
ORD-01586,2025-11-15,2025,2025-11,Q4,Caribe,Valledupar,Tienda física,Consumidor,Dock USB-C,Accesorios,Sofía Herrera,5,459000,5,2295000,114750,2180250,237000,1185000,995250,45.65,Procesando,Tarjeta crédito,5,4,No,Sí
ORD-01587,2025-02-02,2025,2025-02,Q1,Caribe,Valledupar,Web,Corporativo,Laptop Pro 14,Tecnología,Laura Gómez,6,4704000,5,28224000,1411200,26812800,3534000,21204000,5608800,20.92,En tránsito,Efectivo,5,5,No,No
ORD-01588,2025-10-17,2025,2025-10,Q4,Caribe,Cartagena,Web,PyME,Escritorio Ajustable,Mobiliario,Sofía Herrera,1,2058000,3,2058000,61740,1996260,1481000,1481000,515260,25.81,Procesando,PSE,2,3,No,Sí
ORD-01589,2026-06-11,2026,2026-06,Q2,Pacífica,Cali,Ventas corporativas,Consumidor,Monitor 24,Tecnología,Andrés Moreno,17,769000,8,13073000,1045840,12027160,528000,8976000,3051160,25.37,Entregado,Tarjeta débito,5,2,No,No
ORD-01590,2024-06-06,2024,2024-06,Q2,Andina,Bogotá,Marketplace,Emprendedor,Escritorio Ajustable,Mobiliario,Carlos Ruiz,3,2137000,5,6411000,320550,6090450,1439000,4317000,1773450,29.12,En tránsito,Efectivo,4,1,No,No
ORD-01591,2026-01-25,2026,2026-01,Q1,Andina,Pereira,Web,Emprendedor,Audífonos Bluetooth,Audio,Valentina Rojas,1,382000,5,382000,19100,362900,212000,212000,150900,41.58,Procesando,Efectivo,4,8,No,No
ORD-01592,2024-10-10,2024,2024-10,Q4,Andina,Manizales,Web,Consumidor,Monitor 27,Tecnología,Ana Torres,4,1225000,0,4900000,0,4900000,860000,3440000,1460000,29.8,Entregado,Transferencia,4,2,No,No
ORD-01593,2025-05-07,2025,2025-05,Q2,Andina,Pereira,Web,Emprendedor,Monitor 24,Tecnología,Carlos Ruiz,10,810000,0,8100000,0,8100000,490000,4900000,3200000,39.51,En tránsito,PSE,3,3,No,Sí
ORD-01594,2026-04-11,2026,2026-04,Q2,Caribe,Barranquilla,Tienda física,Consumidor,Webcam HD,Accesorios,Valentina Rojas,1,270000,10,270000,27000,243000,152000,152000,91000,37.45,Entregado,Tarjeta débito,5,1,No,Sí
ORD-01595,2025-04-16,2025,2025-04,Q2,Pacífica,Buenaventura,Tienda física,Emprendedor,Headset Pro,Audio,Laura Gómez,2,520000,5,1040000,52000,988000,290000,580000,408000,41.3,Entregado,Tarjeta crédito,4,4,No,No
ORD-01596,2026-03-26,2026,2026-03,Q1,Pacífica,Popayán,Marketplace,Corporativo,Mouse Inalámbrico,Accesorios,Andrés Moreno,6,173000,10,1038000,103800,934200,87000,522000,412200,44.12,En tránsito,Efectivo,2,4,No,No
ORD-01597,2024-09-22,2024,2024-09,Q3,Andina,Manizales,Tienda física,Emprendedor,Dock USB-C,Accesorios,Andrés Moreno,2,410000,8,820000,65600,754400,227000,454000,300400,39.82,Procesando,Tarjeta débito,5,2,No,No
ORD-01598,2024-03-08,2024,2024-03,Q1,Andina,Bogotá,Tienda física,Consumidor,Mouse Inalámbrico,Accesorios,Diego Martínez,1,180000,8,180000,14400,165600,85000,85000,80600,48.67,Procesando,Efectivo,5,2,No,Sí
ORD-01599,2025-06-08,2025,2025-06,Q2,Caribe,Cartagena,Web,Emprendedor,Silla Ergonómica,Mobiliario,Ana Torres,1,1506000,0,1506000,0,1506000,937000,937000,569000,37.78,Entregado,Tarjeta crédito,5,4,No,No
ORD-01600,2026-03-16,2026,2026-03,Q1,Pacífica,Cali,Marketplace,Corporativo,Headset Pro,Audio,Carlos Ruiz,4,499000,5,1996000,99800,1896200,297000,1188000,708200,37.35,Entregado,Efectivo,5,4,No,No
ORD-01601,2026-04-15,2026,2026-04,Q2,Pacífica,Popayán,Ventas corporativas,PyME,Laptop Pro 14,Tecnología,Ana Torres,17,4464000,0,75888000,0,75888000,3450000,58650000,17238000,22.72,En tránsito,Efectivo,5,1,No,No
ORD-01602,2025-01-31,2025,2025-01,Q1,Caribe,Cartagena,Web,Corporativo,Monitor 24,Tecnología,Andrés Moreno,4,764000,8,3056000,244480,2811520,533000,2132000,679520,24.17,Cancelado,Tarjeta crédito,,,No,Sí
ORD-01603,2024-11-19,2024,2024-11,Q4,Andina,Manizales,Tienda física,Consumidor,Mouse Inalámbrico,Accesorios,Andrés Moreno,3,202000,10,606000,60600,545400,88000,264000,281400,51.6,Entregado,Tarjeta débito,4,2,No,No
ORD-01604,2026-02-23,2026,2026-02,Q1,Andina,Medellín,Web,Corporativo,Laptop Air 13,Tecnología,Carlos Ruiz,2,3430000,0,6860000,0,6860000,2715000,5430000,1430000,20.85,Entregado,Efectivo,5,6,No,No
ORD-01605,2025-09-09,2025,2025-09,Q3,Pacífica,Buenaventura,Web,PyME,Silla Ergonómica,Mobiliario,Andrés Moreno,5,1421000,3,7105000,213150,6891850,922000,4610000,2281850,33.11,Procesando,Tarjeta crédito,4,5,No,No
ORD-01606,2025-12-19,2025,2025-12,Q4,Andina,Medellín,Ventas corporativas,Emprendedor,Monitor 24,Tecnología,Valentina Rojas,6,812000,0,4872000,0,4872000,517000,3102000,1770000,36.33,En tránsito,Efectivo,3,4,No,No
ORD-01607,2026-01-31,2026,2026-01,Q1,Andina,Manizales,Tienda física,Consumidor,Webcam HD,Accesorios,Sofía Herrera,2,270000,15,540000,81000,459000,141000,282000,177000,38.56,Cancelado,PSE,,,No,No
ORD-01608,2024-10-25,2024,2024-10,Q4,Andina,Manizales,Marketplace,PyME,Escritorio Ajustable,Mobiliario,Valentina Rojas,1,2016000,10,2016000,201600,1814400,1396000,1396000,418400,23.06,En tránsito,Tarjeta débito,5,2,No,No
ORD-01609,2025-09-19,2025,2025-09,Q3,Andina,Medellín,Tienda física,Emprendedor,Webcam HD,Accesorios,Ana Torres,1,270000,0,270000,0,270000,148000,148000,122000,45.19,En tránsito,Efectivo,4,4,No,No
ORD-01610,2025-11-16,2025,2025-11,Q4,Andina,Manizales,Web,PyME,Monitor 24,Tecnología,Carlos Ruiz,2,856000,5,1712000,85600,1626400,527000,1054000,572400,35.19,Cancelado,PSE,,,No,No
ORD-01611,2026-08-01,2026,2026-08,Q3,Pacífica,Pasto,Web,Corporativo,Headset Pro,Audio,Sofía Herrera,5,510000,3,2550000,76500,2473500,282000,1410000,1063500,43.0,En tránsito,Efectivo,5,4,No,Sí
ORD-01612,2025-03-19,2025,2025-03,Q1,Pacífica,Cali,Ventas corporativas,PyME,Webcam HD,Accesorios,Juan Castro,11,251000,10,2761000,276100,2484900,149000,1639000,845900,34.04,En tránsito,Efectivo,3,3,No,Sí
ORD-01613,2024-03-25,2024,2024-03,Q1,Orinoquía,Yopal,Marketplace,PyME,Teclado Mecánico,Accesorios,Carlos Ruiz,8,307000,8,2456000,196480,2259520,175000,1400000,859520,38.04,En tránsito,Transferencia,1,4,No,No
ORD-01614,2024-03-14,2024,2024-03,Q1,Caribe,Santa Marta,Web,PyME,Laptop Air 13,Tecnología,Sofía Herrera,4,3430000,10,13720000,1372000,12348000,2670000,10680000,1668000,13.51,En tránsito,Efectivo,5,4,No,Sí
ORD-01615,2025-05-13,2025,2025-05,Q2,Pacífica,Pasto,Marketplace,Consumidor,Laptop Pro 14,Tecnología,Laura Gómez,1,4884000,10,4884000,488400,4395600,3713000,3713000,682600,15.53,Procesando,Tarjeta débito,4,1,No,No
ORD-01616,2026-05-23,2026,2026-05,Q2,Caribe,Barranquilla,Marketplace,Corporativo,Escritorio Ajustable,Mobiliario,Andrés Moreno,3,2137000,8,6411000,512880,5898120,1390000,4170000,1728120,29.3,Procesando,Transferencia,5,1,No,Sí
ORD-01617,2026-02-03,2026,2026-02,Q1,Andina,Manizales,Tienda física,Consumidor,Dock USB-C,Accesorios,Ana Torres,1,410000,0,410000,0,410000,233000,233000,177000,43.17,En tránsito,Tarjeta débito,5,3,No,Sí
ORD-01618,2025-12-16,2025,2025-12,Q4,Amazonía,Florencia,Tienda física,Emprendedor,Escritorio Ajustable,Mobiliario,Valentina Rojas,1,2352000,15,2352000,352800,1999200,1393000,1393000,606200,30.32,En tránsito,Transferencia,5,6,No,No
ORD-01619,2026-01-28,2026,2026-01,Q1,Andina,Manizales,Tienda física,PyME,Webcam HD,Accesorios,Juan Castro,2,270000,8,540000,43200,496800,143000,286000,210800,42.43,En tránsito,Tarjeta crédito,3,3,No,No
ORD-01620,2026-05-21,2026,2026-05,Q2,Andina,Bucaramanga,Ventas corporativas,Consumidor,Dock USB-C,Accesorios,Valentina Rojas,11,404000,10,4444000,444400,3999600,228000,2508000,1491600,37.29,En tránsito,Tarjeta débito,4,6,No,Sí
ORD-01621,2025-08-21,2025,2025-08,Q3,Pacífica,Pasto,Ventas corporativas,PyME,Audífonos Bluetooth,Audio,Carlos Ruiz,17,363000,8,6171000,493680,5677320,204000,3468000,2209320,38.91,Entregado,PSE,4,1,No,No
ORD-01622,2024-01-27,2024,2024-01,Q1,Andina,Pereira,Web,Emprendedor,Mouse Inalámbrico,Accesorios,Diego Martínez,1,176000,10,176000,17600,158400,85000,85000,73400,46.34,Cancelado,PSE,,,No,No
ORD-01623,2026-08-05,2026,2026-08,Q3,Pacífica,Quibdó,Tienda física,Consumidor,Dock USB-C,Accesorios,Carlos Ruiz,1,410000,15,410000,61500,348500,231000,231000,117500,33.72,Entregado,PSE,5,5,No,No
ORD-01624,2024-10-09,2024,2024-10,Q4,Andina,Bogotá,Marketplace,Corporativo,Mouse Inalámbrico,Accesorios,Juan Castro,1,173000,10,173000,17300,155700,83000,83000,72700,46.69,Entregado,Tarjeta débito,5,1,No,Sí
ORD-01625,2026-06-14,2026,2026-06,Q2,Pacífica,Pasto,Tienda física,PyME,Laptop Pro 14,Tecnología,Juan Castro,1,5088000,5,5088000,254400,4833600,3639000,3639000,1194600,24.71,En tránsito,Efectivo,3,2,No,Sí
ORD-01626,2024-04-12,2024,2024-04,Q2,Pacífica,Quibdó,Ventas corporativas,PyME,Webcam HD,Accesorios,Laura Gómez,5,251000,8,1255000,100400,1154600,144000,720000,434600,37.64,Entregado,Transferencia,4,2,No,No
ORD-01627,2024-03-20,2024,2024-03,Q1,Caribe,Barranquilla,Tienda física,PyME,Laptop Pro 14,Tecnología,Laura Gómez,2,4800000,5,9600000,480000,9120000,3558000,7116000,2004000,21.97,Entregado,Tarjeta débito,4,3,No,No
ORD-01628,2026-04-21,2026,2026-04,Q2,Caribe,Cartagena,Ventas corporativas,PyME,Monitor 24,Tecnología,Valentina Rojas,10,725000,15,7250000,1087500,6162500,499000,4990000,1172500,19.03,Cancelado,Tarjeta crédito,,,No,Sí
ORD-01629,2024-07-18,2024,2024-07,Q3,Andina,Pereira,Ventas corporativas,PyME,Dock USB-C,Accesorios,Ana Torres,16,381000,15,6096000,914400,5181600,226000,3616000,1565600,30.21,Entregado,Tarjeta crédito,3,3,No,No
ORD-01630,2025-05-06,2025,2025-05,Q2,Andina,Bucaramanga,Web,PyME,Laptop Air 13,Tecnología,Ana Torres,4,3636000,5,14544000,727200,13816800,2501000,10004000,3812800,27.6,En tránsito,Tarjeta débito,4,5,No,Sí
ORD-01631,2024-05-19,2024,2024-05,Q2,Andina,Bogotá,Web,Consumidor,Mouse Inalámbrico,Accesorios,Laura Gómez,10,187000,0,1870000,0,1870000,87000,870000,1000000,53.48,Entregado,Tarjeta crédito,3,9,No,Sí
ORD-01632,2024-07-31,2024,2024-07,Q3,Andina,Bucaramanga,Web,PyME,Monitor 24,Tecnología,Diego Martínez,1,764000,3,764000,22920,741080,498000,498000,243080,32.8,Entregado,Tarjeta débito,5,5,No,Sí
ORD-01633,2025-09-04,2025,2025-09,Q3,Andina,Manizales,Web,PyME,Headset Pro,Audio,Valentina Rojas,1,510000,3,510000,15300,494700,288000,288000,206700,41.78,Entregado,Transferencia,4,1,No,Sí
ORD-01634,2024-06-27,2024,2024-06,Q2,Pacífica,Quibdó,Web,Emprendedor,Mouse Inalámbrico,Accesorios,Juan Castro,4,187000,8,748000,59840,688160,86000,344000,344160,50.01,Entregado,Tarjeta débito,5,5,No,No
ORD-01635,2026-04-30,2026,2026-04,Q2,Andina,Manizales,Web,Consumidor,Laptop Air 13,Tecnología,Ana Torres,1,3430000,5,3430000,171500,3258500,2746000,2746000,512500,15.73,Entregado,PSE,5,6,No,No
ORD-01636,2026-06-12,2026,2026-06,Q2,Caribe,Barranquilla,Ventas corporativas,Emprendedor,Escritorio Ajustable,Mobiliario,Juan Castro,4,2070000,3,8280000,248400,8031600,1474000,5896000,2135600,26.59,Entregado,Tarjeta débito,4,4,No,Sí
ORD-01637,2025-03-28,2025,2025-03,Q1,Pacífica,Pasto,Tienda física,Consumidor,Dock USB-C,Accesorios,Juan Castro,2,410000,3,820000,24600,795400,230000,460000,335400,42.17,Procesando,Tarjeta débito,5,3,No,Sí
ORD-01638,2024-07-26,2024,2024-07,Q3,Orinoquía,Arauca,Tienda física,Emprendedor,Dock USB-C,Accesorios,Valentina Rojas,3,410000,3,1230000,36900,1193100,234000,702000,491100,41.16,Entregado,Tarjeta débito,4,1,No,No
ORD-01639,2025-07-14,2025,2025-07,Q3,Orinoquía,Yopal,Web,Corporativo,Teclado Mecánico,Accesorios,Laura Gómez,3,314000,5,942000,47100,894900,174000,522000,372900,41.67,Cancelado,Transferencia,,,No,No
ORD-01640,2025-02-06,2025,2025-02,Q1,Pacífica,Buenaventura,Tienda física,Consumidor,Teclado Mecánico,Accesorios,Carlos Ruiz,3,320000,3,960000,28800,931200,179000,537000,394200,42.33,Procesando,Tarjeta crédito,5,4,No,No
ORD-01641,2026-03-11,2026,2026-03,Q1,Caribe,Cartagena,Tienda física,PyME,Audífonos Bluetooth,Audio,Ana Torres,1,390000,0,390000,0,390000,213000,213000,177000,45.38,En tránsito,Tarjeta crédito,3,4,No,No
ORD-01642,2024-10-07,2024,2024-10,Q4,Caribe,Montería,Ventas corporativas,PyME,Webcam HD,Accesorios,Diego Martínez,8,251000,5,2008000,100400,1907600,141000,1128000,779600,40.87,Cancelado,Tarjeta crédito,,,No,Sí
ORD-01643,2024-05-05,2024,2024-05,Q2,Amazonía,Florencia,Tienda física,Emprendedor,Monitor 24,Tecnología,Valentina Rojas,1,827000,10,827000,82700,744300,510000,510000,234300,31.48,Entregado,PSE,5,3,No,No
ORD-01644,2025-02-19,2025,2025-02,Q1,Andina,Medellín,Web,Corporativo,Escritorio Ajustable,Mobiliario,Diego Martínez,1,2058000,15,2058000,308700,1749300,1485000,1485000,264300,15.11,Procesando,Transferencia,5,1,No,No
ORD-01645,2024-09-25,2024,2024-09,Q3,Caribe,Barranquilla,Web,PyME,Headset Pro,Audio,Diego Martínez,3,510000,8,1530000,122400,1407600,285000,855000,552600,39.26,Entregado,Tarjeta débito,3,1,No,No
ORD-01646,2025-09-06,2025,2025-09,Q3,Andina,Bogotá,Web,PyME,Dock USB-C,Accesorios,Sofía Herrera,2,402000,10,804000,80400,723600,226000,452000,271600,37.53,En tránsito,Efectivo,5,7,No,Sí
ORD-01647,2026-02-11,2026,2026-02,Q1,Andina,Medellín,Web,Emprendedor,Monitor 24,Tecnología,Carlos Ruiz,1,764000,5,764000,38200,725800,524000,524000,201800,27.8,En tránsito,PSE,5,5,No,Sí
ORD-01648,2025-07-30,2025,2025-07,Q3,Caribe,Santa Marta,Marketplace,Consumidor,Laptop Air 13,Tecnología,Carlos Ruiz,8,3360000,10,26880000,2688000,24192000,2624000,20992000,3200000,13.23,Entregado,Tarjeta crédito,5,6,Sí,No
ORD-01649,2026-09-25,2026,2026-09,Q3,Andina,Pereira,Marketplace,Corporativo,Headset Pro,Audio,Valentina Rojas,4,499000,0,1996000,0,1996000,282000,1128000,868000,43.49,Entregado,Tarjeta crédito,2,1,No,No
ORD-01650,2025-07-11,2025,2025-07,Q3,Amazonía,Mocoa,Ventas corporativas,Consumidor,Laptop Air 13,Tecnología,Sofía Herrera,7,3255000,3,22785000,683550,22101450,2528000,17696000,4405450,19.93,Entregado,Efectivo,5,3,No,Sí
ORD-01651,2024-06-08,2024,2024-06,Q2,Amazonía,Leticia,Web,PyME,Mouse Inalámbrico,Accesorios,Carlos Ruiz,2,187000,8,374000,29920,344080,86000,172000,172080,50.01,Cancelado,Tarjeta débito,,,No,No
ORD-01652,2025-01-26,2025,2025-01,Q1,Andina,Bucaramanga,Web,Consumidor,Webcam HD,Accesorios,Laura Gómez,4,265000,0,1060000,0,1060000,146000,584000,476000,44.91,Entregado,Tarjeta débito,5,7,No,Sí
ORD-01653,2025-04-20,2025,2025-04,Q2,Pacífica,Cali,Ventas corporativas,Emprendedor,Monitor 27,Tecnología,Juan Castro,4,1162000,3,4648000,139440,4508560,797000,3188000,1320560,29.29,Procesando,Tarjeta débito,4,5,No,No
ORD-01654,2026-08-14,2026,2026-08,Q3,Pacífica,Quibdó,Ventas corporativas,Consumidor,Monitor 24,Tecnología,Laura Gómez,17,725000,5,12325000,616250,11708750,509000,8653000,3055750,26.1,En tránsito,Transferencia,3,5,No,Sí
ORD-01655,2026-09-20,2026,2026-09,Q3,Andina,Manizales,Marketplace,PyME,Laptop Air 13,Tecnología,Diego Martínez,10,3360000,0,33600000,0,33600000,2663000,26630000,6970000,20.74,Entregado,Tarjeta crédito,5,4,No,No
ORD-01656,2024-08-11,2024,2024-08,Q3,Andina,Manizales,Marketplace,Corporativo,Escritorio Ajustable,Mobiliario,Andrés Moreno,10,2016000,0,20160000,0,20160000,1373000,13730000,6430000,31.89,Procesando,PSE,4,3,No,No
ORD-01657,2024-01-03,2024,2024-01,Q1,Andina,Bucaramanga,Tienda física,Emprendedor,Teclado Mecánico,Accesorios,Juan Castro,5,320000,15,1600000,240000,1360000,176000,880000,480000,35.29,Procesando,Transferencia,5,4,No,No
ORD-01658,2024-10-16,2024,2024-10,Q4,Caribe,Valledupar,Ventas corporativas,Corporativo,Monitor 24,Tecnología,Andrés Moreno,3,725000,8,2175000,174000,2001000,522000,1566000,435000,21.74,Cancelado,PSE,,,No,No
ORD-01659,2026-07-28,2026,2026-07,Q3,Andina,Bucaramanga,Marketplace,Corporativo,Mouse Inalámbrico,Accesorios,Juan Castro,1,173000,0,173000,0,173000,90000,90000,83000,47.98,En tránsito,Transferencia,5,4,No,No
ORD-01660,2024-09-22,2024,2024-09,Q3,Andina,Bogotá,Web,Consumidor,Webcam HD,Accesorios,Valentina Rojas,1,265000,3,265000,7950,257050,154000,154000,103050,40.09,Entregado,Efectivo,4,5,No,No
ORD-01661,2026-09-11,2026,2026-09,Q3,Caribe,Cartagena,Web,Emprendedor,Teclado Mecánico,Accesorios,Sofía Herrera,4,314000,5,1256000,62800,1193200,182000,728000,465200,38.99,Entregado,Tarjeta crédito,5,5,Sí,No
ORD-01662,2025-07-03,2025,2025-07,Q3,Andina,Manizales,Web,PyME,Dock USB-C,Accesorios,Diego Martínez,2,402000,0,804000,0,804000,234000,468000,336000,41.79,Cancelado,Tarjeta débito,,,No,No
ORD-01663,2024-07-04,2024,2024-07,Q3,Andina,Medellín,Web,Emprendedor,Teclado Mecánico,Accesorios,Laura Gómez,1,314000,3,314000,9420,304580,171000,171000,133580,43.86,Entregado,Tarjeta crédito,5,3,No,Sí
ORD-01664,2024-02-09,2024,2024-02,Q1,Pacífica,Quibdó,Tienda física,Consumidor,Teclado Mecánico,Accesorios,Juan Castro,5,320000,3,1600000,48000,1552000,184000,920000,632000,40.72,Entregado,Tarjeta débito,5,3,No,No
ORD-01665,2026-03-09,2026,2026-03,Q1,Amazonía,Leticia,Marketplace,Emprendedor,Monitor 27,Tecnología,Juan Castro,2,1200000,0,2400000,0,2400000,855000,1710000,690000,28.75,En tránsito,Transferencia,4,4,No,No
ORD-01666,2024-02-11,2024,2024-02,Q1,Caribe,Montería,Web,Consumidor,Silla Ergonómica,Mobiliario,Diego Martínez,1,1421000,5,1421000,71050,1349950,972000,972000,377950,28.0,Entregado,PSE,3,3,No,Sí
ORD-01667,2024-12-06,2024,2024-12,Q4,Orinoquía,Villavicencio,Marketplace,Corporativo,Silla Ergonómica,Mobiliario,Ana Torres,1,1559000,8,1559000,124720,1434280,920000,920000,514280,35.86,Procesando,Efectivo,4,7,No,Sí
ORD-01668,2024-03-28,2024,2024-03,Q1,Caribe,Valledupar,Web,PyME,Escritorio Ajustable,Mobiliario,Carlos Ruiz,2,2058000,10,4116000,411600,3704400,1434000,2868000,836400,22.58,Procesando,Tarjeta débito,5,7,No,Sí
ORD-01669,2026-04-23,2026,2026-04,Q2,Pacífica,Popayán,Ventas corporativas,Consumidor,Teclado Mecánico,Accesorios,Juan Castro,16,298000,8,4768000,381440,4386560,168000,2688000,1698560,38.72,Entregado,Efectivo,5,3,No,No
ORD-01670,2025-12-15,2025,2025-12,Q4,Pacífica,Quibdó,Web,Consumidor,Teclado Mecánico,Accesorios,Valentina Rojas,6,351000,0,2106000,0,2106000,175000,1050000,1056000,50.14,En tránsito,Tarjeta crédito,5,6,No,No
ORD-01671,2026-01-15,2026,2026-01,Q1,Andina,Bucaramanga,Tienda física,Corporativo,Dock USB-C,Accesorios,Carlos Ruiz,1,410000,10,410000,41000,369000,234000,234000,135000,36.59,Entregado,Tarjeta débito,4,4,No,No
ORD-01672,2025-07-27,2025,2025-07,Q3,Andina,Pereira,Web,Consumidor,Silla Ergonómica,Mobiliario,Sofía Herrera,2,1421000,8,2842000,227360,2614640,940000,1880000,734640,28.1,Entregado,PSE,4,2,No,Sí
ORD-01673,2026-03-03,2026,2026-03,Q1,Pacífica,Buenaventura,Marketplace,PyME,Mouse Inalámbrico,Accesorios,Sofía Herrera,5,173000,5,865000,43250,821750,87000,435000,386750,47.06,Entregado,Efectivo,5,2,No,Sí
ORD-01674,2024-02-02,2024,2024-02,Q1,Andina,Manizales,Web,Corporativo,Audífonos Bluetooth,Audio,Laura Gómez,1,382000,3,382000,11460,370540,202000,202000,168540,45.48,En tránsito,Transferencia,5,4,No,Sí
ORD-01675,2025-05-25,2025,2025-05,Q2,Caribe,Montería,Web,Consumidor,Laptop Pro 14,Tecnología,Sofía Herrera,1,4986000,5,4986000,249300,4736700,3493000,3493000,1243700,26.26,Entregado,PSE,3,6,No,Sí
ORD-01676,2024-08-15,2024,2024-08,Q3,Pacífica,Pasto,Tienda física,Consumidor,Headset Pro,Audio,Carlos Ruiz,5,520000,5,2600000,130000,2470000,280000,1400000,1070000,43.32,Entregado,Transferencia,5,2,Sí,Sí
ORD-01677,2025-05-12,2025,2025-05,Q2,Andina,Medellín,Web,PyME,Escritorio Ajustable,Mobiliario,Carlos Ruiz,1,2181000,3,2181000,65430,2115570,1421000,1421000,694570,32.83,Procesando,PSE,5,3,No,No
ORD-01678,2025-08-27,2025,2025-08,Q3,Andina,Manizales,Tienda física,PyME,Dock USB-C,Accesorios,Diego Martínez,2,410000,20,820000,164000,656000,226000,452000,204000,31.1,Entregado,Efectivo,5,3,No,Sí
ORD-01679,2024-02-16,2024,2024-02,Q1,Andina,Bucaramanga,Web,PyME,Laptop Pro 14,Tecnología,Diego Martínez,1,4704000,0,4704000,0,4704000,3616000,3616000,1088000,23.13,Entregado,Transferencia,5,1,No,No
ORD-01680,2024-03-27,2024,2024-03,Q1,Caribe,Barranquilla,Tienda física,Emprendedor,Laptop Pro 14,Tecnología,Andrés Moreno,1,4800000,8,4800000,384000,4416000,3529000,3529000,887000,20.09,Entregado,Tarjeta crédito,3,2,No,No
ORD-01681,2025-01-12,2025,2025-01,Q1,Andina,Pereira,Web,Consumidor,Teclado Mecánico,Accesorios,Diego Martínez,2,314000,20,628000,125600,502400,182000,364000,138400,27.55,Entregado,Tarjeta débito,4,7,No,No
ORD-01682,2024-03-25,2024,2024-03,Q1,Amazonía,Mocoa,Tienda física,PyME,Headset Pro,Audio,Carlos Ruiz,6,520000,5,3120000,156000,2964000,276000,1656000,1308000,44.13,Entregado,Efectivo,4,3,No,Sí
ORD-01683,2026-02-14,2026,2026-02,Q1,Andina,Pereira,Ventas corporativas,Corporativo,Audífonos Bluetooth,Audio,Juan Castro,16,363000,20,5808000,1161600,4646400,206000,3296000,1350400,29.06,En tránsito,Tarjeta débito,5,5,No,No
ORD-01684,2025-10-25,2025,2025-10,Q4,Orinoquía,Yopal,Web,Emprendedor,Laptop Air 13,Tecnología,Andrés Moreno,4,3430000,0,13720000,0,13720000,2519000,10076000,3644000,26.56,Cancelado,Efectivo,,,No,Sí
ORD-01685,2025-11-09,2025,2025-11,Q4,Andina,Pereira,Web,Emprendedor,Laptop Pro 14,Tecnología,Andrés Moreno,1,5268000,8,5268000,421440,4846560,3547000,3547000,1299560,26.81,Cancelado,Tarjeta crédito,,,No,No
ORD-01686,2026-04-25,2026,2026-04,Q2,Caribe,Montería,Web,Corporativo,Monitor 24,Tecnología,Sofía Herrera,1,764000,0,764000,0,764000,514000,514000,250000,32.72,Procesando,Efectivo,4,6,No,No
ORD-01687,2024-08-13,2024,2024-08,Q3,Orinoquía,Villavicencio,Web,Consumidor,Laptop Air 13,Tecnología,Diego Martínez,1,3430000,3,3430000,102900,3327100,2502000,2502000,825100,24.8,Entregado,Efectivo,4,7,No,No
ORD-01688,2025-08-01,2025,2025-08,Q3,Orinoquía,Villavicencio,Marketplace,Emprendedor,Monitor 24,Tecnología,Ana Torres,1,749000,0,749000,0,749000,512000,512000,237000,31.64,Procesando,Transferencia,5,1,No,No
ORD-01689,2025-07-02,2025,2025-07,Q3,Pacífica,Cali,Marketplace,Consumidor,Webcam HD,Accesorios,Diego Martínez,1,259000,8,259000,20720,238280,145000,145000,93280,39.15,Procesando,Efectivo,3,3,No,Sí
ORD-01690,2024-04-06,2024,2024-04,Q2,Andina,Bucaramanga,Ventas corporativas,Consumidor,Headset Pro,Audio,Carlos Ruiz,11,484000,0,5324000,0,5324000,286000,3146000,2178000,40.91,Entregado,Tarjeta débito,4,4,No,No
ORD-01691,2024-10-13,2024,2024-10,Q4,Andina,Bucaramanga,Ventas corporativas,Consumidor,Monitor 24,Tecnología,Andrés Moreno,16,725000,15,11600000,1740000,9860000,508000,8128000,1732000,17.57,En tránsito,Transferencia,4,2,No,Sí
ORD-01692,2025-03-27,2025,2025-03,Q1,Caribe,Valledupar,Web,PyME,Dock USB-C,Accesorios,Valentina Rojas,1,402000,10,402000,40200,361800,232000,232000,129800,35.88,Entregado,Efectivo,2,3,No,Sí
ORD-01693,2025-08-04,2025,2025-08,Q3,Andina,Manizales,Ventas corporativas,Consumidor,Silla Ergonómica,Mobiliario,Valentina Rojas,9,1348000,10,12132000,1213200,10918800,898000,8082000,2836800,25.98,En tránsito,Transferencia,5,4,No,Sí
ORD-01694,2026-08-25,2026,2026-08,Q3,Andina,Bucaramanga,Web,Consumidor,Audífonos Bluetooth,Audio,Juan Castro,2,382000,10,764000,76400,687600,202000,404000,283600,41.24,Entregado,Tarjeta crédito,3,3,No,Sí
ORD-01695,2026-03-17,2026,2026-03,Q1,Andina,Manizales,Tienda física,Emprendedor,Webcam HD,Accesorios,Sofía Herrera,5,270000,15,1350000,202500,1147500,149000,745000,402500,35.08,Cancelado,PSE,,,No,No
ORD-01696,2026-01-10,2026,2026-01,Q1,Caribe,Cartagena,Web,Corporativo,Mouse Inalámbrico,Accesorios,Carlos Ruiz,2,176000,8,352000,28160,323840,82000,164000,159840,49.36,Entregado,PSE,5,4,No,No
ORD-01697,2025-11-27,2025,2025-11,Q4,Pacífica,Buenaventura,Web,Consumidor,Monitor 24,Tecnología,Andrés Moreno,3,856000,15,2568000,385200,2182800,525000,1575000,607800,27.84,Procesando,Transferencia,5,4,No,No
ORD-01698,2025-03-31,2025,2025-03,Q1,Andina,Medellín,Tienda física,PyME,Dock USB-C,Accesorios,Carlos Ruiz,3,410000,10,1230000,123000,1107000,244000,732000,375000,33.88,Procesando,Tarjeta débito,4,4,No,No
ORD-01699,2026-04-25,2026,2026-04,Q2,Andina,Bogotá,Marketplace,PyME,Audífonos Bluetooth,Audio,Andrés Moreno,1,374000,15,374000,56100,317900,199000,199000,118900,37.4,Entregado,Efectivo,5,5,No,No
ORD-01700,2026-08-27,2026,2026-08,Q3,Pacífica,Buenaventura,Tienda física,PyME,Audífonos Bluetooth,Audio,Laura Gómez,2,390000,10,780000,78000,702000,210000,420000,282000,40.17,Cancelado,PSE,,,No,No
ORD-01701,2024-09-16,2024,2024-09,Q3,Caribe,Santa Marta,Ventas corporativas,Emprendedor,Dock USB-C,Accesorios,Laura Gómez,5,381000,5,1905000,95250,1809750,234000,1170000,639750,35.35,En tránsito,Tarjeta crédito,4,9,No,No
ORD-01702,2024-05-29,2024,2024-05,Q2,Andina,Bucaramanga,Ventas corporativas,Corporativo,Laptop Air 13,Tecnología,Laura Gómez,14,3450000,0,48300000,0,48300000,2666000,37324000,10976000,22.72,Entregado,Efectivo,5,3,No,No
ORD-01703,2024-08-09,2024,2024-08,Q3,Amazonía,Mocoa,Tienda física,PyME,Silla Ergonómica,Mobiliario,Sofía Herrera,4,1450000,10,5800000,580000,5220000,919000,3676000,1544000,29.58,Cancelado,Tarjeta crédito,,,No,Sí
ORD-01704,2024-03-06,2024,2024-03,Q1,Andina,Manizales,Web,Emprendedor,Silla Ergonómica,Mobiliario,Sofía Herrera,3,1421000,10,4263000,426300,3836700,911000,2733000,1103700,28.77,Cancelado,Efectivo,,,No,No
ORD-01705,2025-05-03,2025,2025-05,Q2,Andina,Bucaramanga,Tienda física,Corporativo,Mouse Inalámbrico,Accesorios,Sofía Herrera,1,191000,8,191000,15280,175720,82000,82000,93720,53.33,En tránsito,Transferencia,4,4,No,Sí
ORD-01706,2026-05-10,2026,2026-05,Q2,Pacífica,Quibdó,Web,Emprendedor,Teclado Mecánico,Accesorios,Diego Martínez,10,332000,8,3320000,265600,3054400,171000,1710000,1344400,44.02,En tránsito,Transferencia,5,3,No,No
ORD-01707,2025-03-22,2025,2025-03,Q1,Andina,Bucaramanga,Ventas corporativas,Consumidor,Silla Ergonómica,Mobiliario,Valentina Rojas,17,1348000,20,22916000,4583200,18332800,903000,15351000,2981800,16.26,Procesando,Transferencia,5,2,No,No
ORD-01708,2026-01-23,2026,2026-01,Q1,Pacífica,Buenaventura,Web,PyME,Headset Pro,Audio,Juan Castro,2,510000,5,1020000,51000,969000,275000,550000,419000,43.24,Entregado,Efectivo,4,6,No,Sí
ORD-01709,2024-12-22,2024,2024-12,Q4,Caribe,Montería,Web,Consumidor,Audífonos Bluetooth,Audio,Ana Torres,2,428000,5,856000,42800,813200,202000,404000,409200,50.32,Entregado,PSE,5,4,No,Sí
ORD-01710,2025-02-13,2025,2025-02,Q1,Caribe,Barranquilla,Ventas corporativas,Emprendedor,Webcam HD,Accesorios,Diego Martínez,10,251000,5,2510000,125500,2384500,140000,1400000,984500,41.29,Entregado,Tarjeta crédito,4,1,No,No
ORD-01711,2026-03-06,2026,2026-03,Q1,Andina,Medellín,Web,Emprendedor,Silla Ergonómica,Mobiliario,Diego Martínez,1,1421000,10,1421000,142100,1278900,909000,909000,369900,28.92,En tránsito,PSE,4,5,No,No
ORD-01712,2025-10-15,2025,2025-10,Q4,Andina,Bogotá,Web,Consumidor,Monitor 27,Tecnología,Laura Gómez,6,1225000,5,7350000,367500,6982500,812000,4872000,2110500,30.23,Entregado,Efectivo,1,1,No,No
ORD-01713,2026-08-04,2026,2026-08,Q3,Caribe,Barranquilla,Tienda física,Corporativo,Headset Pro,Audio,Carlos Ruiz,5,520000,5,2600000,130000,2470000,294000,1470000,1000000,40.49,Entregado,Tarjeta crédito,5,2,No,No
ORD-01714,2025-05-28,2025,2025-05,Q2,Andina,Bucaramanga,Marketplace,PyME,Monitor 27,Tecnología,Ana Torres,2,1272000,5,2544000,127200,2416800,819000,1638000,778800,32.22,Entregado,PSE,3,2,No,Sí
ORD-01715,2024-10-29,2024,2024-10,Q4,Pacífica,Popayán,Ventas corporativas,Emprendedor,Monitor 24,Tecnología,Andrés Moreno,16,725000,10,11600000,1160000,10440000,514000,8224000,2216000,21.23,Cancelado,Tarjeta crédito,,,No,No
ORD-01716,2026-05-04,2026,2026-05,Q2,Orinoquía,Arauca,Ventas corporativas,Consumidor,Dock USB-C,Accesorios,Valentina Rojas,18,404000,8,7272000,581760,6690240,228000,4104000,2586240,38.66,Entregado,Transferencia,4,3,No,No
ORD-01717,2024-02-11,2024,2024-02,Q1,Caribe,Montería,Ventas corporativas,Consumidor,Silla Ergonómica,Mobiliario,Valentina Rojas,7,1348000,0,9436000,0,9436000,950000,6650000,2786000,29.53,Entregado,PSE,5,6,No,Sí
ORD-01718,2025-04-14,2025,2025-04,Q2,Caribe,Cartagena,Marketplace,Corporativo,Monitor 27,Tecnología,Juan Castro,3,1200000,10,3600000,360000,3240000,807000,2421000,819000,25.28,Procesando,PSE,5,1,No,No
ORD-01719,2024-09-06,2024,2024-09,Q3,Caribe,Barranquilla,Tienda física,Consumidor,Mouse Inalámbrico,Accesorios,Ana Torres,3,180000,0,540000,0,540000,89000,267000,273000,50.56,Entregado,Transferencia,5,5,Sí,Sí
ORD-01720,2025-05-31,2025,2025-05,Q2,Andina,Manizales,Tienda física,Consumidor,Mouse Inalámbrico,Accesorios,Diego Martínez,4,191000,8,764000,61120,702880,89000,356000,346880,49.35,Entregado,Tarjeta débito,5,4,No,No
ORD-01721,2025-06-03,2025,2025-06,Q2,Caribe,Cartagena,Tienda física,PyME,Mouse Inalámbrico,Accesorios,Valentina Rojas,1,191000,0,191000,0,191000,84000,84000,107000,56.02,En tránsito,Transferencia,4,4,No,No
ORD-01722,2025-11-26,2025,2025-11,Q4,Pacífica,Buenaventura,Ventas corporativas,PyME,Laptop Pro 14,Tecnología,Ana Torres,11,5000000,8,55000000,4400000,50600000,3698000,40678000,9922000,19.61,En tránsito,PSE,4,4,No,No
ORD-01723,2024-12-07,2024,2024-12,Q4,Andina,Pereira,Ventas corporativas,Corporativo,Monitor 27,Tecnología,Laura Gómez,6,1302000,3,7812000,234360,7577640,790000,4740000,2837640,37.45,Entregado,Tarjeta crédito,5,3,No,Sí
ORD-01724,2026-02-03,2026,2026-02,Q1,Andina,Bogotá,Web,Consumidor,Mouse Inalámbrico,Accesorios,Diego Martínez,1,176000,10,176000,17600,158400,84000,84000,74400,46.97,Entregado,Tarjeta crédito,3,4,No,No
ORD-01725,2025-12-13,2025,2025-12,Q4,Pacífica,Buenaventura,Ventas corporativas,Emprendedor,Mouse Inalámbrico,Accesorios,Diego Martínez,9,187000,5,1683000,84150,1598850,88000,792000,806850,50.46,Entregado,Tarjeta crédito,3,6,No,No
ORD-01726,2025-06-17,2025,2025-06,Q2,Andina,Bogotá,Ventas corporativas,PyME,Teclado Mecánico,Accesorios,Ana Torres,4,315000,0,1260000,0,1260000,179000,716000,544000,43.17,Entregado,Efectivo,5,4,No,No
ORD-01727,2025-09-28,2025,2025-09,Q3,Pacífica,Cali,Marketplace,Corporativo,Teclado Mecánico,Accesorios,Carlos Ruiz,3,307000,5,921000,46050,874950,170000,510000,364950,41.71,En tránsito,Tarjeta débito,4,1,No,No
ORD-01728,2025-11-21,2025,2025-11,Q4,Caribe,Valledupar,Web,Consumidor,Laptop Air 13,Tecnología,Andrés Moreno,10,3842000,10,38420000,3842000,34578000,2575000,25750000,8828000,25.53,En tránsito,Tarjeta crédito,5,4,No,No
ORD-01729,2026-07-22,2026,2026-07,Q3,Pacífica,Cali,Web,PyME,Laptop Air 13,Tecnología,Valentina Rojas,2,3430000,5,6860000,343000,6517000,2551000,5102000,1415000,21.71,Cancelado,Transferencia,,,No,No
ORD-01730,2025-09-11,2025,2025-09,Q3,Caribe,Valledupar,Ventas corporativas,Consumidor,Teclado Mecánico,Accesorios,Laura Gómez,16,298000,20,4768000,953600,3814400,181000,2896000,918400,24.08,Entregado,Tarjeta crédito,5,1,No,No
ORD-01731,2025-05-12,2025,2025-05,Q2,Caribe,Barranquilla,Tienda física,PyME,Silla Ergonómica,Mobiliario,Diego Martínez,2,1537000,15,3074000,461100,2612900,954000,1908000,704900,26.98,Procesando,Transferencia,5,3,No,No
ORD-01732,2026-07-16,2026,2026-07,Q3,Pacífica,Pasto,Web,Corporativo,Laptop Pro 14,Tecnología,Andrés Moreno,3,4704000,15,14112000,2116800,11995200,3686000,11058000,937200,7.81,Entregado,Efectivo,4,3,No,No
ORD-01733,2025-06-11,2025,2025-06,Q2,Andina,Medellín,Tienda física,Emprendedor,Webcam HD,Accesorios,Laura Gómez,1,286000,5,286000,14300,271700,151000,151000,120700,44.42,Entregado,Transferencia,5,3,No,Sí
ORD-01734,2025-08-20,2025,2025-08,Q3,Andina,Bucaramanga,Tienda física,Corporativo,Escritorio Ajustable,Mobiliario,Sofía Herrera,1,2100000,5,2100000,105000,1995000,1431000,1431000,564000,28.27,En tránsito,Tarjeta crédito,3,2,No,No
ORD-01735,2024-07-11,2024,2024-07,Q3,Orinoquía,Yopal,Tienda física,Consumidor,Audífonos Bluetooth,Audio,Valentina Rojas,2,390000,15,780000,117000,663000,216000,432000,231000,34.84,Entregado,PSE,4,5,No,No
ORD-01736,2025-08-19,2025,2025-08,Q3,Andina,Bogotá,Tienda física,Corporativo,Monitor 27,Tecnología,Valentina Rojas,8,1250000,5,10000000,500000,9500000,820000,6560000,2940000,30.95,Entregado,Tarjeta crédito,4,1,No,Sí
ORD-01737,2025-10-29,2025,2025-10,Q4,Andina,Bogotá,Marketplace,Consumidor,Laptop Pro 14,Tecnología,Andrés Moreno,1,4608000,3,4608000,138240,4469760,3658000,3658000,811760,18.16,Entregado,PSE,4,1,No,No
ORD-01738,2024-02-20,2024,2024-02,Q1,Caribe,Barranquilla,Tienda física,PyME,Monitor 27,Tecnología,Sofía Herrera,1,1250000,0,1250000,0,1250000,859000,859000,391000,31.28,Entregado,Tarjeta débito,3,1,No,No
ORD-01739,2026-09-19,2026,2026-09,Q3,Andina,Pereira,Web,PyME,Mouse Inalámbrico,Accesorios,Laura Gómez,1,176000,3,176000,5280,170720,83000,83000,87720,51.38,Procesando,Transferencia,4,4,No,Sí
ORD-01740,2024-02-12,2024,2024-02,Q1,Andina,Manizales,Web,Consumidor,Headset Pro,Audio,Andrés Moreno,8,510000,10,4080000,408000,3672000,296000,2368000,1304000,35.51,En tránsito,PSE,5,3,No,Sí
ORD-01741,2026-08-25,2026,2026-08,Q3,Pacífica,Pasto,Marketplace,Consumidor,Laptop Pro 14,Tecnología,Sofía Herrera,2,4608000,15,9216000,1382400,7833600,3653000,7306000,527600,6.74,Cancelado,Transferencia,,,No,No
ORD-01742,2026-09-11,2026,2026-09,Q3,Caribe,Montería,Marketplace,Corporativo,Headset Pro,Audio,Sofía Herrera,2,499000,0,998000,0,998000,284000,568000,430000,43.09,En tránsito,PSE,5,4,No,No
ORD-01743,2024-08-12,2024,2024-08,Q3,Andina,Bogotá,Web,Consumidor,Teclado Mecánico,Accesorios,Sofía Herrera,2,314000,5,628000,31400,596600,177000,354000,242600,40.66,En tránsito,Efectivo,4,5,No,Sí
ORD-01744,2024-10-30,2024,2024-10,Q4,Caribe,Cartagena,Ventas corporativas,PyME,Headset Pro,Audio,Valentina Rojas,17,484000,15,8228000,1234200,6993800,292000,4964000,2029800,29.02,En tránsito,PSE,5,2,No,No
ORD-01745,2024-09-03,2024,2024-09,Q3,Andina,Manizales,Web,Emprendedor,Webcam HD,Accesorios,Diego Martínez,2,265000,15,530000,79500,450500,152000,304000,146500,32.52,Entregado,PSE,5,2,No,Sí
ORD-01746,2026-06-11,2026,2026-06,Q2,Amazonía,Florencia,Marketplace,Consumidor,Escritorio Ajustable,Mobiliario,Juan Castro,5,2137000,0,10685000,0,10685000,1367000,6835000,3850000,36.03,Cancelado,Tarjeta crédito,,,No,No
ORD-01747,2026-01-08,2026,2026-01,Q1,Andina,Medellín,Web,PyME,Silla Ergonómica,Mobiliario,Diego Martínez,2,1421000,10,2842000,284200,2557800,894000,1788000,769800,30.1,En tránsito,Efectivo,4,2,No,Sí
ORD-01748,2025-04-23,2025,2025-04,Q2,Caribe,Montería,Marketplace,PyME,Monitor 27,Tecnología,Valentina Rojas,3,1200000,3,3600000,108000,3492000,852000,2556000,936000,26.8,Entregado,Tarjeta débito,5,6,No,No
ORD-01749,2024-12-25,2024,2024-12,Q4,Andina,Bogotá,Web,PyME,Headset Pro,Audio,Diego Martínez,3,571000,0,1713000,0,1713000,302000,906000,807000,47.11,Entregado,PSE,5,4,No,Sí
ORD-01750,2024-03-07,2024,2024-03,Q1,Andina,Manizales,Web,PyME,Escritorio Ajustable,Mobiliario,Carlos Ruiz,3,2058000,8,6174000,493920,5680080,1396000,4188000,1492080,26.27,Entregado,Tarjeta crédito,5,5,No,Sí
ORD-01751,2025-11-03,2025,2025-11,Q4,Andina,Bogotá,Ventas corporativas,Emprendedor,Teclado Mecánico,Accesorios,Ana Torres,7,333000,0,2331000,0,2331000,176000,1232000,1099000,47.15,Entregado,PSE,4,2,No,Sí
ORD-01752,2024-02-22,2024,2024-02,Q1,Caribe,Montería,Tienda física,Consumidor,Monitor 24,Tecnología,Carlos Ruiz,3,780000,8,2340000,187200,2152800,507000,1521000,631800,29.35,Entregado,Efectivo,4,3,No,Sí
ORD-01753,2024-04-06,2024,2024-04,Q2,Andina,Bucaramanga,Marketplace,PyME,Mouse Inalámbrico,Accesorios,Valentina Rojas,2,173000,8,346000,27680,318320,87000,174000,144320,45.34,Cancelado,Tarjeta débito,,,No,No
ORD-01754,2025-07-10,2025,2025-07,Q3,Pacífica,Popayán,Web,Consumidor,Webcam HD,Accesorios,Juan Castro,2,265000,5,530000,26500,503500,154000,308000,195500,38.83,Entregado,Transferencia,5,1,No,No
ORD-01755,2026-02-19,2026,2026-02,Q1,Orinoquía,Villavicencio,Web,PyME,Dock USB-C,Accesorios,Laura Gómez,1,402000,10,402000,40200,361800,226000,226000,135800,37.53,Entregado,Transferencia,4,5,No,No
ORD-01756,2024-03-26,2024,2024-03,Q1,Caribe,Montería,Web,PyME,Monitor 24,Tecnología,Juan Castro,5,764000,15,3820000,573000,3247000,520000,2600000,647000,19.93,Entregado,Tarjeta crédito,4,2,No,No
ORD-01757,2026-01-08,2026,2026-01,Q1,Caribe,Valledupar,Web,PyME,Silla Ergonómica,Mobiliario,Diego Martínez,5,1421000,15,7105000,1065750,6039250,958000,4790000,1249250,20.69,En tránsito,PSE,4,4,No,No
ORD-01758,2026-04-27,2026,2026-04,Q2,Pacífica,Quibdó,Ventas corporativas,Corporativo,Silla Ergonómica,Mobiliario,Diego Martínez,8,1348000,10,10784000,1078400,9705600,901000,7208000,2497600,25.73,Entregado,Transferencia,2,2,No,Sí
ORD-01759,2024-02-17,2024,2024-02,Q1,Pacífica,Buenaventura,Web,PyME,Silla Ergonómica,Mobiliario,Carlos Ruiz,4,1421000,0,5684000,0,5684000,917000,3668000,2016000,35.47,En tránsito,Tarjeta crédito,4,3,No,No
ORD-01760,2024-10-26,2024,2024-10,Q4,Caribe,Santa Marta,Web,PyME,Headset Pro,Audio,Valentina Rojas,6,510000,5,3060000,153000,2907000,294000,1764000,1143000,39.32,Cancelado,Efectivo,,,No,No
ORD-01761,2026-07-26,2026,2026-07,Q3,Pacífica,Cali,Marketplace,PyME,Headset Pro,Audio,Ana Torres,1,499000,20,499000,99800,399200,287000,287000,112200,28.11,Entregado,Efectivo,3,4,No,Sí
ORD-01762,2025-11-20,2025,2025-11,Q4,Orinoquía,Arauca,Web,Corporativo,Monitor 27,Tecnología,Carlos Ruiz,4,1372000,3,5488000,164640,5323360,792000,3168000,2155360,40.49,En tránsito,Tarjeta crédito,4,5,No,No
ORD-01763,2025-05-15,2025,2025-05,Q2,Andina,Pereira,Web,Emprendedor,Monitor 27,Tecnología,Valentina Rojas,3,1298000,3,3894000,116820,3777180,834000,2502000,1275180,33.76,Entregado,Transferencia,4,5,No,Sí
ORD-01764,2024-01-28,2024,2024-01,Q1,Andina,Pereira,Marketplace,Consumidor,Silla Ergonómica,Mobiliario,Laura Gómez,2,1392000,5,2784000,139200,2644800,920000,1840000,804800,30.43,Procesando,PSE,5,4,No,Sí
ORD-01765,2024-02-22,2024,2024-02,Q1,Andina,Medellín,Web,Emprendedor,Laptop Pro 14,Tecnología,Diego Martínez,3,4704000,10,14112000,1411200,12700800,3593000,10779000,1921800,15.13,Procesando,PSE,4,4,No,No
ORD-01766,2026-06-20,2026,2026-06,Q2,Andina,Pereira,Tienda física,Corporativo,Mouse Inalámbrico,Accesorios,Andrés Moreno,2,191000,5,382000,19100,362900,84000,168000,194900,53.71,Entregado,PSE,5,3,No,Sí
ORD-01767,2024-03-11,2024,2024-03,Q1,Caribe,Cartagena,Marketplace,Corporativo,Monitor 24,Tecnología,Carlos Ruiz,3,749000,0,2247000,0,2247000,493000,1479000,768000,34.18,Entregado,Tarjeta crédito,5,2,No,No
ORD-01768,2024-11-17,2024,2024-11,Q4,Andina,Medellín,Web,PyME,Teclado Mecánico,Accesorios,Diego Martínez,1,351000,3,351000,10530,340470,171000,171000,169470,49.78,Entregado,Tarjeta crédito,5,6,No,No
ORD-01769,2025-11-19,2025,2025-11,Q4,Andina,Bogotá,Marketplace,Emprendedor,Audífonos Bluetooth,Audio,Carlos Ruiz,2,419000,5,838000,41900,796100,197000,394000,402100,50.51,Procesando,Transferencia,5,6,No,No
ORD-01770,2026-01-25,2026,2026-01,Q1,Andina,Bogotá,Marketplace,PyME,Webcam HD,Accesorios,Carlos Ruiz,3,259000,3,777000,23310,753690,146000,438000,315690,41.89,En tránsito,Tarjeta crédito,3,5,No,No
ORD-01771,2026-07-24,2026,2026-07,Q3,Andina,Bogotá,Web,Emprendedor,Dock USB-C,Accesorios,Juan Castro,3,402000,15,1206000,180900,1025100,226000,678000,347100,33.86,Cancelado,Tarjeta crédito,,,No,Sí
ORD-01772,2025-04-14,2025,2025-04,Q2,Andina,Bucaramanga,Marketplace,PyME,Laptop Air 13,Tecnología,Juan Castro,6,3360000,8,20160000,1612800,18547200,2517000,15102000,3445200,18.58,Entregado,Transferencia,4,4,No,No
ORD-01773,2024-05-25,2024,2024-05,Q2,Caribe,Santa Marta,Web,Consumidor,Mouse Inalámbrico,Accesorios,Valentina Rojas,1,187000,0,187000,0,187000,85000,85000,102000,54.55,Entregado,Tarjeta débito,4,4,No,No
ORD-01774,2024-09-03,2024,2024-09,Q3,Caribe,Montería,Web,Consumidor,Laptop Air 13,Tecnología,Juan Castro,2,3430000,10,6860000,686000,6174000,2736000,5472000,702000,11.37,En tránsito,PSE,5,3,No,No
ORD-01775,2025-04-14,2025,2025-04,Q2,Andina,Pereira,Tienda física,Emprendedor,Silla Ergonómica,Mobiliario,Carlos Ruiz,1,1450000,20,1450000,290000,1160000,908000,908000,252000,21.72,Entregado,PSE,5,2,No,Sí
ORD-01776,2025-02-04,2025,2025-02,Q1,Orinoquía,Villavicencio,Tienda física,Consumidor,Webcam HD,Accesorios,Sofía Herrera,4,270000,0,1080000,0,1080000,153000,612000,468000,43.33,Entregado,Tarjeta débito,4,1,No,No
ORD-01777,2024-04-14,2024,2024-04,Q2,Andina,Bucaramanga,Web,Corporativo,Silla Ergonómica,Mobiliario,Valentina Rojas,3,1421000,20,4263000,852600,3410400,961000,2883000,527400,15.46,Entregado,Efectivo,4,1,No,No
ORD-01778,2025-01-31,2025,2025-01,Q1,Caribe,Montería,Web,Emprendedor,Laptop Pro 14,Tecnología,Diego Martínez,3,4704000,10,14112000,1411200,12700800,3490000,10470000,2230800,17.56,Entregado,Transferencia,4,5,No,No
ORD-01779,2025-12-07,2025,2025-12,Q4,Pacífica,Pasto,Ventas corporativas,PyME,Escritorio Ajustable,Mobiliario,Juan Castro,8,2187000,10,17496000,1749600,15746400,1464000,11712000,4034400,25.62,Procesando,Efectivo,3,2,No,Sí
ORD-01780,2024-03-06,2024,2024-03,Q1,Andina,Bucaramanga,Web,PyME,Laptop Pro 14,Tecnología,Ana Torres,8,4704000,0,37632000,0,37632000,3441000,27528000,10104000,26.85,Procesando,PSE,4,3,No,No
ORD-01781,2025-06-15,2025,2025-06,Q2,Andina,Bogotá,Web,PyME,Silla Ergonómica,Mobiliario,Andrés Moreno,3,1506000,10,4518000,451800,4066200,981000,2943000,1123200,27.62,Cancelado,PSE,,,No,No
ORD-01782,2025-06-22,2025,2025-06,Q2,Caribe,Valledupar,Web,Consumidor,Headset Pro,Audio,Carlos Ruiz,3,540000,15,1620000,243000,1377000,290000,870000,507000,36.82,En tránsito,Transferencia,5,5,No,Sí
ORD-01783,2024-10-12,2024,2024-10,Q4,Caribe,Montería,Ventas corporativas,PyME,Mouse Inalámbrico,Accesorios,Carlos Ruiz,4,167000,5,668000,33400,634600,86000,344000,290600,45.79,Entregado,Transferencia,5,4,No,Sí
ORD-01784,2026-03-31,2026,2026-03,Q1,Pacífica,Pasto,Ventas corporativas,Corporativo,Dock USB-C,Accesorios,Ana Torres,11,381000,0,4191000,0,4191000,228000,2508000,1683000,40.16,Procesando,Transferencia,4,6,No,Sí
ORD-01785,2025-09-03,2025,2025-09,Q3,Andina,Manizales,Tienda física,Emprendedor,Monitor 24,Tecnología,Laura Gómez,3,780000,0,2340000,0,2340000,519000,1557000,783000,33.46,Entregado,Transferencia,5,2,No,No
ORD-01786,2026-08-28,2026,2026-08,Q3,Andina,Bogotá,Marketplace,PyME,Laptop Air 13,Tecnología,Diego Martínez,3,3360000,0,10080000,0,10080000,2516000,7548000,2532000,25.12,En tránsito,Tarjeta débito,4,4,No,No
ORD-01787,2024-05-03,2024,2024-05,Q2,Pacífica,Buenaventura,Tienda física,PyME,Laptop Air 13,Tecnología,Andrés Moreno,5,3710000,3,18550000,556500,17993500,2646000,13230000,4763500,26.47,Entregado,Tarjeta débito,5,1,No,No
ORD-01788,2026-02-06,2026,2026-02,Q1,Andina,Pereira,Tienda física,PyME,Mouse Inalámbrico,Accesorios,Sofía Herrera,2,180000,5,360000,18000,342000,90000,180000,162000,47.37,Entregado,Tarjeta débito,5,1,No,No
ORD-01789,2024-06-06,2024,2024-06,Q2,Andina,Bucaramanga,Web,PyME,Mouse Inalámbrico,Accesorios,Carlos Ruiz,5,187000,0,935000,0,935000,87000,435000,500000,53.48,Cancelado,PSE,,,No,No
ORD-01790,2026-06-07,2026,2026-06,Q2,Caribe,Cartagena,Marketplace,PyME,Laptop Air 13,Tecnología,Sofía Herrera,10,3562000,8,35620000,2849600,32770400,2602000,26020000,6750400,20.6,Entregado,PSE,5,2,No,Sí
ORD-01791,2026-04-24,2026,2026-04,Q2,Andina,Pereira,Web,Emprendedor,Teclado Mecánico,Accesorios,Juan Castro,1,314000,5,314000,15700,298300,182000,182000,116300,38.99,Procesando,Efectivo,4,7,No,Sí
ORD-01792,2025-08-24,2025,2025-08,Q3,Caribe,Santa Marta,Ventas corporativas,PyME,Mouse Inalámbrico,Accesorios,Ana Torres,13,167000,0,2171000,0,2171000,84000,1092000,1079000,49.7,Cancelado,Tarjeta crédito,,,No,No
ORD-01793,2025-10-13,2025,2025-10,Q4,Pacífica,Buenaventura,Marketplace,Consumidor,Mouse Inalámbrico,Accesorios,Andrés Moreno,4,173000,0,692000,0,692000,85000,340000,352000,50.87,Entregado,Tarjeta débito,4,1,No,No
ORD-01794,2025-04-08,2025,2025-04,Q2,Andina,Medellín,Tienda física,Consumidor,Laptop Air 13,Tecnología,Carlos Ruiz,1,3500000,3,3500000,105000,3395000,2499000,2499000,896000,26.39,Entregado,Efectivo,5,1,No,No
ORD-01795,2026-03-21,2026,2026-03,Q1,Pacífica,Buenaventura,Web,Consumidor,Laptop Pro 14,Tecnología,Carlos Ruiz,6,4704000,0,28224000,0,28224000,3491000,20946000,7278000,25.79,Entregado,PSE,1,2,No,Sí
ORD-01796,2024-06-21,2024,2024-06,Q2,Andina,Pereira,Web,Corporativo,Teclado Mecánico,Accesorios,Juan Castro,10,332000,0,3320000,0,3320000,180000,1800000,1520000,45.78,Entregado,Tarjeta crédito,5,7,No,Sí
ORD-01797,2026-01-23,2026,2026-01,Q1,Caribe,Barranquilla,Web,Emprendedor,Mouse Inalámbrico,Accesorios,Carlos Ruiz,1,176000,8,176000,14080,161920,86000,86000,75920,46.89,Entregado,Tarjeta débito,4,4,No,No
ORD-01798,2024-11-23,2024,2024-11,Q4,Andina,Medellín,Marketplace,Emprendedor,Teclado Mecánico,Accesorios,Carlos Ruiz,10,344000,8,3440000,275200,3164800,179000,1790000,1374800,43.44,Procesando,Tarjeta crédito,5,5,No,No
ORD-01799,2024-11-21,2024,2024-11,Q4,Andina,Pereira,Web,Corporativo,Teclado Mecánico,Accesorios,Valentina Rojas,3,351000,20,1053000,210600,842400,169000,507000,335400,39.81,Entregado,Efectivo,4,8,No,Sí
ORD-01800,2024-06-20,2024,2024-06,Q2,Caribe,Cartagena,Tienda física,Consumidor,Monitor 24,Tecnología,Diego Martínez,1,827000,3,827000,24810,802190,532000,532000,270190,33.68,Cancelado,Efectivo,,,No,No
ORD-01801,2026-05-05,2026,2026-05,Q2,Caribe,Cartagena,Web,PyME,Teclado Mecánico,Accesorios,Diego Martínez,3,332000,10,996000,99600,896400,173000,519000,377400,42.1,En tránsito,Tarjeta débito,4,6,No,No
ORD-01802,2025-11-21,2025,2025-11,Q4,Caribe,Valledupar,Ventas corporativas,Corporativo,Monitor 24,Tecnología,Valentina Rojas,11,812000,5,8932000,446600,8485400,537000,5907000,2578400,30.39,Cancelado,Efectivo,,,No,Sí
ORD-01803,2024-02-08,2024,2024-02,Q1,Caribe,Santa Marta,Web,Emprendedor,Teclado Mecánico,Accesorios,Juan Castro,1,314000,5,314000,15700,298300,175000,175000,123300,41.33,Procesando,Tarjeta crédito,5,7,No,No
ORD-01804,2024-07-28,2024,2024-07,Q3,Andina,Bogotá,Ventas corporativas,Consumidor,Escritorio Ajustable,Mobiliario,Laura Gómez,16,1953000,8,31248000,2499840,28748160,1496000,23936000,4812160,16.74,Procesando,Tarjeta débito,5,1,No,No
ORD-01805,2026-04-06,2026,2026-04,Q2,Orinoquía,Yopal,Web,PyME,Teclado Mecánico,Accesorios,Carlos Ruiz,2,314000,0,628000,0,628000,183000,366000,262000,41.72,En tránsito,Efectivo,4,2,No,No
ORD-01806,2024-01-05,2024,2024-01,Q1,Andina,Pereira,Web,Corporativo,Escritorio Ajustable,Mobiliario,Valentina Rojas,1,2058000,5,2058000,102900,1955100,1428000,1428000,527100,26.96,Entregado,Transferencia,5,3,No,No
ORD-01807,2025-07-05,2025,2025-07,Q3,Caribe,Santa Marta,Web,PyME,Webcam HD,Accesorios,Valentina Rojas,4,265000,5,1060000,53000,1007000,152000,608000,399000,39.62,Cancelado,Efectivo,,,No,Sí
ORD-01808,2026-05-16,2026,2026-05,Q2,Andina,Manizales,Web,Consumidor,Laptop Air 13,Tecnología,Andrés Moreno,10,3636000,0,36360000,0,36360000,2632000,26320000,10040000,27.61,Cancelado,Tarjeta crédito,,,No,No
ORD-01809,2025-05-06,2025,2025-05,Q2,Pacífica,Popayán,Marketplace,PyME,Dock USB-C,Accesorios,Carlos Ruiz,1,417000,3,417000,12510,404490,238000,238000,166490,41.16,Procesando,Transferencia,4,2,No,No
ORD-01810,2024-10-26,2024,2024-10,Q4,Andina,Medellín,Web,Consumidor,Monitor 24,Tecnología,Juan Castro,1,764000,20,764000,152800,611200,521000,521000,90200,14.76,Cancelado,Tarjeta crédito,,,No,No
ORD-01811,2026-08-06,2026,2026-08,Q3,Andina,Bogotá,Web,Consumidor,Headset Pro,Audio,Ana Torres,2,510000,10,1020000,102000,918000,290000,580000,338000,36.82,Entregado,Efectivo,4,6,No,No
ORD-01812,2025-04-27,2025,2025-04,Q2,Pacífica,Quibdó,Web,Consumidor,Escritorio Ajustable,Mobiliario,Diego Martínez,2,2058000,5,4116000,205800,3910200,1406000,2812000,1098200,28.09,Entregado,Efectivo,4,6,No,No
ORD-01813,2025-12-23,2025,2025-12,Q4,Amazonía,Florencia,Web,Emprendedor,Audífonos Bluetooth,Audio,Valentina Rojas,2,428000,10,856000,85600,770400,207000,414000,356400,46.26,Entregado,Efectivo,5,4,No,No
ORD-01814,2025-11-18,2025,2025-11,Q4,Andina,Bucaramanga,Web,Emprendedor,Silla Ergonómica,Mobiliario,Valentina Rojas,1,1592000,10,1592000,159200,1432800,895000,895000,537800,37.53,Entregado,Efectivo,3,7,No,No
ORD-01815,2026-09-17,2026,2026-09,Q3,Pacífica,Buenaventura,Marketplace,Corporativo,Laptop Pro 14,Tecnología,Juan Castro,3,4608000,5,13824000,691200,13132800,3539000,10617000,2515800,19.16,Cancelado,Efectivo,,,No,No
ORD-01816,2025-05-01,2025,2025-05,Q2,Andina,Medellín,Web,Corporativo,Dock USB-C,Accesorios,Valentina Rojas,1,426000,15,426000,63900,362100,243000,243000,119100,32.89,Entregado,Tarjeta débito,5,5,No,Sí
ORD-01817,2025-07-04,2025,2025-07,Q3,Andina,Medellín,Web,Consumidor,Monitor 24,Tecnología,Andrés Moreno,2,764000,5,1528000,76400,1451600,514000,1028000,423600,29.18,Cancelado,Tarjeta débito,,,No,No
ORD-01818,2026-06-26,2026,2026-06,Q2,Caribe,Santa Marta,Tienda física,Corporativo,Mouse Inalámbrico,Accesorios,Juan Castro,6,191000,0,1146000,0,1146000,85000,510000,636000,55.5,Entregado,Tarjeta crédito,5,6,No,No
ORD-01819,2026-07-12,2026,2026-07,Q3,Orinoquía,Arauca,Marketplace,Consumidor,Webcam HD,Accesorios,Juan Castro,1,259000,5,259000,12950,246050,150000,150000,96050,39.04,Entregado,Tarjeta débito,5,1,No,No
ORD-01820,2026-05-18,2026,2026-05,Q2,Andina,Manizales,Ventas corporativas,PyME,Teclado Mecánico,Accesorios,Ana Torres,9,315000,5,2835000,141750,2693250,176000,1584000,1109250,41.19,Procesando,Tarjeta crédito,4,1,No,No
ORD-01821,2025-05-06,2025,2025-05,Q2,Caribe,Santa Marta,Web,Emprendedor,Laptop Air 13,Tecnología,Laura Gómez,2,3636000,0,7272000,0,7272000,2519000,5038000,2234000,30.72,Entregado,Tarjeta crédito,5,4,No,No
ORD-01822,2024-02-17,2024,2024-02,Q1,Caribe,Santa Marta,Web,PyME,Audífonos Bluetooth,Audio,Diego Martínez,2,382000,5,764000,38200,725800,212000,424000,301800,41.58,Entregado,Efectivo,4,3,No,No
ORD-01823,2026-03-30,2026,2026-03,Q1,Andina,Manizales,Web,Consumidor,Mouse Inalámbrico,Accesorios,Laura Gómez,8,176000,15,1408000,211200,1196800,89000,712000,484800,40.51,Entregado,Tarjeta crédito,4,7,No,Sí
ORD-01824,2024-01-30,2024,2024-01,Q1,Pacífica,Quibdó,Web,Corporativo,Audífonos Bluetooth,Audio,Valentina Rojas,1,382000,3,382000,11460,370540,203000,203000,167540,45.22,Cancelado,Tarjeta crédito,,,No,Sí
ORD-01825,2025-12-06,2025,2025-12,Q4,Pacífica,Quibdó,Tienda física,Consumidor,Escritorio Ajustable,Mobiliario,Diego Martínez,2,2352000,3,4704000,141120,4562880,1375000,2750000,1812880,39.73,Procesando,Transferencia,3,4,No,No
ORD-01826,2024-10-10,2024,2024-10,Q4,Andina,Bogotá,Marketplace,Consumidor,Teclado Mecánico,Accesorios,Valentina Rojas,2,307000,5,614000,30700,583300,170000,340000,243300,41.71,Cancelado,Efectivo,,,No,No
ORD-01827,2024-01-01,2024,2024-01,Q1,Andina,Manizales,Tienda física,Consumidor,Audífonos Bluetooth,Audio,Ana Torres,2,390000,8,780000,62400,717600,213000,426000,291600,40.64,En tránsito,PSE,5,5,No,No
ORD-01828,2026-09-28,2026,2026-09,Q3,Caribe,Santa Marta,Tienda física,PyME,Laptop Pro 14,Tecnología,Ana Torres,3,4800000,3,14400000,432000,13968000,3466000,10398000,3570000,25.56,Entregado,Transferencia,1,5,No,No
ORD-01829,2024-10-19,2024,2024-10,Q4,Pacífica,Pasto,Marketplace,Emprendedor,Teclado Mecánico,Accesorios,Valentina Rojas,3,307000,8,921000,73680,847320,175000,525000,322320,38.04,Entregado,Tarjeta crédito,2,7,No,Sí
ORD-01830,2024-11-10,2024,2024-11,Q4,Caribe,Cartagena,Tienda física,PyME,Monitor 24,Tecnología,Sofía Herrera,5,874000,3,4370000,131100,4238900,527000,2635000,1603900,37.84,Procesando,PSE,4,5,No,No
ORD-01831,2024-01-03,2024,2024-01,Q1,Andina,Pereira,Web,Consumidor,Teclado Mecánico,Accesorios,Carlos Ruiz,1,314000,15,314000,47100,266900,183000,183000,83900,31.43,Entregado,Efectivo,4,2,No,No
ORD-01832,2025-11-29,2025,2025-11,Q4,Pacífica,Popayán,Web,Corporativo,Dock USB-C,Accesorios,Diego Martínez,5,450000,5,2250000,112500,2137500,233000,1165000,972500,45.5,Entregado,Tarjeta crédito,4,4,No,Sí
ORD-01833,2025-06-10,2025,2025-06,Q2,Andina,Bucaramanga,Marketplace,PyME,Dock USB-C,Accesorios,Carlos Ruiz,2,417000,0,834000,0,834000,231000,462000,372000,44.6,Procesando,Transferencia,5,3,No,No
ORD-01834,2024-12-01,2024,2024-12,Q4,Andina,Pereira,Web,Emprendedor,Escritorio Ajustable,Mobiliario,Valentina Rojas,3,2305000,3,6915000,207450,6707550,1489000,4467000,2240550,33.4,Entregado,PSE,5,3,No,No
ORD-01835,2025-06-15,2025,2025-06,Q2,Pacífica,Cali,Tienda física,Emprendedor,Dock USB-C,Accesorios,Laura Gómez,4,435000,0,1740000,0,1740000,238000,952000,788000,45.29,Entregado,Tarjeta crédito,4,3,No,No
ORD-01836,2026-09-10,2026,2026-09,Q3,Caribe,Santa Marta,Web,Emprendedor,Dock USB-C,Accesorios,Juan Castro,1,402000,8,402000,32160,369840,245000,245000,124840,33.76,Entregado,Efectivo,3,2,No,No
ORD-01837,2026-05-11,2026,2026-05,Q2,Andina,Bogotá,Marketplace,PyME,Escritorio Ajustable,Mobiliario,Valentina Rojas,1,2137000,0,2137000,0,2137000,1408000,1408000,729000,34.11,En tránsito,Tarjeta crédito,5,2,No,Sí
ORD-01838,2024-03-26,2024,2024-03,Q1,Andina,Bucaramanga,Web,PyME,Mouse Inalámbrico,Accesorios,Andrés Moreno,1,176000,0,176000,0,176000,83000,83000,93000,52.84,Entregado,Efectivo,4,10,No,Sí
ORD-01839,2025-12-30,2025,2025-12,Q4,Andina,Bogotá,Ventas corporativas,Consumidor,Escritorio Ajustable,Mobiliario,Sofía Herrera,10,2187000,8,21870000,1749600,20120400,1406000,14060000,6060400,30.12,Entregado,PSE,4,4,No,No
ORD-01840,2024-11-06,2024,2024-11,Q4,Andina,Pereira,Ventas corporativas,PyME,Audífonos Bluetooth,Audio,Valentina Rojas,5,406000,0,2030000,0,2030000,216000,1080000,950000,46.8,Procesando,PSE,4,2,No,No
ORD-01841,2026-08-15,2026,2026-08,Q3,Caribe,Barranquilla,Web,Corporativo,Laptop Pro 14,Tecnología,Carlos Ruiz,1,4704000,8,4704000,376320,4327680,3544000,3544000,783680,18.11,Cancelado,Tarjeta crédito,,,No,Sí
ORD-01842,2026-02-10,2026,2026-02,Q1,Orinoquía,Arauca,Tienda física,PyME,Audífonos Bluetooth,Audio,Ana Torres,1,390000,8,390000,31200,358800,200000,200000,158800,44.26,Cancelado,Transferencia,,,No,No
ORD-01843,2026-08-05,2026,2026-08,Q3,Andina,Bogotá,Marketplace,PyME,Headset Pro,Audio,Diego Martínez,2,499000,8,998000,79840,918160,278000,556000,362160,39.44,En tránsito,PSE,5,2,No,No
ORD-01844,2026-03-29,2026,2026-03,Q1,Orinoquía,Villavicencio,Web,Emprendedor,Audífonos Bluetooth,Audio,Juan Castro,2,382000,3,764000,22920,741080,210000,420000,321080,43.33,Cancelado,Transferencia,,,No,Sí
ORD-01845,2024-05-15,2024,2024-05,Q2,Caribe,Montería,Marketplace,Corporativo,Laptop Pro 14,Tecnología,Sofía Herrera,1,4884000,0,4884000,0,4884000,3749000,3749000,1135000,23.24,Cancelado,Efectivo,,,No,No
ORD-01846,2025-05-20,2025,2025-05,Q2,Pacífica,Pasto,Tienda física,Consumidor,Monitor 24,Tecnología,Juan Castro,8,827000,0,6616000,0,6616000,507000,4056000,2560000,38.69,Entregado,Efectivo,5,2,No,No
ORD-01847,2026-04-02,2026,2026-04,Q2,Caribe,Cartagena,Ventas corporativas,Corporativo,Headset Pro,Audio,Sofía Herrera,12,484000,0,5808000,0,5808000,289000,3468000,2340000,40.29,Entregado,Transferencia,5,3,No,Sí
ORD-01848,2026-09-04,2026,2026-09,Q3,Pacífica,Quibdó,Web,Emprendedor,Mouse Inalámbrico,Accesorios,Juan Castro,3,176000,3,528000,15840,512160,82000,246000,266160,51.97,Procesando,Transferencia,5,6,No,No
ORD-01849,2025-12-05,2025,2025-12,Q4,Andina,Bogotá,Ventas corporativas,Corporativo,Laptop Air 13,Tecnología,Valentina Rojas,8,3646000,5,29168000,1458400,27709600,2531000,20248000,7461600,26.93,Procesando,PSE,5,1,No,No
ORD-01850,2026-07-22,2026,2026-07,Q3,Amazonía,Mocoa,Web,Emprendedor,Monitor 24,Tecnología,Carlos Ruiz,2,764000,15,1528000,229200,1298800,511000,1022000,276800,21.31,Entregado,Tarjeta crédito,3,4,No,No
ORD-01851,2026-06-07,2026,2026-06,Q2,Andina,Manizales,Ventas corporativas,Corporativo,Laptop Pro 14,Tecnología,Sofía Herrera,17,4732000,3,80444000,2413320,78030680,3675000,62475000,15555680,19.94,Entregado,Efectivo,5,3,No,No
ORD-01852,2026-02-22,2026,2026-02,Q1,Andina,Medellín,Web,Consumidor,Silla Ergonómica,Mobiliario,Sofía Herrera,4,1421000,3,5684000,170520,5513480,900000,3600000,1913480,34.71,Cancelado,Transferencia,,,No,No
ORD-01853,2026-01-18,2026,2026-01,Q1,Andina,Bucaramanga,Web,PyME,Monitor 24,Tecnología,Laura Gómez,1,764000,3,764000,22920,741080,508000,508000,233080,31.45,Entregado,Efectivo,4,5,No,No
ORD-01854,2024-08-14,2024,2024-08,Q3,Andina,Manizales,Web,Consumidor,Webcam HD,Accesorios,Juan Castro,3,265000,10,795000,79500,715500,150000,450000,265500,37.11,En tránsito,Transferencia,5,1,No,No
ORD-01855,2024-06-01,2024,2024-06,Q2,Caribe,Cartagena,Marketplace,Emprendedor,Mouse Inalámbrico,Accesorios,Laura Gómez,8,183000,5,1464000,73200,1390800,83000,664000,726800,52.26,Entregado,Tarjeta crédito,3,3,No,No
ORD-01856,2024-06-06,2024,2024-06,Q2,Andina,Medellín,Tienda física,Corporativo,Laptop Pro 14,Tecnología,Laura Gómez,2,5088000,5,10176000,508800,9667200,3598000,7196000,2471200,25.56,Entregado,Efectivo,5,1,No,No
ORD-01857,2024-10-12,2024,2024-10,Q4,Andina,Pereira,Tienda física,PyME,Monitor 24,Tecnología,Diego Martínez,1,780000,3,780000,23400,756600,506000,506000,250600,33.12,Procesando,PSE,4,3,No,No
ORD-01858,2024-03-24,2024,2024-03,Q1,Orinoquía,Yopal,Marketplace,Corporativo,Mouse Inalámbrico,Accesorios,Sofía Herrera,4,173000,8,692000,55360,636640,83000,332000,304640,47.85,Procesando,Tarjeta crédito,5,1,No,No
ORD-01859,2024-03-06,2024,2024-03,Q1,Pacífica,Pasto,Web,Emprendedor,Silla Ergonómica,Mobiliario,Andrés Moreno,6,1421000,15,8526000,1278900,7247100,933000,5598000,1649100,22.76,Entregado,Transferencia,5,4,No,Sí
ORD-01860,2024-08-17,2024,2024-08,Q3,Andina,Manizales,Marketplace,PyME,Mouse Inalámbrico,Accesorios,Laura Gómez,1,173000,5,173000,8650,164350,87000,87000,77350,47.06,Entregado,Tarjeta crédito,5,1,No,No
ORD-01861,2024-07-30,2024,2024-07,Q3,Andina,Pereira,Web,Corporativo,Monitor 27,Tecnología,Ana Torres,1,1225000,10,1225000,122500,1102500,856000,856000,246500,22.36,Entregado,Tarjeta débito,4,5,No,No
ORD-01862,2024-05-28,2024,2024-05,Q2,Andina,Bucaramanga,Marketplace,Corporativo,Silla Ergonómica,Mobiliario,Sofía Herrera,1,1476000,10,1476000,147600,1328400,949000,949000,379400,28.56,En tránsito,Transferencia,4,1,No,No
ORD-01863,2024-02-20,2024,2024-02,Q1,Amazonía,Mocoa,Ventas corporativas,Consumidor,Silla Ergonómica,Mobiliario,Andrés Moreno,5,1348000,0,6740000,0,6740000,921000,4605000,2135000,31.68,Entregado,Tarjeta débito,5,2,No,No
ORD-01864,2026-06-21,2026,2026-06,Q2,Caribe,Montería,Tienda física,Consumidor,Audífonos Bluetooth,Audio,Andrés Moreno,8,413000,3,3304000,99120,3204880,202000,1616000,1588880,49.58,Entregado,PSE,5,4,No,No
ORD-01865,2026-04-24,2026,2026-04,Q2,Amazonía,Mocoa,Web,Consumidor,Audífonos Bluetooth,Audio,Sofía Herrera,1,382000,8,382000,30560,351440,212000,212000,139440,39.68,En tránsito,Efectivo,5,4,No,No
ORD-01866,2024-04-19,2024,2024-04,Q2,Caribe,Cartagena,Tienda física,PyME,Audífonos Bluetooth,Audio,Juan Castro,10,390000,5,3900000,195000,3705000,212000,2120000,1585000,42.78,Cancelado,Tarjeta crédito,,,No,Sí
ORD-01867,2024-03-28,2024,2024-03,Q1,Orinoquía,Yopal,Marketplace,Corporativo,Mouse Inalámbrico,Accesorios,Juan Castro,5,173000,8,865000,69200,795800,87000,435000,360800,45.34,Procesando,Efectivo,4,5,No,Sí
ORD-01868,2026-07-25,2026,2026-07,Q3,Andina,Medellín,Web,Consumidor,Dock USB-C,Accesorios,Laura Gómez,8,402000,5,3216000,160800,3055200,237000,1896000,1159200,37.94,Procesando,Transferencia,4,5,No,No
ORD-01869,2026-03-06,2026,2026-03,Q1,Pacífica,Popayán,Web,PyME,Mouse Inalámbrico,Accesorios,Sofía Herrera,4,176000,5,704000,35200,668800,86000,344000,324800,48.56,Entregado,PSE,3,3,No,Sí
ORD-01870,2024-11-10,2024,2024-11,Q4,Caribe,Cartagena,Web,PyME,Mouse Inalámbrico,Accesorios,Juan Castro,1,198000,15,198000,29700,168300,87000,87000,81300,48.31,Entregado,Efectivo,5,4,No,No
ORD-01871,2025-03-26,2025,2025-03,Q1,Caribe,Santa Marta,Marketplace,Emprendedor,Dock USB-C,Accesorios,Sofía Herrera,3,394000,0,1182000,0,1182000,226000,678000,504000,42.64,Entregado,Tarjeta débito,5,2,No,No
ORD-01872,2025-03-18,2025,2025-03,Q1,Caribe,Montería,Web,PyME,Laptop Air 13,Tecnología,Sofía Herrera,2,3430000,5,6860000,343000,6517000,2743000,5486000,1031000,15.82,Cancelado,Efectivo,,,No,No
ORD-01873,2024-02-25,2024,2024-02,Q1,Caribe,Cartagena,Ventas corporativas,Consumidor,Teclado Mecánico,Accesorios,Sofía Herrera,8,298000,8,2384000,190720,2193280,176000,1408000,785280,35.8,Entregado,Transferencia,3,1,No,No
ORD-01874,2024-08-22,2024,2024-08,Q3,Pacífica,Quibdó,Web,Corporativo,Teclado Mecánico,Accesorios,Juan Castro,1,314000,15,314000,47100,266900,173000,173000,93900,35.18,Procesando,Transferencia,4,6,No,Sí
ORD-01875,2024-08-16,2024,2024-08,Q3,Andina,Manizales,Web,PyME,Teclado Mecánico,Accesorios,Ana Torres,2,314000,15,628000,94200,533800,175000,350000,183800,34.43,Entregado,Efectivo,4,8,No,No
ORD-01876,2025-01-16,2025,2025-01,Q1,Andina,Bogotá,Marketplace,PyME,Headset Pro,Audio,Valentina Rojas,4,499000,10,1996000,199600,1796400,287000,1148000,648400,36.09,Procesando,Transferencia,4,1,No,Sí
ORD-01877,2026-03-17,2026,2026-03,Q1,Orinoquía,Arauca,Tienda física,Consumidor,Teclado Mecánico,Accesorios,Sofía Herrera,1,320000,0,320000,0,320000,171000,171000,149000,46.56,Entregado,Transferencia,5,4,No,Sí
ORD-01878,2024-01-19,2024,2024-01,Q1,Caribe,Santa Marta,Marketplace,Consumidor,Dock USB-C,Accesorios,Diego Martínez,10,394000,5,3940000,197000,3743000,242000,2420000,1323000,35.35,Entregado,PSE,4,1,No,Sí
ORD-01879,2024-12-23,2024,2024-12,Q4,Pacífica,Quibdó,Ventas corporativas,Consumidor,Mouse Inalámbrico,Accesorios,Laura Gómez,6,187000,5,1122000,56100,1065900,84000,504000,561900,52.72,Cancelado,Tarjeta crédito,,,No,No
ORD-01880,2024-07-14,2024,2024-07,Q3,Caribe,Montería,Web,PyME,Laptop Air 13,Tecnología,Valentina Rojas,2,3430000,8,6860000,548800,6311200,2504000,5008000,1303200,20.65,Entregado,Transferencia,4,3,No,No
ORD-01881,2025-10-23,2025,2025-10,Q4,Andina,Bogotá,Tienda física,Consumidor,Webcam HD,Accesorios,Diego Martínez,4,270000,0,1080000,0,1080000,147000,588000,492000,45.56,Entregado,Efectivo,4,3,No,No
ORD-01882,2026-08-03,2026,2026-08,Q3,Caribe,Montería,Marketplace,Corporativo,Dock USB-C,Accesorios,Valentina Rojas,2,394000,0,788000,0,788000,236000,472000,316000,40.1,Entregado,Tarjeta crédito,5,2,No,No
ORD-01883,2025-04-10,2025,2025-04,Q2,Andina,Pereira,Web,PyME,Silla Ergonómica,Mobiliario,Andrés Moreno,4,1421000,20,5684000,1136800,4547200,914000,3656000,891200,19.6,Entregado,PSE,5,4,No,Sí
ORD-01884,2025-10-12,2025,2025-10,Q4,Andina,Pereira,Tienda física,Consumidor,Monitor 24,Tecnología,Valentina Rojas,5,780000,15,3900000,585000,3315000,506000,2530000,785000,23.68,Cancelado,Transferencia,,,No,No
ORD-01885,2026-06-24,2026,2026-06,Q2,Andina,Bucaramanga,Ventas corporativas,Emprendedor,Silla Ergonómica,Mobiliario,Juan Castro,3,1429000,8,4287000,342960,3944040,978000,2934000,1010040,25.61,Cancelado,Transferencia,,,No,No
ORD-01886,2025-07-28,2025,2025-07,Q3,Pacífica,Popayán,Tienda física,Corporativo,Laptop Pro 14,Tecnología,Andrés Moreno,10,4800000,5,48000000,2400000,45600000,3745000,37450000,8150000,17.87,Cancelado,Efectivo,,,No,No
ORD-01887,2025-12-25,2025,2025-12,Q4,Pacífica,Cali,Ventas corporativas,PyME,Monitor 27,Tecnología,Diego Martínez,20,1302000,5,26040000,1302000,24738000,864000,17280000,7458000,30.15,Entregado,Tarjeta débito,3,3,No,Sí
ORD-01888,2025-10-03,2025,2025-10,Q4,Caribe,Santa Marta,Marketplace,Emprendedor,Monitor 27,Tecnología,Ana Torres,1,1200000,0,1200000,0,1200000,827000,827000,373000,31.08,Cancelado,PSE,,,No,No
ORD-01889,2026-06-04,2026,2026-06,Q2,Andina,Bucaramanga,Ventas corporativas,PyME,Webcam HD,Accesorios,Carlos Ruiz,9,266000,5,2394000,119700,2274300,145000,1305000,969300,42.62,Entregado,Efectivo,5,3,No,No
ORD-01890,2026-02-21,2026,2026-02,Q1,Orinoquía,Yopal,Web,Corporativo,Laptop Air 13,Tecnología,Laura Gómez,8,3430000,0,27440000,0,27440000,2747000,21976000,5464000,19.91,Cancelado,Tarjeta débito,,,No,No
ORD-01891,2025-10-25,2025,2025-10,Q4,Caribe,Barranquilla,Tienda física,Consumidor,Audífonos Bluetooth,Audio,Andrés Moreno,2,390000,15,780000,117000,663000,206000,412000,251000,37.86,Entregado,Tarjeta crédito,4,5,No,Sí
ORD-01892,2025-11-17,2025,2025-11,Q4,Andina,Bogotá,Web,Consumidor,Laptop Air 13,Tecnología,Laura Gómez,2,3842000,0,7684000,0,7684000,2580000,5160000,2524000,32.85,Entregado,Tarjeta débito,3,2,No,Sí
ORD-01893,2025-05-08,2025,2025-05,Q2,Orinoquía,Yopal,Tienda física,Corporativo,Teclado Mecánico,Accesorios,Carlos Ruiz,2,339000,10,678000,67800,610200,168000,336000,274200,44.94,En tránsito,Efectivo,5,4,No,Sí
ORD-01894,2025-04-21,2025,2025-04,Q2,Andina,Pereira,Web,Corporativo,Mouse Inalámbrico,Accesorios,Carlos Ruiz,2,176000,5,352000,17600,334400,89000,178000,156400,46.77,Cancelado,Transferencia,,,No,Sí
ORD-01895,2024-10-15,2024,2024-10,Q4,Caribe,Valledupar,Tienda física,PyME,Dock USB-C,Accesorios,Sofía Herrera,3,410000,0,1230000,0,1230000,235000,705000,525000,42.68,Procesando,PSE,4,4,No,No
ORD-01896,2024-09-19,2024,2024-09,Q3,Caribe,Montería,Web,Consumidor,Teclado Mecánico,Accesorios,Laura Gómez,3,314000,5,942000,47100,894900,174000,522000,372900,41.67,Cancelado,Transferencia,,,No,No
ORD-01897,2024-09-13,2024,2024-09,Q3,Pacífica,Quibdó,Ventas corporativas,PyME,Laptop Pro 14,Tecnología,Andrés Moreno,14,4464000,8,62496000,4999680,57496320,3489000,48846000,8650320,15.04,Entregado,Tarjeta crédito,5,7,No,Sí
ORD-01898,2024-03-11,2024,2024-03,Q1,Pacífica,Pasto,Tienda física,PyME,Silla Ergonómica,Mobiliario,Juan Castro,1,1450000,20,1450000,290000,1160000,906000,906000,254000,21.9,En tránsito,Tarjeta débito,4,5,No,Sí
ORD-01899,2024-09-11,2024,2024-09,Q3,Caribe,Montería,Web,Emprendedor,Audífonos Bluetooth,Audio,Laura Gómez,6,382000,15,2292000,343800,1948200,205000,1230000,718200,36.86,Entregado,Efectivo,3,4,No,No
ORD-01900,2025-04-11,2025,2025-04,Q2,Andina,Bucaramanga,Web,Consumidor,Silla Ergonómica,Mobiliario,Carlos Ruiz,5,1421000,15,7105000,1065750,6039250,914000,4570000,1469250,24.33,Entregado,Tarjeta crédito,5,5,No,No
ORD-01901,2025-04-04,2025,2025-04,Q2,Andina,Bucaramanga,Tienda física,Emprendedor,Laptop Air 13,Tecnología,Carlos Ruiz,2,3500000,3,7000000,210000,6790000,2645000,5290000,1500000,22.09,Cancelado,Tarjeta crédito,,,No,No
ORD-01902,2026-01-22,2026,2026-01,Q1,Andina,Bogotá,Web,Emprendedor,Laptop Air 13,Tecnología,Laura Gómez,3,3430000,0,10290000,0,10290000,2645000,7935000,2355000,22.89,Entregado,Tarjeta débito,5,3,No,No
ORD-01903,2026-02-15,2026,2026-02,Q1,Orinoquía,Yopal,Tienda física,Emprendedor,Laptop Air 13,Tecnología,Carlos Ruiz,2,3500000,10,7000000,700000,6300000,2678000,5356000,944000,14.98,Entregado,Tarjeta débito,4,3,Sí,Sí
ORD-01904,2026-08-13,2026,2026-08,Q3,Pacífica,Cali,Web,Emprendedor,Mouse Inalámbrico,Accesorios,Juan Castro,2,176000,5,352000,17600,334400,84000,168000,166400,49.76,Cancelado,Tarjeta débito,,,No,Sí
ORD-01905,2025-01-29,2025,2025-01,Q1,Caribe,Barranquilla,Tienda física,PyME,Silla Ergonómica,Mobiliario,Sofía Herrera,5,1450000,5,7250000,362500,6887500,973000,4865000,2022500,29.36,En tránsito,Tarjeta débito,5,3,No,No
ORD-01906,2026-08-22,2026,2026-08,Q3,Amazonía,Mocoa,Marketplace,PyME,Escritorio Ajustable,Mobiliario,Valentina Rojas,2,2016000,8,4032000,322560,3709440,1483000,2966000,743440,20.04,Entregado,Transferencia,4,3,No,No
ORD-01907,2026-02-12,2026,2026-02,Q1,Amazonía,Florencia,Web,Consumidor,Mouse Inalámbrico,Accesorios,Diego Martínez,1,176000,5,176000,8800,167200,89000,89000,78200,46.77,Entregado,Tarjeta crédito,5,6,No,No
ORD-01908,2024-12-18,2024,2024-12,Q4,Andina,Bucaramanga,Web,Consumidor,Teclado Mecánico,Accesorios,Carlos Ruiz,1,351000,8,351000,28080,322920,183000,183000,139920,43.33,Entregado,Tarjeta crédito,5,4,No,Sí
ORD-01909,2026-09-03,2026,2026-09,Q3,Amazonía,Florencia,Web,PyME,Dock USB-C,Accesorios,Andrés Moreno,2,402000,3,804000,24120,779880,243000,486000,293880,37.68,En tránsito,Tarjeta débito,4,6,No,Sí
ORD-01910,2025-11-30,2025,2025-11,Q4,Caribe,Santa Marta,Web,Corporativo,Silla Ergonómica,Mobiliario,Juan Castro,8,1592000,8,12736000,1018880,11717120,963000,7704000,4013120,34.25,Procesando,Transferencia,1,1,No,Sí
ORD-01911,2025-03-20,2025,2025-03,Q1,Andina,Pereira,Tienda física,Corporativo,Audífonos Bluetooth,Audio,Valentina Rojas,8,390000,15,3120000,468000,2652000,212000,1696000,956000,36.05,En tránsito,Efectivo,3,3,No,No
ORD-01912,2025-10-01,2025,2025-10,Q4,Pacífica,Popayán,Ventas corporativas,Corporativo,Webcam HD,Accesorios,Ana Torres,8,251000,5,2008000,100400,1907600,150000,1200000,707600,37.09,Entregado,Transferencia,5,2,No,Sí
ORD-01913,2026-03-15,2026,2026-03,Q1,Andina,Manizales,Ventas corporativas,Consumidor,Monitor 24,Tecnología,Valentina Rojas,16,725000,8,11600000,928000,10672000,498000,7968000,2704000,25.34,Cancelado,Efectivo,,,No,No
ORD-01914,2025-10-30,2025,2025-10,Q4,Orinoquía,Yopal,Web,PyME,Monitor 24,Tecnología,Sofía Herrera,1,764000,15,764000,114600,649400,502000,502000,147400,22.7,Entregado,Transferencia,5,5,No,Sí
ORD-01915,2025-02-14,2025,2025-02,Q1,Pacífica,Cali,Tienda física,Emprendedor,Dock USB-C,Accesorios,Valentina Rojas,10,410000,8,4100000,328000,3772000,242000,2420000,1352000,35.84,Entregado,PSE,4,4,No,No
ORD-01916,2025-09-05,2025,2025-09,Q3,Andina,Medellín,Web,PyME,Silla Ergonómica,Mobiliario,Juan Castro,2,1421000,10,2842000,284200,2557800,896000,1792000,765800,29.94,En tránsito,PSE,5,6,No,No
ORD-01917,2026-03-09,2026,2026-03,Q1,Amazonía,Leticia,Web,Corporativo,Laptop Air 13,Tecnología,Laura Gómez,3,3430000,10,10290000,1029000,9261000,2704000,8112000,1149000,12.41,Entregado,PSE,4,8,No,Sí
ORD-01918,2025-03-30,2025,2025-03,Q1,Andina,Bucaramanga,Web,Emprendedor,Monitor 27,Tecnología,Andrés Moreno,5,1225000,5,6125000,306250,5818750,858000,4290000,1528750,26.27,En tránsito,Efectivo,5,3,No,No
ORD-01919,2025-11-26,2025,2025-11,Q4,Andina,Medellín,Tienda física,Emprendedor,Audífonos Bluetooth,Audio,Juan Castro,1,437000,0,437000,0,437000,215000,215000,222000,50.8,En tránsito,Efectivo,2,5,No,No
ORD-01920,2025-02-28,2025,2025-02,Q1,Orinoquía,Arauca,Marketplace,Consumidor,Escritorio Ajustable,Mobiliario,Andrés Moreno,2,2016000,5,4032000,201600,3830400,1438000,2876000,954400,24.92,En tránsito,Tarjeta débito,3,2,No,No
ORD-01921,2025-12-17,2025,2025-12,Q4,Andina,Medellín,Tienda física,PyME,Teclado Mecánico,Accesorios,Laura Gómez,4,358000,0,1432000,0,1432000,182000,728000,704000,49.16,En tránsito,Tarjeta débito,5,2,No,Sí
ORD-01922,2024-07-06,2024,2024-07,Q3,Caribe,Valledupar,Tienda física,Corporativo,Laptop Pro 14,Tecnología,Carlos Ruiz,1,4800000,0,4800000,0,4800000,3423000,3423000,1377000,28.69,Procesando,Tarjeta débito,4,2,No,No
ORD-01923,2024-05-30,2024,2024-05,Q2,Pacífica,Cali,Marketplace,Emprendedor,Laptop Air 13,Tecnología,Laura Gómez,2,3562000,3,7124000,213720,6910280,2742000,5484000,1426280,20.64,Entregado,PSE,4,1,No,No
ORD-01924,2024-05-14,2024,2024-05,Q2,Orinoquía,Yopal,Marketplace,Emprendedor,Headset Pro,Audio,Sofía Herrera,4,529000,5,2116000,105800,2010200,285000,1140000,870200,43.29,Cancelado,PSE,,,No,Sí
ORD-01925,2024-02-22,2024,2024-02,Q1,Andina,Manizales,Tienda física,Corporativo,Laptop Pro 14,Tecnología,Andrés Moreno,6,4800000,5,28800000,1440000,27360000,3669000,22014000,5346000,19.54,Entregado,Tarjeta débito,5,1,No,No
ORD-01926,2025-12-06,2025,2025-12,Q4,Caribe,Montería,Marketplace,Corporativo,Silla Ergonómica,Mobiliario,Sofía Herrera,1,1559000,0,1559000,0,1559000,901000,901000,658000,42.21,Entregado,Efectivo,5,4,No,No
ORD-01927,2025-12-21,2025,2025-12,Q4,Andina,Manizales,Web,Consumidor,Laptop Pro 14,Tecnología,Ana Torres,1,5268000,0,5268000,0,5268000,3561000,3561000,1707000,32.4,Procesando,Tarjeta crédito,5,5,No,No
ORD-01928,2024-12-24,2024,2024-12,Q4,Andina,Medellín,Web,PyME,Laptop Pro 14,Tecnología,Sofía Herrera,3,5268000,5,15804000,790200,15013800,3664000,10992000,4021800,26.79,Entregado,Efectivo,5,6,No,No
ORD-01929,2024-07-21,2024,2024-07,Q3,Pacífica,Quibdó,Tienda física,Consumidor,Mouse Inalámbrico,Accesorios,Juan Castro,3,180000,0,540000,0,540000,86000,258000,282000,52.22,Cancelado,Tarjeta crédito,,,No,Sí
ORD-01930,2026-05-12,2026,2026-05,Q2,Andina,Pereira,Tienda física,Consumidor,Headset Pro,Audio,Sofía Herrera,1,551000,0,551000,0,551000,274000,274000,277000,50.27,En tránsito,Tarjeta crédito,4,3,No,No
ORD-01931,2026-09-13,2026,2026-09,Q3,Andina,Medellín,Tienda física,Emprendedor,Teclado Mecánico,Accesorios,Carlos Ruiz,2,320000,3,640000,19200,620800,175000,350000,270800,43.62,En tránsito,Tarjeta débito,3,1,No,Sí
ORD-01932,2025-08-11,2025,2025-08,Q3,Amazonía,Florencia,Tienda física,Consumidor,Audífonos Bluetooth,Audio,Sofía Herrera,4,390000,8,1560000,124800,1435200,211000,844000,591200,41.19,En tránsito,PSE,4,2,No,Sí
ORD-01933,2024-11-09,2024,2024-11,Q4,Andina,Bucaramanga,Tienda física,Consumidor,Teclado Mecánico,Accesorios,Sofía Herrera,2,358000,5,716000,35800,680200,179000,358000,322200,47.37,En tránsito,Tarjeta débito,4,6,No,No
ORD-01934,2026-06-06,2026,2026-06,Q2,Pacífica,Cali,Tienda física,Emprendedor,Monitor 27,Tecnología,Ana Torres,3,1325000,10,3975000,397500,3577500,806000,2418000,1159500,32.41,Procesando,PSE,5,6,No,No
ORD-01935,2026-06-03,2026,2026-06,Q2,Andina,Bogotá,Web,PyME,Headset Pro,Audio,Ana Torres,1,540000,3,540000,16200,523800,291000,291000,232800,44.44,En tránsito,Transferencia,5,2,No,No
ORD-01936,2026-03-08,2026,2026-03,Q1,Amazonía,Leticia,Web,Emprendedor,Monitor 27,Tecnología,Carlos Ruiz,3,1225000,15,3675000,551250,3123750,805000,2415000,708750,22.69,Procesando,PSE,4,5,No,No
ORD-01937,2025-10-06,2025,2025-10,Q4,Amazonía,Leticia,Web,PyME,Headset Pro,Audio,Andrés Moreno,2,510000,0,1020000,0,1020000,294000,588000,432000,42.35,En tránsito,PSE,3,5,No,No
ORD-01938,2026-09-19,2026,2026-09,Q3,Pacífica,Cali,Web,Consumidor,Headset Pro,Audio,Sofía Herrera,1,510000,15,510000,76500,433500,296000,296000,137500,31.72,Entregado,Transferencia,5,6,No,No
ORD-01939,2024-06-16,2024,2024-06,Q2,Andina,Pereira,Web,Consumidor,Headset Pro,Audio,Carlos Ruiz,4,540000,10,2160000,216000,1944000,295000,1180000,764000,39.3,Procesando,PSE,4,2,No,Sí
ORD-01940,2025-09-01,2025,2025-09,Q3,Andina,Medellín,Tienda física,Emprendedor,Monitor 27,Tecnología,Ana Torres,6,1250000,10,7500000,750000,6750000,825000,4950000,1800000,26.67,Entregado,Efectivo,1,5,No,No
ORD-01941,2025-08-11,2025,2025-08,Q3,Andina,Bogotá,Web,Emprendedor,Dock USB-C,Accesorios,Juan Castro,2,402000,0,804000,0,804000,245000,490000,314000,39.05,Entregado,PSE,4,1,No,No
ORD-01942,2024-02-23,2024,2024-02,Q1,Pacífica,Pasto,Tienda física,Emprendedor,Monitor 27,Tecnología,Laura Gómez,1,1250000,8,1250000,100000,1150000,836000,836000,314000,27.3,Cancelado,Transferencia,,,No,No
ORD-01943,2025-01-07,2025,2025-01,Q1,Pacífica,Pasto,Web,PyME,Escritorio Ajustable,Mobiliario,Diego Martínez,1,2058000,15,2058000,308700,1749300,1460000,1460000,289300,16.54,En tránsito,Efectivo,5,5,No,No
ORD-01944,2026-03-21,2026,2026-03,Q1,Amazonía,Florencia,Tienda física,PyME,Monitor 27,Tecnología,Andrés Moreno,3,1250000,3,3750000,112500,3637500,825000,2475000,1162500,31.96,Entregado,Tarjeta débito,5,4,No,Sí
ORD-01945,2024-09-11,2024,2024-09,Q3,Caribe,Cartagena,Web,PyME,Laptop Pro 14,Tecnología,Juan Castro,1,4704000,3,4704000,141120,4562880,3708000,3708000,854880,18.74,Entregado,Tarjeta débito,4,5,No,No
ORD-01946,2025-04-14,2025,2025-04,Q2,Andina,Medellín,Web,PyME,Monitor 24,Tecnología,Juan Castro,2,764000,0,1528000,0,1528000,492000,984000,544000,35.6,Entregado,PSE,4,5,No,No
ORD-01947,2025-05-25,2025,2025-05,Q2,Andina,Pereira,Tienda física,Consumidor,Teclado Mecánico,Accesorios,Sofía Herrera,3,339000,3,1017000,30510,986490,171000,513000,473490,48.0,Cancelado,PSE,,,No,No
ORD-01948,2024-03-13,2024,2024-03,Q1,Andina,Pereira,Web,PyME,Monitor 27,Tecnología,Andrés Moreno,2,1225000,0,2450000,0,2450000,814000,1628000,822000,33.55,Procesando,Efectivo,5,2,No,Sí
ORD-01949,2024-04-03,2024,2024-04,Q2,Pacífica,Pasto,Web,PyME,Laptop Pro 14,Tecnología,Andrés Moreno,4,4704000,10,18816000,1881600,16934400,3518000,14072000,2862400,16.9,Entregado,PSE,5,2,No,No
ORD-01950,2026-08-30,2026,2026-08,Q3,Andina,Manizales,Marketplace,Consumidor,Dock USB-C,Accesorios,Carlos Ruiz,1,394000,5,394000,19700,374300,241000,241000,133300,35.61,Entregado,Transferencia,1,1,No,Sí
ORD-01951,2026-05-22,2026,2026-05,Q2,Andina,Pereira,Web,PyME,Headset Pro,Audio,Ana Torres,8,540000,5,4320000,216000,4104000,283000,2264000,1840000,44.83,Entregado,Tarjeta crédito,1,4,No,No
ORD-01952,2025-07-29,2025,2025-07,Q3,Caribe,Valledupar,Marketplace,Consumidor,Mouse Inalámbrico,Accesorios,Laura Gómez,2,173000,5,346000,17300,328700,89000,178000,150700,45.85,Entregado,Efectivo,4,3,No,Sí
ORD-01953,2026-02-22,2026,2026-02,Q1,Caribe,Barranquilla,Web,Corporativo,Laptop Pro 14,Tecnología,Carlos Ruiz,1,4704000,10,4704000,470400,4233600,3668000,3668000,565600,13.36,Entregado,Efectivo,5,2,No,No
ORD-01954,2024-02-09,2024,2024-02,Q1,Andina,Manizales,Web,Emprendedor,Headset Pro,Audio,Juan Castro,8,510000,5,4080000,204000,3876000,277000,2216000,1660000,42.83,Procesando,Tarjeta crédito,4,4,No,No
ORD-01955,2025-12-02,2025,2025-12,Q4,Andina,Manizales,Web,Corporativo,Escritorio Ajustable,Mobiliario,Laura Gómez,2,2305000,0,4610000,0,4610000,1447000,2894000,1716000,37.22,Entregado,Tarjeta crédito,5,3,No,No
ORD-01956,2024-06-08,2024,2024-06,Q2,Pacífica,Buenaventura,Marketplace,Corporativo,Laptop Pro 14,Tecnología,Juan Castro,10,4884000,0,48840000,0,48840000,3645000,36450000,12390000,25.37,Entregado,Transferencia,5,3,No,Sí
ORD-01957,2025-04-22,2025,2025-04,Q2,Caribe,Barranquilla,Web,Corporativo,Silla Ergonómica,Mobiliario,Sofía Herrera,4,1421000,8,5684000,454720,5229280,981000,3924000,1305280,24.96,Procesando,PSE,5,1,No,No
ORD-01958,2025-09-14,2025,2025-09,Q3,Caribe,Montería,Ventas corporativas,Corporativo,Webcam HD,Accesorios,Valentina Rojas,11,251000,3,2761000,82830,2678170,140000,1540000,1138170,42.5,En tránsito,Transferencia,4,1,No,No
ORD-01959,2026-06-08,2026,2026-06,Q2,Caribe,Montería,Web,Corporativo,Laptop Air 13,Tecnología,Carlos Ruiz,2,3636000,5,7272000,363600,6908400,2587000,5174000,1734400,25.11,Procesando,Efectivo,5,5,No,Sí
ORD-01960,2025-10-02,2025,2025-10,Q4,Caribe,Cartagena,Ventas corporativas,PyME,Escritorio Ajustable,Mobiliario,Andrés Moreno,3,1953000,0,5859000,0,5859000,1438000,4314000,1545000,26.37,Entregado,Transferencia,5,2,No,No
ORD-01961,2024-09-04,2024,2024-09,Q3,Andina,Medellín,Web,PyME,Laptop Air 13,Tecnología,Carlos Ruiz,3,3430000,5,10290000,514500,9775500,2650000,7950000,1825500,18.67,Entregado,Tarjeta débito,3,4,No,Sí
ORD-01962,2024-02-28,2024,2024-02,Q1,Andina,Bucaramanga,Web,Corporativo,Teclado Mecánico,Accesorios,Laura Gómez,1,314000,0,314000,0,314000,174000,174000,140000,44.59,Procesando,Efectivo,5,6,No,No
ORD-01963,2025-07-17,2025,2025-07,Q3,Pacífica,Quibdó,Web,Consumidor,Webcam HD,Accesorios,Diego Martínez,2,265000,5,530000,26500,503500,146000,292000,211500,42.01,Entregado,Efectivo,4,8,No,Sí
ORD-01964,2025-11-18,2025,2025-11,Q4,Andina,Bogotá,Web,Consumidor,Escritorio Ajustable,Mobiliario,Sofía Herrera,1,2305000,0,2305000,0,2305000,1407000,1407000,898000,38.96,Entregado,Tarjeta crédito,4,5,No,No
ORD-01965,2025-08-04,2025,2025-08,Q3,Caribe,Montería,Ventas corporativas,PyME,Mouse Inalámbrico,Accesorios,Carlos Ruiz,12,167000,0,2004000,0,2004000,87000,1044000,960000,47.9,Cancelado,Efectivo,,,No,No
ORD-01966,2025-01-21,2025,2025-01,Q1,Andina,Bucaramanga,Tienda física,Corporativo,Monitor 27,Tecnología,Andrés Moreno,2,1250000,5,2500000,125000,2375000,788000,1576000,799000,33.64,Entregado,Transferencia,3,4,No,No
ORD-01967,2026-09-26,2026,2026-09,Q3,Amazonía,Leticia,Web,Emprendedor,Mouse Inalámbrico,Accesorios,Laura Gómez,2,176000,5,352000,17600,334400,82000,164000,170400,50.96,Entregado,PSE,4,3,No,Sí
ORD-01968,2025-02-16,2025,2025-02,Q1,Caribe,Valledupar,Marketplace,Corporativo,Laptop Air 13,Tecnología,Diego Martínez,1,3360000,0,3360000,0,3360000,2633000,2633000,727000,21.64,Entregado,Transferencia,4,1,No,Sí
ORD-01969,2024-05-23,2024,2024-05,Q2,Caribe,Valledupar,Marketplace,Consumidor,Mouse Inalámbrico,Accesorios,Sofía Herrera,5,183000,10,915000,91500,823500,84000,420000,403500,49.0,Entregado,Efectivo,3,2,No,Sí
ORD-01970,2025-07-03,2025,2025-07,Q3,Caribe,Montería,Marketplace,PyME,Monitor 24,Tecnología,Laura Gómez,1,749000,5,749000,37450,711550,513000,513000,198550,27.9,Entregado,Tarjeta débito,4,6,No,No
ORD-01971,2025-01-24,2025,2025-01,Q1,Caribe,Barranquilla,Marketplace,Corporativo,Teclado Mecánico,Accesorios,Carlos Ruiz,3,307000,3,921000,27630,893370,178000,534000,359370,40.23,Entregado,Efectivo,2,5,No,No
ORD-01972,2026-02-01,2026,2026-02,Q1,Andina,Bogotá,Marketplace,Corporativo,Escritorio Ajustable,Mobiliario,Andrés Moreno,3,2016000,10,6048000,604800,5443200,1483000,4449000,994200,18.26,En tránsito,Transferencia,5,3,No,No
ORD-01973,2025-11-16,2025,2025-11,Q4,Pacífica,Pasto,Ventas corporativas,Consumidor,Laptop Air 13,Tecnología,Carlos Ruiz,3,3646000,3,10938000,328140,10609860,2547000,7641000,2968860,27.98,Entregado,PSE,3,2,No,Sí
ORD-01974,2024-12-16,2024,2024-12,Q4,Orinoquía,Arauca,Web,PyME,Audífonos Bluetooth,Audio,Sofía Herrera,2,428000,0,856000,0,856000,215000,430000,426000,49.77,Cancelado,Transferencia,,,No,Sí
ORD-01975,2025-01-04,2025,2025-01,Q1,Andina,Pereira,Web,PyME,Audífonos Bluetooth,Audio,Carlos Ruiz,1,382000,20,382000,76400,305600,205000,205000,100600,32.92,Entregado,PSE,5,3,No,No
ORD-01976,2024-12-28,2024,2024-12,Q4,Pacífica,Popayán,Web,Consumidor,Teclado Mecánico,Accesorios,Sofía Herrera,1,351000,10,351000,35100,315900,176000,176000,139900,44.29,Cancelado,Tarjeta crédito,,,No,No
ORD-01977,2024-10-01,2024,2024-10,Q4,Andina,Medellín,Web,Emprendedor,Webcam HD,Accesorios,Diego Martínez,3,265000,8,795000,63600,731400,153000,459000,272400,37.24,Procesando,Tarjeta débito,4,5,No,No
ORD-01978,2025-12-26,2025,2025-12,Q4,Andina,Pereira,Web,Corporativo,Teclado Mecánico,Accesorios,Diego Martínez,5,351000,5,1755000,87750,1667250,173000,865000,802250,48.12,Entregado,Tarjeta crédito,1,6,No,No
ORD-01979,2025-07-23,2025,2025-07,Q3,Andina,Manizales,Web,Emprendedor,Dock USB-C,Accesorios,Sofía Herrera,3,402000,0,1206000,0,1206000,226000,678000,528000,43.78,Procesando,Transferencia,5,7,No,No
ORD-01980,2024-06-18,2024,2024-06,Q2,Andina,Manizales,Web,Corporativo,Laptop Pro 14,Tecnología,Sofía Herrera,1,4986000,0,4986000,0,4986000,3564000,3564000,1422000,28.52,Procesando,Efectivo,4,1,No,Sí
ORD-01981,2024-03-12,2024,2024-03,Q1,Caribe,Cartagena,Marketplace,PyME,Dock USB-C,Accesorios,Andrés Moreno,1,394000,0,394000,0,394000,247000,247000,147000,37.31,En tránsito,Tarjeta débito,1,1,No,No
ORD-01982,2024-11-16,2024,2024-11,Q4,Caribe,Santa Marta,Web,PyME,Escritorio Ajustable,Mobiliario,Valentina Rojas,1,2305000,20,2305000,461000,1844000,1368000,1368000,476000,25.81,Procesando,Tarjeta crédito,3,5,No,No
ORD-01983,2024-10-11,2024,2024-10,Q4,Caribe,Cartagena,Web,PyME,Laptop Air 13,Tecnología,Diego Martínez,1,3430000,15,3430000,514500,2915500,2707000,2707000,208500,7.15,Entregado,Tarjeta débito,4,4,No,No
ORD-01984,2025-06-15,2025,2025-06,Q2,Andina,Pereira,Web,PyME,Audífonos Bluetooth,Audio,Diego Martínez,4,405000,5,1620000,81000,1539000,216000,864000,675000,43.86,Entregado,PSE,3,4,No,Sí
ORD-01985,2024-01-02,2024,2024-01,Q1,Orinoquía,Villavicencio,Tienda física,PyME,Teclado Mecánico,Accesorios,Valentina Rojas,4,320000,8,1280000,102400,1177600,175000,700000,477600,40.56,En tránsito,Tarjeta crédito,5,3,No,No
ORD-01986,2025-09-20,2025,2025-09,Q3,Caribe,Montería,Web,Emprendedor,Monitor 24,Tecnología,Ana Torres,2,764000,20,1528000,305600,1222400,534000,1068000,154400,12.63,En tránsito,Tarjeta débito,5,6,No,No
ORD-01987,2026-04-11,2026,2026-04,Q2,Caribe,Santa Marta,Web,Corporativo,Silla Ergonómica,Mobiliario,Andrés Moreno,2,1421000,8,2842000,227360,2614640,971000,1942000,672640,25.73,Entregado,Tarjeta crédito,5,6,No,Sí
ORD-01988,2024-03-21,2024,2024-03,Q1,Amazonía,Leticia,Tienda física,Corporativo,Teclado Mecánico,Accesorios,Carlos Ruiz,4,320000,15,1280000,192000,1088000,176000,704000,384000,35.29,Procesando,Transferencia,4,5,No,No
ORD-01989,2026-04-24,2026,2026-04,Q2,Andina,Pereira,Web,Emprendedor,Monitor 27,Tecnología,Diego Martínez,4,1225000,5,4900000,245000,4655000,815000,3260000,1395000,29.97,En tránsito,PSE,5,4,No,No
ORD-01990,2025-02-06,2025,2025-02,Q1,Andina,Medellín,Tienda física,Consumidor,Escritorio Ajustable,Mobiliario,Juan Castro,3,2100000,0,6300000,0,6300000,1496000,4488000,1812000,28.76,Cancelado,PSE,,,No,No
ORD-01991,2026-05-17,2026,2026-05,Q2,Orinoquía,Arauca,Web,Consumidor,Audífonos Bluetooth,Audio,Juan Castro,3,405000,5,1215000,60750,1154250,214000,642000,512250,44.38,Entregado,PSE,5,2,No,Sí
ORD-01992,2026-05-03,2026,2026-05,Q2,Pacífica,Cali,Web,Consumidor,Mouse Inalámbrico,Accesorios,Carlos Ruiz,8,187000,5,1496000,74800,1421200,82000,656000,765200,53.84,Entregado,Tarjeta crédito,5,6,No,Sí
ORD-01993,2024-11-30,2024,2024-11,Q4,Caribe,Montería,Marketplace,Emprendedor,Laptop Air 13,Tecnología,Carlos Ruiz,2,3763000,5,7526000,376300,7149700,2701000,5402000,1747700,24.44,Cancelado,Tarjeta débito,,,No,No
ORD-01994,2026-05-25,2026,2026-05,Q2,Andina,Bogotá,Marketplace,Emprendedor,Headset Pro,Audio,Valentina Rojas,2,529000,8,1058000,84640,973360,279000,558000,415360,42.67,Entregado,Transferencia,4,3,No,Sí
ORD-01995,2025-11-21,2025,2025-11,Q4,Orinoquía,Villavicencio,Web,PyME,Laptop Pro 14,Tecnología,Valentina Rojas,1,5268000,0,5268000,0,5268000,3648000,3648000,1620000,30.75,En tránsito,PSE,5,4,No,No
ORD-01996,2026-01-12,2026,2026-01,Q1,Andina,Pereira,Web,Corporativo,Monitor 27,Tecnología,Sofía Herrera,1,1225000,20,1225000,245000,980000,832000,832000,148000,15.1,Entregado,Tarjeta crédito,4,7,Sí,No
ORD-01997,2024-03-05,2024,2024-03,Q1,Caribe,Cartagena,Web,Corporativo,Laptop Pro 14,Tecnología,Diego Martínez,2,4704000,10,9408000,940800,8467200,3653000,7306000,1161200,13.71,En tránsito,PSE,5,6,No,No
ORD-01998,2025-09-16,2025,2025-09,Q3,Caribe,Montería,Tienda física,Emprendedor,Webcam HD,Accesorios,Juan Castro,1,270000,3,270000,8100,261900,142000,142000,119900,45.78,Procesando,Tarjeta débito,5,3,No,No
ORD-01999,2025-06-30,2025,2025-06,Q2,Andina,Manizales,Ventas corporativas,Emprendedor,Webcam HD,Accesorios,Ana Torres,16,266000,3,4256000,127680,4128320,148000,2368000,1760320,42.64,Procesando,Tarjeta débito,5,1,No,No
ORD-02000,2026-07-17,2026,2026-07,Q3,Caribe,Santa Marta,Web,Emprendedor,Teclado Mecánico,Accesorios,Valentina Rojas,2,314000,10,628000,62800,565200,172000,344000,221200,39.14,Cancelado,Efectivo,,,No,Sí
ORD-02001,2026-09-22,2026,2026-09,Q3,Orinoquía,Villavicencio,Marketplace,Corporativo,Teclado Mecánico,Accesorios,Juan Castro,1,307000,0,307000,0,307000,173000,173000,134000,43.65,Procesando,PSE,5,5,No,No
ORD-02002,2025-08-31,2025,2025-08,Q3,Pacífica,Cali,Ventas corporativas,Consumidor,Headset Pro,Audio,Carlos Ruiz,7,484000,10,3388000,338800,3049200,289000,2023000,1026200,33.65,Procesando,Tarjeta débito,2,4,No,Sí
ORD-02003,2026-01-17,2026,2026-01,Q1,Andina,Manizales,Tienda física,Corporativo,Monitor 24,Tecnología,Sofía Herrera,1,780000,0,780000,0,780000,527000,527000,253000,32.44,En tránsito,Tarjeta crédito,4,4,No,No
ORD-02004,2024-01-07,2024,2024-01,Q1,Andina,Bucaramanga,Marketplace,Consumidor,Mouse Inalámbrico,Accesorios,Diego Martínez,3,173000,15,519000,77850,441150,86000,258000,183150,41.52,Entregado,Efectivo,5,3,No,No
ORD-02005,2026-09-27,2026,2026-09,Q3,Caribe,Valledupar,Marketplace,Emprendedor,Mouse Inalámbrico,Accesorios,Valentina Rojas,1,173000,20,173000,34600,138400,89000,89000,49400,35.69,Entregado,Transferencia,4,4,No,Sí
ORD-02006,2025-12-28,2025,2025-12,Q4,Caribe,Cartagena,Web,Consumidor,Mouse Inalámbrico,Accesorios,Ana Torres,3,198000,10,594000,59400,534600,82000,246000,288600,53.98,Entregado,Tarjeta débito,5,5,No,Sí
ORD-02007,2026-03-26,2026,2026-03,Q1,Andina,Bogotá,Web,PyME,Mouse Inalámbrico,Accesorios,Andrés Moreno,1,176000,10,176000,17600,158400,86000,86000,72400,45.71,Entregado,Tarjeta débito,3,4,No,No
ORD-02008,2026-05-08,2026,2026-05,Q2,Orinoquía,Villavicencio,Ventas corporativas,Corporativo,Laptop Pro 14,Tecnología,Valentina Rojas,18,4732000,5,85176000,4258800,80917200,3438000,61884000,19033200,23.52,Cancelado,PSE,,,No,No
ORD-02009,2024-10-24,2024,2024-10,Q4,Caribe,Cartagena,Web,Corporativo,Monitor 27,Tecnología,Carlos Ruiz,1,1225000,0,1225000,0,1225000,824000,824000,401000,32.73,Entregado,Transferencia,3,7,No,No
ORD-02010,2024-06-13,2024,2024-06,Q2,Caribe,Montería,Tienda física,Corporativo,Monitor 24,Tecnología,Carlos Ruiz,2,827000,0,1654000,0,1654000,527000,1054000,600000,36.28,Entregado,Tarjeta crédito,3,3,No,No
ORD-02011,2025-09-25,2025,2025-09,Q3,Andina,Pereira,Marketplace,Consumidor,Teclado Mecánico,Accesorios,Ana Torres,1,307000,15,307000,46050,260950,172000,172000,88950,34.09,Entregado,Tarjeta débito,4,3,Sí,Sí
ORD-02012,2024-02-09,2024,2024-02,Q1,Andina,Pereira,Web,PyME,Monitor 24,Tecnología,Andrés Moreno,6,764000,8,4584000,366720,4217280,524000,3144000,1073280,25.45,Cancelado,PSE,,,No,No
ORD-02013,2025-08-11,2025,2025-08,Q3,Andina,Manizales,Web,Consumidor,Escritorio Ajustable,Mobiliario,Valentina Rojas,8,2058000,0,16464000,0,16464000,1449000,11592000,4872000,29.59,En tránsito,Efectivo,5,5,No,No
ORD-02014,2025-07-25,2025,2025-07,Q3,Caribe,Santa Marta,Web,PyME,Laptop Pro 14,Tecnología,Valentina Rojas,5,4704000,3,23520000,705600,22814400,3507000,17535000,5279400,23.14,Entregado,PSE,1,6,No,No
ORD-02015,2024-01-05,2024,2024-01,Q1,Andina,Pereira,Web,Emprendedor,Teclado Mecánico,Accesorios,Andrés Moreno,4,314000,5,1256000,62800,1193200,170000,680000,513200,43.01,Cancelado,Transferencia,,,No,Sí
ORD-02016,2025-08-17,2025,2025-08,Q3,Amazonía,Mocoa,Tienda física,Emprendedor,Monitor 27,Tecnología,Valentina Rojas,3,1250000,3,3750000,112500,3637500,797000,2391000,1246500,34.27,Entregado,Tarjeta crédito,1,1,No,No
ORD-02017,2026-03-02,2026,2026-03,Q1,Andina,Bucaramanga,Marketplace,Consumidor,Monitor 27,Tecnología,Juan Castro,2,1200000,8,2400000,192000,2208000,844000,1688000,520000,23.55,Entregado,Efectivo,5,1,No,No
ORD-02018,2024-07-16,2024,2024-07,Q3,Amazonía,Mocoa,Tienda física,Consumidor,Webcam HD,Accesorios,Sofía Herrera,1,270000,15,270000,40500,229500,150000,150000,79500,34.64,Cancelado,Transferencia,,,No,No
ORD-02019,2024-06-27,2024,2024-06,Q2,Orinoquía,Arauca,Web,Consumidor,Headset Pro,Audio,Andrés Moreno,2,540000,10,1080000,108000,972000,276000,552000,420000,43.21,Entregado,Transferencia,5,3,No,No
ORD-02020,2025-07-19,2025,2025-07,Q3,Caribe,Montería,Web,Corporativo,Laptop Pro 14,Tecnología,Laura Gómez,10,4704000,3,47040000,1411200,45628800,3617000,36170000,9458800,20.73,Entregado,Efectivo,5,7,Sí,No
ORD-02021,2026-05-06,2026,2026-05,Q2,Caribe,Barranquilla,Marketplace,Consumidor,Teclado Mecánico,Accesorios,Ana Torres,1,326000,8,326000,26080,299920,184000,184000,115920,38.65,Entregado,Tarjeta crédito,4,3,No,No
ORD-02022,2026-03-23,2026,2026-03,Q1,Andina,Manizales,Web,Consumidor,Webcam HD,Accesorios,Diego Martínez,2,265000,8,530000,42400,487600,152000,304000,183600,37.65,Entregado,Tarjeta crédito,5,3,No,No
ORD-02023,2026-02-15,2026,2026-02,Q1,Andina,Manizales,Tienda física,Corporativo,Monitor 27,Tecnología,Andrés Moreno,1,1250000,10,1250000,125000,1125000,843000,843000,282000,25.07,Entregado,Tarjeta crédito,1,1,No,No
ORD-02024,2024-04-21,2024,2024-04,Q2,Orinoquía,Arauca,Web,PyME,Monitor 27,Tecnología,Diego Martínez,4,1225000,0,4900000,0,4900000,845000,3380000,1520000,31.02,Procesando,PSE,5,3,No,No
ORD-02025,2025-11-28,2025,2025-11,Q4,Pacífica,Buenaventura,Tienda física,PyME,Headset Pro,Audio,Carlos Ruiz,3,582000,5,1746000,87300,1658700,291000,873000,785700,47.37,Entregado,Tarjeta débito,5,1,Sí,No
ORD-02026,2025-08-08,2025,2025-08,Q3,Caribe,Montería,Ventas corporativas,Consumidor,Escritorio Ajustable,Mobiliario,Diego Martínez,9,1953000,5,17577000,878850,16698150,1453000,13077000,3621150,21.69,Entregado,Tarjeta débito,5,3,No,No
ORD-02027,2025-05-12,2025,2025-05,Q2,Pacífica,Quibdó,Web,PyME,Headset Pro,Audio,Sofía Herrera,5,540000,5,2700000,135000,2565000,295000,1475000,1090000,42.5,Procesando,Tarjeta débito,5,2,No,No
ORD-02028,2025-04-23,2025,2025-04,Q2,Andina,Medellín,Marketplace,Emprendedor,Laptop Pro 14,Tecnología,Sofía Herrera,6,4608000,0,27648000,0,27648000,3409000,20454000,7194000,26.02,Entregado,PSE,4,3,No,No
ORD-02029,2025-12-01,2025,2025-12,Q4,Orinoquía,Arauca,Ventas corporativas,PyME,Teclado Mecánico,Accesorios,Juan Castro,4,333000,10,1332000,133200,1198800,169000,676000,522800,43.61,En tránsito,PSE,5,5,No,No
ORD-02030,2024-10-31,2024,2024-10,Q4,Pacífica,Pasto,Web,Corporativo,Escritorio Ajustable,Mobiliario,Juan Castro,2,2058000,15,4116000,617400,3498600,1467000,2934000,564600,16.14,Entregado,Efectivo,5,2,No,No
ORD-02031,2025-04-18,2025,2025-04,Q2,Pacífica,Quibdó,Web,Corporativo,Dock USB-C,Accesorios,Valentina Rojas,5,402000,5,2010000,100500,1909500,243000,1215000,694500,36.37,Cancelado,Efectivo,,,No,Sí
ORD-02032,2025-05-03,2025,2025-05,Q2,Caribe,Cartagena,Marketplace,Corporativo,Teclado Mecánico,Accesorios,Valentina Rojas,2,326000,15,652000,97800,554200,172000,344000,210200,37.93,En tránsito,Tarjeta crédito,5,5,No,No
ORD-02033,2025-12-03,2025,2025-12,Q4,Caribe,Cartagena,Marketplace,PyME,Mouse Inalámbrico,Accesorios,Juan Castro,3,194000,0,582000,0,582000,86000,258000,324000,55.67,Entregado,PSE,3,5,No,Sí
ORD-02034,2026-07-14,2026,2026-07,Q3,Andina,Pereira,Tienda física,Consumidor,Escritorio Ajustable,Mobiliario,Valentina Rojas,1,2100000,5,2100000,105000,1995000,1460000,1460000,535000,26.82,Entregado,PSE,4,4,No,Sí
ORD-02035,2025-04-14,2025,2025-04,Q2,Andina,Bucaramanga,Web,PyME,Laptop Air 13,Tecnología,Andrés Moreno,2,3430000,3,6860000,205800,6654200,2675000,5350000,1304200,19.6,Entregado,Tarjeta crédito,3,1,No,Sí
ORD-02036,2026-03-22,2026,2026-03,Q1,Caribe,Barranquilla,Web,PyME,Escritorio Ajustable,Mobiliario,Diego Martínez,2,2058000,5,4116000,205800,3910200,1462000,2924000,986200,25.22,Entregado,Transferencia,3,5,No,No
ORD-02037,2024-09-28,2024,2024-09,Q3,Orinoquía,Yopal,Web,Emprendedor,Escritorio Ajustable,Mobiliario,Carlos Ruiz,2,2058000,5,4116000,205800,3910200,1472000,2944000,966200,24.71,Entregado,Tarjeta débito,4,5,No,No
ORD-02038,2026-01-19,2026,2026-01,Q1,Pacífica,Cali,Web,Emprendedor,Dock USB-C,Accesorios,Laura Gómez,2,402000,5,804000,40200,763800,247000,494000,269800,35.32,Entregado,PSE,5,3,No,No
ORD-02039,2024-10-17,2024,2024-10,Q4,Andina,Bucaramanga,Marketplace,Consumidor,Monitor 24,Tecnología,Diego Martínez,8,749000,5,5992000,299600,5692400,506000,4048000,1644400,28.89,Entregado,PSE,2,3,No,No
ORD-02040,2025-05-26,2025,2025-05,Q2,Caribe,Valledupar,Marketplace,PyME,Escritorio Ajustable,Mobiliario,Valentina Rojas,2,2137000,10,4274000,427400,3846600,1396000,2792000,1054600,27.42,Entregado,Tarjeta crédito,5,4,No,Sí
ORD-02041,2024-07-01,2024,2024-07,Q3,Pacífica,Buenaventura,Tienda física,Emprendedor,Dock USB-C,Accesorios,Ana Torres,4,410000,20,1640000,328000,1312000,245000,980000,332000,25.3,En tránsito,Tarjeta débito,5,6,No,Sí
ORD-02042,2025-07-31,2025,2025-07,Q3,Caribe,Santa Marta,Web,Consumidor,Headset Pro,Audio,Andrés Moreno,1,510000,10,510000,51000,459000,275000,275000,184000,40.09,Cancelado,Tarjeta crédito,,,No,No
ORD-02043,2024-03-09,2024,2024-03,Q1,Amazonía,Mocoa,Web,Consumidor,Laptop Air 13,Tecnología,Valentina Rojas,1,3430000,8,3430000,274400,3155600,2550000,2550000,605600,19.19,Entregado,Tarjeta débito,4,1,No,No
ORD-02044,2025-07-18,2025,2025-07,Q3,Caribe,Cartagena,Marketplace,Emprendedor,Headset Pro,Audio,Valentina Rojas,3,499000,8,1497000,119760,1377240,298000,894000,483240,35.09,Cancelado,Efectivo,,,No,Sí
ORD-02045,2024-01-03,2024,2024-01,Q1,Pacífica,Buenaventura,Tienda física,PyME,Laptop Pro 14,Tecnología,Diego Martínez,1,4800000,15,4800000,720000,4080000,3423000,3423000,657000,16.1,Entregado,Transferencia,3,1,No,No
ORD-02046,2024-10-13,2024,2024-10,Q4,Andina,Bogotá,Web,PyME,Mouse Inalámbrico,Accesorios,Diego Martínez,3,176000,5,528000,26400,501600,86000,258000,243600,48.56,En tránsito,Tarjeta débito,5,8,No,Sí
ORD-02047,2025-11-07,2025,2025-11,Q4,Caribe,Barranquilla,Ventas corporativas,Corporativo,Laptop Air 13,Tecnología,Juan Castro,16,3646000,5,58336000,2916800,55419200,2730000,43680000,11739200,21.18,Entregado,Tarjeta débito,4,1,No,No
ORD-02048,2024-10-04,2024,2024-10,Q4,Caribe,Barranquilla,Web,Corporativo,Escritorio Ajustable,Mobiliario,Juan Castro,3,2058000,0,6174000,0,6174000,1424000,4272000,1902000,30.81,Entregado,Transferencia,5,4,No,Sí
ORD-02049,2025-07-17,2025,2025-07,Q3,Caribe,Santa Marta,Tienda física,Emprendedor,Webcam HD,Accesorios,Sofía Herrera,6,270000,3,1620000,48600,1571400,146000,876000,695400,44.25,Cancelado,Transferencia,,,No,No
ORD-02050,2025-04-24,2025,2025-04,Q2,Caribe,Barranquilla,Web,Corporativo,Dock USB-C,Accesorios,Ana Torres,6,402000,5,2412000,120600,2291400,240000,1440000,851400,37.16,Entregado,Efectivo,3,8,No,No
ORD-02051,2024-05-30,2024,2024-05,Q2,Orinoquía,Arauca,Web,Consumidor,Audífonos Bluetooth,Audio,Laura Gómez,3,405000,5,1215000,60750,1154250,199000,597000,557250,48.28,Entregado,PSE,4,2,Sí,No
ORD-02052,2026-01-04,2026,2026-01,Q1,Andina,Pereira,Marketplace,Corporativo,Laptop Pro 14,Tecnología,Juan Castro,1,4608000,10,4608000,460800,4147200,3636000,3636000,511200,12.33,En tránsito,Tarjeta crédito,4,3,No,Sí
ORD-02053,2025-08-19,2025,2025-08,Q3,Caribe,Barranquilla,Marketplace,Consumidor,Monitor 27,Tecnología,Carlos Ruiz,10,1200000,0,12000000,0,12000000,843000,8430000,3570000,29.75,Entregado,Efectivo,5,3,No,No
ORD-02054,2026-09-27,2026,2026-09,Q3,Caribe,Santa Marta,Web,Emprendedor,Silla Ergonómica,Mobiliario,Andrés Moreno,2,1421000,15,2842000,426300,2415700,904000,1808000,607700,25.16,Entregado,Tarjeta crédito,5,8,No,No
ORD-02055,2024-02-10,2024,2024-02,Q1,Caribe,Barranquilla,Ventas corporativas,Emprendedor,Audífonos Bluetooth,Audio,Andrés Moreno,8,363000,0,2904000,0,2904000,201000,1608000,1296000,44.63,En tránsito,Tarjeta débito,5,1,No,No
ORD-02056,2024-10-27,2024,2024-10,Q4,Andina,Bogotá,Ventas corporativas,PyME,Mouse Inalámbrico,Accesorios,Juan Castro,16,167000,15,2672000,400800,2271200,82000,1312000,959200,42.23,En tránsito,Tarjeta crédito,2,2,No,No
ORD-02057,2024-01-13,2024,2024-01,Q1,Andina,Medellín,Marketplace,PyME,Mouse Inalámbrico,Accesorios,Ana Torres,3,173000,0,519000,0,519000,88000,264000,255000,49.13,Cancelado,Tarjeta crédito,,,No,Sí
ORD-02058,2025-11-21,2025,2025-11,Q4,Andina,Manizales,Ventas corporativas,Emprendedor,Mouse Inalámbrico,Accesorios,Juan Castro,14,187000,3,2618000,78540,2539460,86000,1204000,1335460,52.59,Cancelado,Tarjeta débito,,,No,No
ORD-02059,2025-03-08,2025,2025-03,Q1,Andina,Manizales,Web,Emprendedor,Audífonos Bluetooth,Audio,Sofía Herrera,5,382000,0,1910000,0,1910000,200000,1000000,910000,47.64,Cancelado,Tarjeta débito,,,No,Sí
ORD-02060,2024-03-26,2024,2024-03,Q1,Andina,Bogotá,Marketplace,Consumidor,Mouse Inalámbrico,Accesorios,Carlos Ruiz,1,173000,3,173000,5190,167810,90000,90000,77810,46.37,Cancelado,Tarjeta débito,,,No,Sí
ORD-02061,2026-08-17,2026,2026-08,Q3,Pacífica,Quibdó,Ventas corporativas,Emprendedor,Monitor 24,Tecnología,Valentina Rojas,14,725000,10,10150000,1015000,9135000,529000,7406000,1729000,18.93,Cancelado,Efectivo,,,No,Sí
ORD-02062,2025-11-23,2025,2025-11,Q4,Orinoquía,Villavicencio,Web,Emprendedor,Silla Ergonómica,Mobiliario,Carlos Ruiz,2,1592000,0,3184000,0,3184000,967000,1934000,1250000,39.26,Entregado,PSE,2,3,No,Sí
ORD-02063,2025-09-18,2025,2025-09,Q3,Andina,Bogotá,Ventas corporativas,PyME,Monitor 24,Tecnología,Laura Gómez,19,725000,5,13775000,688750,13086250,504000,9576000,3510250,26.82,Entregado,Efectivo,4,4,No,No
ORD-02064,2025-07-25,2025,2025-07,Q3,Caribe,Cartagena,Web,Consumidor,Teclado Mecánico,Accesorios,Juan Castro,1,314000,0,314000,0,314000,176000,176000,138000,43.95,Procesando,Tarjeta crédito,3,5,No,No
ORD-02065,2024-09-13,2024,2024-09,Q3,Andina,Manizales,Tienda física,Emprendedor,Silla Ergonómica,Mobiliario,Carlos Ruiz,3,1450000,10,4350000,435000,3915000,948000,2844000,1071000,27.36,Entregado,Efectivo,4,3,No,No
ORD-02066,2024-02-23,2024,2024-02,Q1,Pacífica,Popayán,Marketplace,Corporativo,Audífonos Bluetooth,Audio,Ana Torres,3,374000,8,1122000,89760,1032240,214000,642000,390240,37.81,Entregado,PSE,2,5,No,No
ORD-02067,2026-08-29,2026,2026-08,Q3,Caribe,Cartagena,Web,Consumidor,Laptop Pro 14,Tecnología,Andrés Moreno,2,4704000,5,9408000,470400,8937600,3466000,6932000,2005600,22.44,Procesando,Efectivo,4,6,No,No
ORD-02068,2026-01-05,2026,2026-01,Q1,Caribe,Barranquilla,Tienda física,PyME,Teclado Mecánico,Accesorios,Andrés Moreno,3,320000,8,960000,76800,883200,177000,531000,352200,39.88,En tránsito,Tarjeta crédito,4,4,No,No
ORD-02069,2025-07-14,2025,2025-07,Q3,Orinoquía,Arauca,Ventas corporativas,Consumidor,Webcam HD,Accesorios,Juan Castro,8,251000,3,2008000,60240,1947760,140000,1120000,827760,42.5,Entregado,Tarjeta débito,4,3,No,No
ORD-02070,2026-07-07,2026,2026-07,Q3,Andina,Manizales,Tienda física,PyME,Dock USB-C,Accesorios,Sofía Herrera,2,410000,8,820000,65600,754400,236000,472000,282400,37.43,Procesando,Transferencia,4,5,No,No
ORD-02071,2026-09-16,2026,2026-09,Q3,Andina,Bucaramanga,Web,Consumidor,Laptop Pro 14,Tecnología,Valentina Rojas,3,4704000,20,14112000,2822400,11289600,3664000,10992000,297600,2.64,Procesando,Tarjeta crédito,5,4,No,No
ORD-02072,2026-09-12,2026,2026-09,Q3,Caribe,Cartagena,Tienda física,PyME,Audífonos Bluetooth,Audio,Sofía Herrera,3,390000,0,1170000,0,1170000,211000,633000,537000,45.9,Entregado,Efectivo,5,3,No,Sí
ORD-02073,2024-10-28,2024,2024-10,Q4,Caribe,Cartagena,Marketplace,Consumidor,Dock USB-C,Accesorios,Ana Torres,3,394000,5,1182000,59100,1122900,247000,741000,381900,34.01,Entregado,Tarjeta débito,4,3,No,No
ORD-02074,2024-09-02,2024,2024-09,Q3,Orinoquía,Villavicencio,Web,Corporativo,Webcam HD,Accesorios,Sofía Herrera,2,265000,8,530000,42400,487600,147000,294000,193600,39.7,Entregado,Tarjeta débito,3,7,No,Sí
ORD-02075,2024-08-06,2024,2024-08,Q3,Pacífica,Buenaventura,Marketplace,PyME,Headset Pro,Audio,Sofía Herrera,6,499000,0,2994000,0,2994000,285000,1710000,1284000,42.89,Cancelado,Transferencia,,,No,No
ORD-02076,2024-12-26,2024,2024-12,Q4,Andina,Bogotá,Web,Emprendedor,Laptop Air 13,Tecnología,Andrés Moreno,1,3842000,5,3842000,192100,3649900,2500000,2500000,1149900,31.5,Procesando,Efectivo,5,5,No,No
ORD-02077,2024-02-18,2024,2024-02,Q1,Orinoquía,Yopal,Web,Consumidor,Laptop Air 13,Tecnología,Carlos Ruiz,6,3430000,5,20580000,1029000,19551000,2720000,16320000,3231000,16.53,Entregado,Efectivo,4,3,No,No
ORD-02078,2024-06-18,2024,2024-06,Q2,Caribe,Valledupar,Tienda física,Corporativo,Headset Pro,Audio,Valentina Rojas,2,551000,0,1102000,0,1102000,278000,556000,546000,49.55,Cancelado,Transferencia,,,No,No
ORD-02079,2026-07-22,2026,2026-07,Q3,Orinoquía,Arauca,Web,Consumidor,Teclado Mecánico,Accesorios,Sofía Herrera,8,314000,8,2512000,200960,2311040,181000,1448000,863040,37.34,Entregado,Transferencia,5,6,No,No
ORD-02080,2024-12-02,2024,2024-12,Q4,Andina,Medellín,Marketplace,Consumidor,Laptop Air 13,Tecnología,Ana Torres,5,3763000,0,18815000,0,18815000,2656000,13280000,5535000,29.42,Procesando,Tarjeta débito,5,1,No,No
ORD-02081,2026-07-28,2026,2026-07,Q3,Andina,Manizales,Tienda física,Corporativo,Dock USB-C,Accesorios,Valentina Rojas,10,410000,0,4100000,0,4100000,236000,2360000,1740000,42.44,Cancelado,Tarjeta débito,,,No,No
ORD-02082,2025-07-08,2025,2025-07,Q3,Pacífica,Pasto,Tienda física,PyME,Monitor 27,Tecnología,Laura Gómez,2,1250000,10,2500000,250000,2250000,868000,1736000,514000,22.84,Cancelado,Efectivo,,,No,No
ORD-02083,2025-05-09,2025,2025-05,Q2,Caribe,Cartagena,Tienda física,Emprendedor,Teclado Mecánico,Accesorios,Diego Martínez,1,339000,10,339000,33900,305100,175000,175000,130100,42.64,Cancelado,PSE,,,No,No
ORD-02084,2024-12-21,2024,2024-12,Q4,Pacífica,Pasto,Web,Corporativo,Webcam HD,Accesorios,Laura Gómez,6,296000,0,1776000,0,1776000,153000,918000,858000,48.31,Entregado,Tarjeta crédito,5,5,No,Sí
ORD-02085,2024-08-06,2024,2024-08,Q3,Andina,Bucaramanga,Tienda física,Consumidor,Audífonos Bluetooth,Audio,Andrés Moreno,1,390000,15,390000,58500,331500,213000,213000,118500,35.75,Entregado,Tarjeta crédito,5,5,No,No
ORD-02086,2024-06-16,2024,2024-06,Q2,Pacífica,Cali,Ventas corporativas,Emprendedor,Audífonos Bluetooth,Audio,Diego Martínez,8,384000,3,3072000,92160,2979840,205000,1640000,1339840,44.96,Procesando,Efectivo,5,5,No,No
ORD-02087,2026-07-02,2026,2026-07,Q3,Orinoquía,Yopal,Web,Corporativo,Headset Pro,Audio,Sofía Herrera,1,510000,5,510000,25500,484500,301000,301000,183500,37.87,Procesando,Transferencia,5,7,No,No
ORD-02088,2025-04-16,2025,2025-04,Q2,Andina,Manizales,Web,Consumidor,Mouse Inalámbrico,Accesorios,Sofía Herrera,1,176000,20,176000,35200,140800,84000,84000,56800,40.34,Cancelado,Transferencia,,,No,No
ORD-02089,2024-08-21,2024,2024-08,Q3,Andina,Medellín,Marketplace,Emprendedor,Escritorio Ajustable,Mobiliario,Laura Gómez,10,2016000,0,20160000,0,20160000,1440000,14400000,5760000,28.57,Entregado,Tarjeta crédito,4,5,No,No
ORD-02090,2025-03-09,2025,2025-03,Q1,Orinoquía,Villavicencio,Tienda física,Emprendedor,Headset Pro,Audio,Juan Castro,8,520000,8,4160000,332800,3827200,290000,2320000,1507200,39.38,Entregado,Tarjeta débito,4,5,No,Sí
ORD-02091,2024-05-11,2024,2024-05,Q2,Amazonía,Leticia,Ventas corporativas,Consumidor,Monitor 24,Tecnología,Andrés Moreno,16,769000,0,12304000,0,12304000,496000,7936000,4368000,35.5,Cancelado,Tarjeta crédito,,,No,No
ORD-02092,2025-01-19,2025,2025-01,Q1,Andina,Medellín,Web,PyME,Monitor 24,Tecnología,Laura Gómez,3,764000,0,2292000,0,2292000,535000,1605000,687000,29.97,Procesando,Tarjeta crédito,5,5,No,No
ORD-02093,2024-08-11,2024,2024-08,Q3,Andina,Bucaramanga,Web,Corporativo,Monitor 24,Tecnología,Valentina Rojas,2,764000,0,1528000,0,1528000,523000,1046000,482000,31.54,En tránsito,PSE,3,4,No,No
ORD-02094,2025-11-06,2025,2025-11,Q4,Caribe,Montería,Ventas corporativas,Emprendedor,Audífonos Bluetooth,Audio,Juan Castro,9,406000,5,3654000,182700,3471300,207000,1863000,1608300,46.33,Procesando,Tarjeta crédito,4,3,No,No
ORD-02095,2024-11-27,2024,2024-11,Q4,Orinoquía,Villavicencio,Tienda física,Consumidor,Audífonos Bluetooth,Audio,Diego Martínez,1,437000,10,437000,43700,393300,199000,199000,194300,49.4,Entregado,Efectivo,4,6,No,No
ORD-02096,2024-06-13,2024,2024-06,Q2,Pacífica,Buenaventura,Ventas corporativas,Consumidor,Audífonos Bluetooth,Audio,Ana Torres,10,384000,10,3840000,384000,3456000,198000,1980000,1476000,42.71,En tránsito,Tarjeta crédito,5,1,No,No
ORD-02097,2024-11-16,2024,2024-11,Q4,Andina,Bogotá,Tienda física,Consumidor,Escritorio Ajustable,Mobiliario,Laura Gómez,1,2352000,3,2352000,70560,2281440,1492000,1492000,789440,34.6,En tránsito,Tarjeta débito,4,3,No,No
ORD-02098,2025-01-29,2025,2025-01,Q1,Pacífica,Pasto,Web,Emprendedor,Webcam HD,Accesorios,Diego Martínez,2,265000,10,530000,53000,477000,141000,282000,195000,40.88,Entregado,Tarjeta débito,5,5,No,No
ORD-02099,2024-04-03,2024,2024-04,Q2,Pacífica,Pasto,Web,PyME,Teclado Mecánico,Accesorios,Sofía Herrera,4,314000,8,1256000,100480,1155520,185000,740000,415520,35.96,En tránsito,Tarjeta crédito,4,2,No,Sí
ORD-02100,2026-01-03,2026,2026-01,Q1,Andina,Pereira,Web,PyME,Laptop Pro 14,Tecnología,Andrés Moreno,5,4704000,0,23520000,0,23520000,3578000,17890000,5630000,23.94,Entregado,Efectivo,3,2,No,No
ORD-02101,2024-03-31,2024,2024-03,Q1,Andina,Medellín,Web,Consumidor,Monitor 27,Tecnología,Diego Martínez,2,1225000,0,2450000,0,2450000,861000,1722000,728000,29.71,Entregado,PSE,5,5,No,No
ORD-02102,2025-12-28,2025,2025-12,Q4,Andina,Bogotá,Web,Corporativo,Monitor 24,Tecnología,Ana Torres,4,856000,8,3424000,273920,3150080,525000,2100000,1050080,33.34,En tránsito,Transferencia,4,6,No,Sí
ORD-02103,2026-04-19,2026,2026-04,Q2,Andina,Bogotá,Web,Consumidor,Monitor 27,Tecnología,Laura Gómez,1,1225000,0,1225000,0,1225000,844000,844000,381000,31.1,Entregado,Tarjeta débito,5,6,No,No
ORD-02104,2026-08-31,2026,2026-08,Q3,Caribe,Valledupar,Tienda física,PyME,Silla Ergonómica,Mobiliario,Carlos Ruiz,4,1450000,8,5800000,464000,5336000,956000,3824000,1512000,28.34,Entregado,Efectivo,3,4,No,No
ORD-02105,2024-02-06,2024,2024-02,Q1,Caribe,Barranquilla,Web,PyME,Headset Pro,Audio,Andrés Moreno,2,510000,20,1020000,204000,816000,294000,588000,228000,27.94,Cancelado,Tarjeta débito,,,No,Sí
ORD-02106,2025-03-17,2025,2025-03,Q1,Orinoquía,Arauca,Tienda física,Consumidor,Dock USB-C,Accesorios,Andrés Moreno,10,410000,20,4100000,820000,3280000,242000,2420000,860000,26.22,Cancelado,Tarjeta crédito,,,No,Sí
ORD-02107,2025-11-01,2025,2025-11,Q4,Andina,Pereira,Web,PyME,Escritorio Ajustable,Mobiliario,Ana Torres,1,2305000,5,2305000,115250,2189750,1472000,1472000,717750,32.78,Entregado,Tarjeta crédito,5,6,Sí,No
ORD-02108,2024-09-11,2024,2024-09,Q3,Andina,Bucaramanga,Web,Corporativo,Escritorio Ajustable,Mobiliario,Laura Gómez,1,2058000,5,2058000,102900,1955100,1400000,1400000,555100,28.39,Procesando,Transferencia,4,5,No,No
ORD-02109,2026-02-08,2026,2026-02,Q1,Pacífica,Pasto,Ventas corporativas,PyME,Audífonos Bluetooth,Audio,Valentina Rojas,6,363000,0,2178000,0,2178000,205000,1230000,948000,43.53,Cancelado,Tarjeta crédito,,,No,No
ORD-02110,2025-11-09,2025,2025-11,Q4,Caribe,Valledupar,Web,Consumidor,Audífonos Bluetooth,Audio,Diego Martínez,3,428000,10,1284000,128400,1155600,212000,636000,519600,44.96,Entregado,Efectivo,5,4,No,No
ORD-02111,2026-05-30,2026,2026-05,Q2,Pacífica,Cali,Web,Consumidor,Dock USB-C,Accesorios,Valentina Rojas,2,426000,0,852000,0,852000,240000,480000,372000,43.66,Entregado,Transferencia,5,1,No,No
ORD-02112,2024-09-08,2024,2024-09,Q3,Orinoquía,Villavicencio,Web,Corporativo,Monitor 24,Tecnología,Laura Gómez,2,764000,0,1528000,0,1528000,495000,990000,538000,35.21,Cancelado,Tarjeta crédito,,,No,No
ORD-02113,2026-06-06,2026,2026-06,Q2,Orinoquía,Yopal,Web,Consumidor,Headset Pro,Audio,Sofía Herrera,2,540000,3,1080000,32400,1047600,280000,560000,487600,46.54,Entregado,PSE,5,1,No,No
ORD-02114,2025-07-08,2025,2025-07,Q3,Pacífica,Quibdó,Tienda física,PyME,Monitor 24,Tecnología,Andrés Moreno,3,780000,3,2340000,70200,2269800,507000,1521000,748800,32.99,Cancelado,Tarjeta débito,,,No,Sí
ORD-02115,2026-05-21,2026,2026-05,Q2,Orinoquía,Arauca,Web,PyME,Audífonos Bluetooth,Audio,Carlos Ruiz,2,405000,15,810000,121500,688500,212000,424000,264500,38.42,Entregado,Efectivo,5,6,No,No
ORD-02116,2026-03-11,2026,2026-03,Q1,Andina,Medellín,Tienda física,PyME,Teclado Mecánico,Accesorios,Diego Martínez,1,320000,10,320000,32000,288000,175000,175000,113000,39.24,Procesando,Tarjeta débito,5,4,No,No
ORD-02117,2025-06-28,2025,2025-06,Q2,Andina,Bucaramanga,Web,PyME,Audífonos Bluetooth,Audio,Valentina Rojas,1,405000,5,405000,20250,384750,203000,203000,181750,47.24,En tránsito,Transferencia,5,7,No,No
ORD-02118,2024-09-29,2024,2024-09,Q3,Andina,Medellín,Marketplace,PyME,Webcam HD,Accesorios,Juan Castro,1,259000,5,259000,12950,246050,141000,141000,105050,42.69,Entregado,Efectivo,3,2,No,Sí
ORD-02119,2025-06-09,2025,2025-06,Q2,Andina,Bucaramanga,Marketplace,Consumidor,Teclado Mecánico,Accesorios,Carlos Ruiz,2,326000,0,652000,0,652000,170000,340000,312000,47.85,Entregado,Transferencia,5,4,No,No
ORD-02120,2024-05-01,2024,2024-05,Q2,Andina,Manizales,Ventas corporativas,Corporativo,Laptop Pro 14,Tecnología,Sofía Herrera,8,4732000,0,37856000,0,37856000,3624000,28992000,8864000,23.42,En tránsito,Transferencia,5,5,No,No
ORD-02121,2026-07-20,2026,2026-07,Q3,Andina,Manizales,Ventas corporativas,PyME,Silla Ergonómica,Mobiliario,Laura Gómez,8,1348000,15,10784000,1617600,9166400,981000,7848000,1318400,14.38,Entregado,Tarjeta débito,3,3,No,Sí
ORD-02122,2026-03-29,2026,2026-03,Q1,Pacífica,Pasto,Ventas corporativas,Consumidor,Teclado Mecánico,Accesorios,Ana Torres,11,298000,8,3278000,262240,3015760,182000,2002000,1013760,33.62,Entregado,Tarjeta débito,5,4,Sí,No
ORD-02123,2024-06-02,2024,2024-06,Q2,Amazonía,Mocoa,Marketplace,Consumidor,Dock USB-C,Accesorios,Diego Martínez,2,417000,3,834000,25020,808980,229000,458000,350980,43.39,Entregado,Transferencia,5,3,No,No
ORD-02124,2024-08-25,2024,2024-08,Q3,Caribe,Barranquilla,Web,Emprendedor,Escritorio Ajustable,Mobiliario,Valentina Rojas,3,2058000,5,6174000,308700,5865300,1502000,4506000,1359300,23.18,Procesando,PSE,4,7,No,Sí
ORD-02125,2024-04-26,2024,2024-04,Q2,Andina,Manizales,Marketplace,PyME,Audífonos Bluetooth,Audio,Sofía Herrera,5,374000,10,1870000,187000,1683000,216000,1080000,603000,35.83,Entregado,Tarjeta débito,4,4,No,No
ORD-02126,2026-09-11,2026,2026-09,Q3,Caribe,Montería,Web,Consumidor,Laptop Pro 14,Tecnología,Juan Castro,2,4704000,10,9408000,940800,8467200,3737000,7474000,993200,11.73,Entregado,PSE,5,5,No,Sí
ORD-02127,2026-02-05,2026,2026-02,Q1,Andina,Pereira,Web,Emprendedor,Mouse Inalámbrico,Accesorios,Juan Castro,5,176000,20,880000,176000,704000,88000,440000,264000,37.5,En tránsito,Transferencia,5,4,No,Sí
ORD-02128,2024-12-17,2024,2024-12,Q4,Andina,Bogotá,Web,Consumidor,Laptop Pro 14,Tecnología,Andrés Moreno,10,5268000,10,52680000,5268000,47412000,3762000,37620000,9792000,20.65,Cancelado,Tarjeta débito,,,No,Sí
ORD-02129,2025-04-17,2025,2025-04,Q2,Caribe,Santa Marta,Marketplace,Corporativo,Audífonos Bluetooth,Audio,Andrés Moreno,3,374000,3,1122000,33660,1088340,211000,633000,455340,41.84,En tránsito,Tarjeta crédito,5,1,No,No
ORD-02130,2025-11-30,2025,2025-11,Q4,Pacífica,Cali,Tienda física,Emprendedor,Laptop Air 13,Tecnología,Sofía Herrera,2,3920000,20,7840000,1568000,6272000,2523000,5046000,1226000,19.55,Cancelado,PSE,,,No,No
ORD-02131,2026-09-01,2026,2026-09,Q3,Andina,Medellín,Ventas corporativas,Consumidor,Laptop Pro 14,Tecnología,Sofía Herrera,21,4464000,3,93744000,2812320,90931680,3508000,73668000,17263680,18.99,Cancelado,Tarjeta débito,,,No,No
ORD-02132,2026-07-01,2026,2026-07,Q3,Caribe,Cartagena,Marketplace,PyME,Mouse Inalámbrico,Accesorios,Ana Torres,4,173000,10,692000,69200,622800,89000,356000,266800,42.84,Procesando,Efectivo,4,2,No,No
ORD-02133,2025-12-31,2025,2025-12,Q4,Andina,Manizales,Tienda física,Emprendedor,Headset Pro,Audio,Carlos Ruiz,10,582000,0,5820000,0,5820000,280000,2800000,3020000,51.89,Entregado,Tarjeta crédito,4,3,No,No
ORD-02134,2025-07-27,2025,2025-07,Q3,Andina,Bogotá,Ventas corporativas,Consumidor,Silla Ergonómica,Mobiliario,Laura Gómez,12,1348000,8,16176000,1294080,14881920,941000,11292000,3589920,24.12,Procesando,Transferencia,4,5,No,No
ORD-02135,2024-05-03,2024,2024-05,Q2,Andina,Manizales,Web,PyME,Laptop Air 13,Tecnología,Carlos Ruiz,8,3636000,3,29088000,872640,28215360,2595000,20760000,7455360,26.42,Cancelado,Efectivo,,,No,No
ORD-02136,2024-09-03,2024,2024-09,Q3,Andina,Pereira,Web,Corporativo,Webcam HD,Accesorios,Juan Castro,2,265000,10,530000,53000,477000,144000,288000,189000,39.62,En tránsito,Tarjeta débito,4,4,No,Sí
ORD-02137,2026-01-08,2026,2026-01,Q1,Pacífica,Pasto,Marketplace,Consumidor,Silla Ergonómica,Mobiliario,Ana Torres,10,1392000,5,13920000,696000,13224000,893000,8930000,4294000,32.47,En tránsito,PSE,5,1,No,Sí
ORD-02138,2024-12-08,2024,2024-12,Q4,Orinoquía,Villavicencio,Marketplace,Emprendedor,Laptop Air 13,Tecnología,Valentina Rojas,4,3763000,5,15052000,752600,14299400,2504000,10016000,4283400,29.96,Entregado,Transferencia,4,1,No,No
ORD-02139,2024-05-31,2024,2024-05,Q2,Caribe,Santa Marta,Marketplace,Corporativo,Audífonos Bluetooth,Audio,Ana Torres,3,397000,0,1191000,0,1191000,209000,627000,564000,47.36,Entregado,Tarjeta crédito,4,2,No,No
ORD-02140,2024-01-02,2024,2024-01,Q1,Pacífica,Buenaventura,Ventas corporativas,Corporativo,Headset Pro,Audio,Valentina Rojas,17,484000,10,8228000,822800,7405200,274000,4658000,2747200,37.1,Entregado,Transferencia,4,4,No,No
ORD-02141,2026-08-19,2026,2026-08,Q3,Caribe,Cartagena,Tienda física,Corporativo,Laptop Pro 14,Tecnología,Ana Torres,5,4800000,10,24000000,2400000,21600000,3420000,17100000,4500000,20.83,Procesando,Transferencia,4,1,No,No
ORD-02142,2024-11-07,2024,2024-11,Q4,Caribe,Montería,Web,PyME,Headset Pro,Audio,Andrés Moreno,2,571000,0,1142000,0,1142000,287000,574000,568000,49.74,Entregado,Transferencia,4,3,No,No
ORD-02143,2024-10-09,2024,2024-10,Q4,Andina,Pereira,Web,PyME,Silla Ergonómica,Mobiliario,Laura Gómez,1,1421000,20,1421000,284200,1136800,918000,918000,218800,19.25,En tránsito,Tarjeta débito,5,6,No,Sí
ORD-02144,2026-02-22,2026,2026-02,Q1,Andina,Medellín,Web,Consumidor,Laptop Pro 14,Tecnología,Juan Castro,10,4704000,5,47040000,2352000,44688000,3760000,37600000,7088000,15.86,Entregado,Tarjeta débito,3,4,No,No
ORD-02145,2025-01-15,2025,2025-01,Q1,Amazonía,Leticia,Web,Consumidor,Monitor 24,Tecnología,Laura Gómez,6,764000,10,4584000,458400,4125600,541000,3246000,879600,21.32,En tránsito,Transferencia,5,2,No,Sí
ORD-02146,2024-03-29,2024,2024-03,Q1,Caribe,Santa Marta,Tienda física,Emprendedor,Monitor 27,Tecnología,Laura Gómez,1,1250000,5,1250000,62500,1187500,826000,826000,361500,30.44,Entregado,Tarjeta crédito,5,4,No,No
ORD-02147,2025-01-01,2025,2025-01,Q1,Pacífica,Buenaventura,Marketplace,Consumidor,Dock USB-C,Accesorios,Ana Torres,4,394000,8,1576000,126080,1449920,231000,924000,525920,36.27,Entregado,Tarjeta débito,4,6,No,No
ORD-02148,2024-12-29,2024,2024-12,Q4,Pacífica,Buenaventura,Web,PyME,Silla Ergonómica,Mobiliario,Diego Martínez,1,1592000,10,1592000,159200,1432800,972000,972000,460800,32.16,Entregado,Tarjeta débito,3,3,No,No
ORD-02149,2026-04-24,2026,2026-04,Q2,Pacífica,Cali,Tienda física,PyME,Laptop Pro 14,Tecnología,Diego Martínez,3,4800000,0,14400000,0,14400000,3482000,10446000,3954000,27.46,Entregado,Tarjeta débito,4,5,No,No
ORD-02150,2024-07-20,2024,2024-07,Q3,Pacífica,Quibdó,Web,PyME,Silla Ergonómica,Mobiliario,Andrés Moreno,1,1421000,5,1421000,71050,1349950,964000,964000,385950,28.59,Entregado,Tarjeta débito,5,6,No,No
ORD-02151,2025-08-29,2025,2025-08,Q3,Caribe,Santa Marta,Marketplace,Consumidor,Headset Pro,Audio,Valentina Rojas,2,499000,5,998000,49900,948100,292000,584000,364100,38.4,Procesando,PSE,1,2,No,No
ORD-02152,2025-12-23,2025,2025-12,Q4,Andina,Bucaramanga,Marketplace,Corporativo,Audífonos Bluetooth,Audio,Laura Gómez,1,419000,5,419000,20950,398050,210000,210000,188050,47.24,Procesando,PSE,5,1,No,Sí
ORD-02153,2024-05-28,2024,2024-05,Q2,Caribe,Montería,Tienda física,Consumidor,Monitor 24,Tecnología,Diego Martínez,10,827000,8,8270000,661600,7608400,516000,5160000,2448400,32.18,Entregado,Efectivo,4,4,No,Sí
ORD-02154,2025-09-09,2025,2025-09,Q3,Caribe,Valledupar,Ventas corporativas,Corporativo,Webcam HD,Accesorios,Valentina Rojas,18,251000,10,4518000,451800,4066200,149000,2682000,1384200,34.04,Entregado,PSE,2,4,No,No
ORD-02155,2026-03-09,2026,2026-03,Q1,Andina,Bogotá,Web,Corporativo,Monitor 27,Tecnología,Laura Gómez,2,1225000,5,2450000,122500,2327500,862000,1724000,603500,25.93,Cancelado,Transferencia,,,No,No
ORD-02156,2024-08-16,2024,2024-08,Q3,Amazonía,Florencia,Tienda física,PyME,Dock USB-C,Accesorios,Juan Castro,6,410000,10,2460000,246000,2214000,239000,1434000,780000,35.23,Procesando,Efectivo,4,5,No,Sí
ORD-02157,2026-01-18,2026,2026-01,Q1,Andina,Pereira,Web,Corporativo,Mouse Inalámbrico,Accesorios,Diego Martínez,1,176000,5,176000,8800,167200,83000,83000,84200,50.36,Entregado,Efectivo,5,1,No,No
ORD-02158,2025-02-28,2025,2025-02,Q1,Andina,Pereira,Tienda física,Consumidor,Teclado Mecánico,Accesorios,Sofía Herrera,6,320000,3,1920000,57600,1862400,172000,1032000,830400,44.59,Procesando,Transferencia,4,5,No,No
ORD-02159,2026-03-08,2026,2026-03,Q1,Pacífica,Pasto,Web,Consumidor,Monitor 24,Tecnología,Diego Martínez,1,764000,5,764000,38200,725800,491000,491000,234800,32.35,Entregado,Transferencia,3,3,No,No
ORD-02160,2024-08-14,2024,2024-08,Q3,Pacífica,Buenaventura,Marketplace,PyME,Mouse Inalámbrico,Accesorios,Andrés Moreno,3,173000,5,519000,25950,493050,88000,264000,229050,46.46,Entregado,PSE,5,1,No,No
ORD-02161,2025-09-04,2025,2025-09,Q3,Amazonía,Florencia,Web,PyME,Headset Pro,Audio,Andrés Moreno,4,510000,8,2040000,163200,1876800,275000,1100000,776800,41.39,Entregado,Tarjeta débito,4,1,No,No
ORD-02162,2026-02-02,2026,2026-02,Q1,Andina,Bucaramanga,Ventas corporativas,Emprendedor,Teclado Mecánico,Accesorios,Sofía Herrera,17,298000,15,5066000,759900,4306100,179000,3043000,1263100,29.33,Entregado,Tarjeta crédito,4,6,No,No
ORD-02163,2025-03-17,2025,2025-03,Q1,Pacífica,Quibdó,Web,Emprendedor,Headset Pro,Audio,Juan Castro,1,510000,0,510000,0,510000,285000,285000,225000,44.12,Cancelado,Efectivo,,,No,Sí
ORD-02164,2024-10-19,2024,2024-10,Q4,Andina,Manizales,Marketplace,Emprendedor,Monitor 24,Tecnología,Laura Gómez,2,749000,20,1498000,299600,1198400,532000,1064000,134400,11.21,Entregado,PSE,5,1,No,Sí
ORD-02165,2026-08-24,2026,2026-08,Q3,Caribe,Santa Marta,Tienda física,Corporativo,Dock USB-C,Accesorios,Andrés Moreno,6,410000,0,2460000,0,2460000,230000,1380000,1080000,43.9,Procesando,Transferencia,5,1,No,Sí
ORD-02166,2025-06-25,2025,2025-06,Q2,Orinoquía,Arauca,Web,PyME,Silla Ergonómica,Mobiliario,Ana Torres,2,1506000,3,3012000,90360,2921640,917000,1834000,1087640,37.23,Entregado,PSE,4,4,No,Sí
ORD-02167,2024-09-02,2024,2024-09,Q3,Andina,Pereira,Tienda física,PyME,Headset Pro,Audio,Diego Martínez,3,520000,3,1560000,46800,1513200,296000,888000,625200,41.32,Cancelado,PSE,,,No,No
ORD-02168,2024-08-25,2024,2024-08,Q3,Andina,Pereira,Tienda física,Corporativo,Dock USB-C,Accesorios,Laura Gómez,1,410000,0,410000,0,410000,245000,245000,165000,40.24,Cancelado,Tarjeta débito,,,No,No
ORD-02169,2024-03-06,2024,2024-03,Q1,Andina,Pereira,Web,PyME,Laptop Pro 14,Tecnología,Laura Gómez,5,4704000,5,23520000,1176000,22344000,3511000,17555000,4789000,21.43,En tránsito,Tarjeta débito,1,5,No,No
ORD-02170,2024-09-22,2024,2024-09,Q3,Caribe,Montería,Marketplace,PyME,Dock USB-C,Accesorios,Diego Martínez,3,394000,8,1182000,94560,1087440,246000,738000,349440,32.13,En tránsito,Efectivo,3,5,No,No
ORD-02171,2025-02-18,2025,2025-02,Q1,Pacífica,Pasto,Marketplace,Emprendedor,Silla Ergonómica,Mobiliario,Laura Gómez,4,1392000,10,5568000,556800,5011200,958000,3832000,1179200,23.53,Cancelado,Tarjeta crédito,,,No,No
ORD-02172,2024-11-05,2024,2024-11,Q4,Andina,Pereira,Web,Emprendedor,Escritorio Ajustable,Mobiliario,Valentina Rojas,1,2305000,0,2305000,0,2305000,1440000,1440000,865000,37.53,Cancelado,Tarjeta crédito,,,No,Sí
ORD-02173,2024-08-16,2024,2024-08,Q3,Caribe,Santa Marta,Web,Corporativo,Audífonos Bluetooth,Audio,Carlos Ruiz,5,382000,0,1910000,0,1910000,204000,1020000,890000,46.6,En tránsito,Tarjeta crédito,4,7,No,Sí
ORD-02174,2026-05-26,2026,2026-05,Q2,Andina,Bucaramanga,Web,PyME,Webcam HD,Accesorios,Carlos Ruiz,3,280000,15,840000,126000,714000,147000,441000,273000,38.24,En tránsito,Tarjeta débito,5,4,No,No
ORD-02175,2025-10-02,2025,2025-10,Q4,Pacífica,Pasto,Ventas corporativas,Consumidor,Laptop Pro 14,Tecnología,Valentina Rojas,17,4464000,0,75888000,0,75888000,3697000,62849000,13039000,17.18,Procesando,Efectivo,4,3,No,No
ORD-02176,2025-05-28,2025,2025-05,Q2,Caribe,Montería,Tienda física,Consumidor,Laptop Air 13,Tecnología,Juan Castro,2,3710000,8,7420000,593600,6826400,2655000,5310000,1516400,22.21,Entregado,Tarjeta crédito,4,5,No,No
ORD-02177,2026-07-22,2026,2026-07,Q3,Pacífica,Quibdó,Web,Corporativo,Dock USB-C,Accesorios,Ana Torres,10,402000,3,4020000,120600,3899400,245000,2450000,1449400,37.17,Entregado,Tarjeta crédito,4,7,No,No
ORD-02178,2026-08-22,2026,2026-08,Q3,Pacífica,Pasto,Marketplace,PyME,Laptop Pro 14,Tecnología,Andrés Moreno,8,4608000,10,36864000,3686400,33177600,3578000,28624000,4553600,13.72,Cancelado,Transferencia,,,No,No
ORD-02179,2025-07-23,2025,2025-07,Q3,Andina,Medellín,Tienda física,Consumidor,Audífonos Bluetooth,Audio,Ana Torres,3,390000,5,1170000,58500,1111500,199000,597000,514500,46.29,Cancelado,Transferencia,,,No,No
ORD-02180,2026-01-28,2026,2026-01,Q1,Andina,Bogotá,Web,PyME,Headset Pro,Audio,Valentina Rojas,1,510000,5,510000,25500,484500,302000,302000,182500,37.67,Entregado,Tarjeta crédito,4,4,No,No
ORD-02181,2024-03-05,2024,2024-03,Q1,Caribe,Barranquilla,Marketplace,Emprendedor,Headset Pro,Audio,Diego Martínez,5,499000,10,2495000,249500,2245500,296000,1480000,765500,34.09,Cancelado,Tarjeta débito,,,No,Sí
ORD-02182,2024-11-28,2024,2024-11,Q4,Andina,Pereira,Tienda física,Emprendedor,Webcam HD,Accesorios,Valentina Rojas,6,302000,0,1812000,0,1812000,151000,906000,906000,50.0,Entregado,Efectivo,4,3,No,No
ORD-02183,2025-06-01,2025,2025-06,Q2,Pacífica,Cali,Ventas corporativas,PyME,Laptop Pro 14,Tecnología,Carlos Ruiz,6,4732000,8,28392000,2271360,26120640,3552000,21312000,4808640,18.41,Procesando,Tarjeta débito,2,3,No,No
ORD-02184,2026-05-12,2026,2026-05,Q2,Andina,Manizales,Tienda física,Consumidor,Laptop Pro 14,Tecnología,Laura Gómez,2,5088000,3,10176000,305280,9870720,3445000,6890000,2980720,30.2,Cancelado,PSE,,,No,Sí
ORD-02185,2026-03-26,2026,2026-03,Q1,Pacífica,Cali,Marketplace,PyME,Silla Ergonómica,Mobiliario,Valentina Rojas,3,1392000,5,4176000,208800,3967200,902000,2706000,1261200,31.79,Entregado,Efectivo,5,4,No,No
ORD-02186,2024-10-14,2024,2024-10,Q4,Caribe,Santa Marta,Marketplace,Emprendedor,Laptop Pro 14,Tecnología,Andrés Moreno,1,4608000,8,4608000,368640,4239360,3710000,3710000,529360,12.49,Entregado,PSE,5,6,No,No
ORD-02187,2025-03-18,2025,2025-03,Q1,Caribe,Cartagena,Tienda física,Consumidor,Headset Pro,Audio,Carlos Ruiz,3,520000,10,1560000,156000,1404000,290000,870000,534000,38.03,Entregado,PSE,3,4,No,Sí
ORD-02188,2025-09-25,2025,2025-09,Q3,Caribe,Santa Marta,Web,Emprendedor,Escritorio Ajustable,Mobiliario,Sofía Herrera,8,2058000,20,16464000,3292800,13171200,1426000,11408000,1763200,13.39,En tránsito,Transferencia,3,6,No,No
ORD-02189,2025-02-03,2025,2025-02,Q1,Caribe,Valledupar,Web,Consumidor,Mouse Inalámbrico,Accesorios,Valentina Rojas,1,176000,15,176000,26400,149600,90000,90000,59600,39.84,En tránsito,Tarjeta crédito,3,2,No,No
ORD-02190,2024-10-27,2024,2024-10,Q4,Pacífica,Popayán,Web,Corporativo,Silla Ergonómica,Mobiliario,Andrés Moreno,6,1421000,0,8526000,0,8526000,966000,5796000,2730000,32.02,Cancelado,Transferencia,,,No,Sí
ORD-02191,2026-02-15,2026,2026-02,Q1,Andina,Medellín,Tienda física,Emprendedor,Audífonos Bluetooth,Audio,Valentina Rojas,2,390000,10,780000,78000,702000,203000,406000,296000,42.17,Procesando,Transferencia,3,4,No,No
ORD-02192,2024-05-07,2024,2024-05,Q2,Andina,Manizales,Marketplace,Consumidor,Monitor 27,Tecnología,Ana Torres,4,1272000,10,5088000,508800,4579200,811000,3244000,1335200,29.16,Entregado,Tarjeta débito,4,1,No,Sí
ORD-02193,2026-08-18,2026,2026-08,Q3,Andina,Medellín,Web,Consumidor,Teclado Mecánico,Accesorios,Sofía Herrera,1,314000,0,314000,0,314000,182000,182000,132000,42.04,En tránsito,Efectivo,5,6,No,No
ORD-02194,2024-03-05,2024,2024-03,Q1,Caribe,Barranquilla,Ventas corporativas,Consumidor,Mouse Inalámbrico,Accesorios,Juan Castro,5,167000,0,835000,0,835000,85000,425000,410000,49.1,Cancelado,Tarjeta débito,,,No,No
ORD-02195,2024-07-11,2024,2024-07,Q3,Pacífica,Quibdó,Web,Emprendedor,Teclado Mecánico,Accesorios,Diego Martínez,2,314000,3,628000,18840,609160,185000,370000,239160,39.26,Procesando,Tarjeta débito,4,4,No,Sí
ORD-02196,2026-01-05,2026,2026-01,Q1,Pacífica,Cali,Web,Consumidor,Escritorio Ajustable,Mobiliario,Carlos Ruiz,1,2058000,15,2058000,308700,1749300,1402000,1402000,347300,19.85,Entregado,PSE,4,7,No,No
ORD-02197,2026-04-06,2026,2026-04,Q2,Orinoquía,Yopal,Web,Corporativo,Silla Ergonómica,Mobiliario,Andrés Moreno,3,1421000,10,4263000,426300,3836700,911000,2733000,1103700,28.77,Cancelado,Efectivo,,,No,No
ORD-02198,2024-06-03,2024,2024-06,Q2,Pacífica,Pasto,Marketplace,Emprendedor,Laptop Pro 14,Tecnología,Carlos Ruiz,1,4884000,0,4884000,0,4884000,3738000,3738000,1146000,23.46,Entregado,Efectivo,4,5,No,Sí
ORD-02199,2024-01-16,2024,2024-01,Q1,Amazonía,Mocoa,Web,Consumidor,Escritorio Ajustable,Mobiliario,Juan Castro,5,2058000,0,10290000,0,10290000,1421000,7105000,3185000,30.95,En tránsito,PSE,4,2,No,No
ORD-02200,2025-04-07,2025,2025-04,Q2,Amazonía,Florencia,Web,Consumidor,Monitor 27,Tecnología,Andrés Moreno,4,1225000,3,4900000,147000,4753000,830000,3320000,1433000,30.15,Procesando,Tarjeta débito,3,2,No,No
ORD-02201,2024-10-29,2024,2024-10,Q4,Pacífica,Buenaventura,Web,Corporativo,Headset Pro,Audio,Diego Martínez,2,510000,0,1020000,0,1020000,287000,574000,446000,43.73,Procesando,PSE,5,4,No,No
ORD-02202,2024-08-23,2024,2024-08,Q3,Caribe,Valledupar,Tienda física,Corporativo,Monitor 27,Tecnología,Valentina Rojas,2,1250000,0,2500000,0,2500000,809000,1618000,882000,35.28,En tránsito,Tarjeta crédito,4,1,No,No
ORD-02203,2025-07-07,2025,2025-07,Q3,Caribe,Montería,Web,PyME,Teclado Mecánico,Accesorios,Andrés Moreno,3,314000,5,942000,47100,894900,169000,507000,387900,43.35,Cancelado,PSE,,,No,Sí
ORD-02204,2025-12-01,2025,2025-12,Q4,Pacífica,Buenaventura,Ventas corporativas,PyME,Audífonos Bluetooth,Audio,Ana Torres,18,406000,0,7308000,0,7308000,204000,3672000,3636000,49.75,Cancelado,Tarjeta crédito,,,No,No
ORD-02205,2024-02-05,2024,2024-02,Q1,Caribe,Santa Marta,Ventas corporativas,PyME,Audífonos Bluetooth,Audio,Valentina Rojas,7,363000,0,2541000,0,2541000,210000,1470000,1071000,42.15,Entregado,PSE,4,3,Sí,No
ORD-02206,2025-04-17,2025,2025-04,Q2,Andina,Medellín,Web,PyME,Monitor 24,Tecnología,Diego Martínez,4,764000,10,3056000,305600,2750400,495000,1980000,770400,28.01,Entregado,PSE,4,6,No,No
ORD-02207,2026-08-13,2026,2026-08,Q3,Caribe,Valledupar,Marketplace,PyME,Dock USB-C,Accesorios,Sofía Herrera,2,394000,0,788000,0,788000,243000,486000,302000,38.32,Cancelado,Tarjeta débito,,,No,Sí
ORD-02208,2025-09-06,2025,2025-09,Q3,Caribe,Santa Marta,Marketplace,PyME,Audífonos Bluetooth,Audio,Carlos Ruiz,4,374000,10,1496000,149600,1346400,211000,844000,502400,37.31,Cancelado,Transferencia,,,No,No
ORD-02209,2024-02-24,2024,2024-02,Q1,Amazonía,Leticia,Web,Corporativo,Laptop Air 13,Tecnología,Sofía Herrera,3,3430000,5,10290000,514500,9775500,2562000,7686000,2089500,21.37,En tránsito,Efectivo,4,6,No,No
ORD-02210,2026-09-02,2026,2026-09,Q3,Orinoquía,Villavicencio,Web,Consumidor,Laptop Air 13,Tecnología,Laura Gómez,1,3430000,15,3430000,514500,2915500,2580000,2580000,335500,11.51,Procesando,PSE,2,3,No,No
ORD-02211,2025-12-03,2025,2025-12,Q4,Andina,Bucaramanga,Ventas corporativas,PyME,Audífonos Bluetooth,Audio,Andrés Moreno,19,406000,0,7714000,0,7714000,205000,3895000,3819000,49.51,En tránsito,Tarjeta crédito,4,1,No,Sí
ORD-02212,2025-01-29,2025,2025-01,Q1,Andina,Bucaramanga,Web,Consumidor,Dock USB-C,Accesorios,Carlos Ruiz,3,402000,5,1206000,60300,1145700,248000,744000,401700,35.06,Entregado,Tarjeta débito,5,5,No,No
ORD-02213,2025-10-22,2025,2025-10,Q4,Caribe,Barranquilla,Marketplace,Corporativo,Escritorio Ajustable,Mobiliario,Valentina Rojas,1,2016000,10,2016000,201600,1814400,1422000,1422000,392400,21.63,Procesando,PSE,3,2,No,No
ORD-02214,2024-08-08,2024,2024-08,Q3,Caribe,Cartagena,Ventas corporativas,Emprendedor,Laptop Pro 14,Tecnología,Laura Gómez,10,4464000,8,44640000,3571200,41068800,3762000,37620000,3448800,8.4,En tránsito,Transferencia,5,3,No,No
ORD-02215,2026-09-16,2026,2026-09,Q3,Andina,Bucaramanga,Web,Consumidor,Silla Ergonómica,Mobiliario,Carlos Ruiz,1,1421000,0,1421000,0,1421000,916000,916000,505000,35.54,Entregado,Tarjeta crédito,4,5,No,No
ORD-02216,2025-11-04,2025,2025-11,Q4,Andina,Manizales,Web,Corporativo,Mouse Inalámbrico,Accesorios,Carlos Ruiz,10,198000,0,1980000,0,1980000,82000,820000,1160000,58.59,En tránsito,Transferencia,5,3,No,No
ORD-02217,2024-01-20,2024,2024-01,Q1,Andina,Medellín,Web,Corporativo,Dock USB-C,Accesorios,Juan Castro,8,402000,0,3216000,0,3216000,242000,1936000,1280000,39.8,Cancelado,PSE,,,No,No
ORD-02218,2026-04-19,2026,2026-04,Q2,Caribe,Santa Marta,Ventas corporativas,Emprendedor,Escritorio Ajustable,Mobiliario,Juan Castro,16,1953000,3,31248000,937440,30310560,1445000,23120000,7190560,23.72,Entregado,Efectivo,4,4,No,No
ORD-02219,2025-05-15,2025,2025-05,Q2,Andina,Manizales,Tienda física,PyME,Silla Ergonómica,Mobiliario,Sofía Herrera,2,1537000,5,3074000,153700,2920300,926000,1852000,1068300,36.58,Procesando,Tarjeta crédito,4,2,No,No
ORD-02220,2025-09-01,2025,2025-09,Q3,Andina,Bucaramanga,Marketplace,Consumidor,Monitor 24,Tecnología,Diego Martínez,10,749000,0,7490000,0,7490000,518000,5180000,2310000,30.84,Procesando,Tarjeta débito,5,5,No,No
ORD-02221,2024-01-14,2024,2024-01,Q1,Pacífica,Popayán,Web,Corporativo,Dock USB-C,Accesorios,Laura Gómez,5,402000,0,2010000,0,2010000,227000,1135000,875000,43.53,Entregado,PSE,4,7,No,Sí
ORD-02222,2026-02-06,2026,2026-02,Q1,Andina,Bucaramanga,Tienda física,Consumidor,Webcam HD,Accesorios,Valentina Rojas,4,270000,3,1080000,32400,1047600,148000,592000,455600,43.49,Entregado,PSE,5,1,No,No
ORD-02223,2025-12-21,2025,2025-12,Q4,Caribe,Santa Marta,Ventas corporativas,Emprendedor,Headset Pro,Audio,Laura Gómez,18,542000,15,9756000,1463400,8292600,283000,5094000,3198600,38.57,En tránsito,Transferencia,4,3,No,No
ORD-02224,2026-08-19,2026,2026-08,Q3,Caribe,Montería,Web,Corporativo,Headset Pro,Audio,Valentina Rojas,2,510000,20,1020000,204000,816000,290000,580000,236000,28.92,En tránsito,PSE,3,5,No,Sí
ORD-02225,2024-06-26,2024,2024-06,Q2,Andina,Pereira,Tienda física,Emprendedor,Dock USB-C,Accesorios,Juan Castro,2,435000,0,870000,0,870000,232000,464000,406000,46.67,Entregado,PSE,4,1,No,No
ORD-02226,2025-03-30,2025,2025-03,Q1,Caribe,Cartagena,Tienda física,PyME,Webcam HD,Accesorios,Ana Torres,1,270000,8,270000,21600,248400,144000,144000,104400,42.03,Procesando,Transferencia,3,6,No,Sí
ORD-02227,2026-09-16,2026,2026-09,Q3,Caribe,Valledupar,Web,PyME,Mouse Inalámbrico,Accesorios,Juan Castro,3,176000,5,528000,26400,501600,87000,261000,240600,47.97,Procesando,Efectivo,4,4,No,No
ORD-02228,2026-08-22,2026,2026-08,Q3,Andina,Manizales,Ventas corporativas,Consumidor,Webcam HD,Accesorios,Valentina Rojas,20,251000,3,5020000,150600,4869400,142000,2840000,2029400,41.68,Cancelado,PSE,,,No,Sí
ORD-02229,2025-05-23,2025,2025-05,Q2,Andina,Manizales,Web,Corporativo,Monitor 24,Tecnología,Valentina Rojas,2,810000,5,1620000,81000,1539000,511000,1022000,517000,33.59,Entregado,Transferencia,5,5,No,No
ORD-02230,2026-04-18,2026,2026-04,Q2,Caribe,Santa Marta,Marketplace,PyME,Webcam HD,Accesorios,Juan Castro,2,259000,10,518000,51800,466200,151000,302000,164200,35.22,Entregado,Tarjeta crédito,4,1,No,No
ORD-02231,2024-05-12,2024,2024-05,Q2,Andina,Bucaramanga,Tienda física,PyME,Monitor 24,Tecnología,Sofía Herrera,1,827000,8,827000,66160,760840,518000,518000,242840,31.92,Entregado,PSE,5,2,No,No
ORD-02232,2024-08-30,2024,2024-08,Q3,Caribe,Santa Marta,Tienda física,PyME,Teclado Mecánico,Accesorios,Juan Castro,8,320000,10,2560000,256000,2304000,176000,1408000,896000,38.89,Entregado,Transferencia,4,2,No,No
ORD-02233,2024-07-10,2024,2024-07,Q3,Pacífica,Cali,Web,Consumidor,Monitor 24,Tecnología,Laura Gómez,2,764000,20,1528000,305600,1222400,516000,1032000,190400,15.58,Cancelado,Transferencia,,,No,Sí
ORD-02234,2024-08-02,2024,2024-08,Q3,Andina,Bucaramanga,Web,PyME,Laptop Air 13,Tecnología,Laura Gómez,4,3430000,5,13720000,686000,13034000,2542000,10168000,2866000,21.99,Cancelado,PSE,,,No,Sí
ORD-02235,2026-04-01,2026,2026-04,Q2,Pacífica,Buenaventura,Web,Corporativo,Dock USB-C,Accesorios,Valentina Rojas,1,402000,5,402000,20100,381900,240000,240000,141900,37.16,En tránsito,PSE,4,7,No,No
ORD-02236,2026-03-18,2026,2026-03,Q1,Amazonía,Florencia,Marketplace,Consumidor,Dock USB-C,Accesorios,Andrés Moreno,1,394000,10,394000,39400,354600,248000,248000,106600,30.06,En tránsito,PSE,4,1,No,Sí
ORD-02237,2025-08-31,2025,2025-08,Q3,Andina,Bogotá,Ventas corporativas,Emprendedor,Audífonos Bluetooth,Audio,Juan Castro,5,363000,0,1815000,0,1815000,199000,995000,820000,45.18,Entregado,Tarjeta crédito,4,1,No,No
ORD-02238,2026-09-27,2026,2026-09,Q3,Caribe,Valledupar,Tienda física,PyME,Webcam HD,Accesorios,Sofía Herrera,3,270000,0,810000,0,810000,142000,426000,384000,47.41,Entregado,Tarjeta débito,2,3,No,No
ORD-02239,2025-04-02,2025,2025-04,Q2,Orinoquía,Yopal,Marketplace,Emprendedor,Teclado Mecánico,Accesorios,Valentina Rojas,2,307000,8,614000,49120,564880,183000,366000,198880,35.21,Entregado,Tarjeta crédito,5,2,No,Sí
ORD-02240,2025-04-23,2025,2025-04,Q2,Andina,Manizales,Tienda física,Consumidor,Silla Ergonómica,Mobiliario,Carlos Ruiz,2,1450000,5,2900000,145000,2755000,938000,1876000,879000,31.91,Cancelado,Tarjeta débito,,,No,No
ORD-02241,2024-09-01,2024,2024-09,Q3,Orinoquía,Yopal,Ventas corporativas,Consumidor,Laptop Air 13,Tecnología,Carlos Ruiz,7,3255000,0,22785000,0,22785000,2616000,18312000,4473000,19.63,Entregado,Tarjeta débito,5,1,No,No
ORD-02242,2024-09-11,2024,2024-09,Q3,Caribe,Valledupar,Web,Consumidor,Webcam HD,Accesorios,Juan Castro,6,265000,5,1590000,79500,1510500,153000,918000,592500,39.23,En tránsito,Tarjeta crédito,5,4,No,No
ORD-02243,2026-04-18,2026,2026-04,Q2,Caribe,Barranquilla,Web,Corporativo,Webcam HD,Accesorios,Sofía Herrera,2,265000,0,530000,0,530000,147000,294000,236000,44.53,Cancelado,Efectivo,,,No,No
ORD-02244,2026-04-04,2026,2026-04,Q2,Andina,Bucaramanga,Marketplace,PyME,Silla Ergonómica,Mobiliario,Sofía Herrera,2,1392000,0,2784000,0,2784000,979000,1958000,826000,29.67,Entregado,PSE,5,1,No,No
ORD-02245,2025-05-05,2025,2025-05,Q2,Andina,Bogotá,Web,Consumidor,Escritorio Ajustable,Mobiliario,Diego Martínez,1,2181000,5,2181000,109050,2071950,1487000,1487000,584950,28.23,Procesando,Tarjeta crédito,4,3,No,No
ORD-02246,2026-02-01,2026,2026-02,Q1,Caribe,Valledupar,Marketplace,Emprendedor,Silla Ergonómica,Mobiliario,Juan Castro,8,1392000,20,11136000,2227200,8908800,975000,7800000,1108800,12.45,Procesando,Efectivo,5,2,No,Sí
ORD-02247,2024-07-23,2024,2024-07,Q3,Amazonía,Mocoa,Tienda física,Corporativo,Laptop Pro 14,Tecnología,Diego Martínez,6,4800000,5,28800000,1440000,27360000,3708000,22248000,5112000,18.68,Entregado,Tarjeta crédito,5,3,No,No
ORD-02248,2025-09-13,2025,2025-09,Q3,Amazonía,Mocoa,Web,Consumidor,Escritorio Ajustable,Mobiliario,Juan Castro,1,2058000,0,2058000,0,2058000,1448000,1448000,610000,29.64,Entregado,PSE,4,3,No,No
ORD-02249,2026-09-28,2026,2026-09,Q3,Andina,Manizales,Tienda física,PyME,Escritorio Ajustable,Mobiliario,Juan Castro,1,2100000,5,2100000,105000,1995000,1478000,1478000,517000,25.91,Entregado,Tarjeta débito,5,3,No,Sí
ORD-02250,2026-09-26,2026,2026-09,Q3,Orinoquía,Villavicencio,Web,PyME,Laptop Pro 14,Tecnología,Valentina Rojas,1,4704000,8,4704000,376320,4327680,3597000,3597000,730680,16.88,Cancelado,Efectivo,,,No,Sí
ORD-02251,2026-07-19,2026,2026-07,Q3,Andina,Pereira,Marketplace,Corporativo,Laptop Air 13,Tecnología,Juan Castro,1,3360000,3,3360000,100800,3259200,2748000,2748000,511200,15.68,Entregado,Transferencia,4,4,No,No
ORD-02252,2025-05-12,2025,2025-05,Q2,Caribe,Cartagena,Marketplace,Consumidor,Escritorio Ajustable,Mobiliario,Ana Torres,8,2137000,0,17096000,0,17096000,1481000,11848000,5248000,30.7,Entregado,Transferencia,4,2,No,Sí
ORD-02253,2025-11-25,2025,2025-11,Q4,Andina,Pereira,Tienda física,Corporativo,Monitor 27,Tecnología,Andrés Moreno,1,1400000,0,1400000,0,1400000,816000,816000,584000,41.71,Entregado,Transferencia,3,3,No,No
ORD-02254,2026-03-13,2026,2026-03,Q1,Caribe,Barranquilla,Ventas corporativas,Corporativo,Mouse Inalámbrico,Accesorios,Sofía Herrera,7,167000,0,1169000,0,1169000,86000,602000,567000,48.5,Procesando,PSE,4,3,No,No
ORD-02255,2025-04-09,2025,2025-04,Q2,Andina,Bucaramanga,Marketplace,PyME,Laptop Pro 14,Tecnología,Juan Castro,4,4608000,5,18432000,921600,17510400,3508000,14032000,3478400,19.86,Cancelado,Tarjeta crédito,,,No,No
ORD-02256,2024-05-19,2024,2024-05,Q2,Caribe,Santa Marta,Marketplace,Corporativo,Dock USB-C,Accesorios,Juan Castro,1,417000,15,417000,62550,354450,226000,226000,128450,36.24,En tránsito,Efectivo,5,1,No,No
ORD-02257,2026-03-03,2026,2026-03,Q1,Orinoquía,Yopal,Tienda física,Consumidor,Mouse Inalámbrico,Accesorios,Andrés Moreno,1,180000,0,180000,0,180000,88000,88000,92000,51.11,Entregado,Transferencia,4,3,No,No
ORD-02258,2024-10-05,2024,2024-10,Q4,Andina,Medellín,Web,Consumidor,Mouse Inalámbrico,Accesorios,Diego Martínez,4,176000,0,704000,0,704000,86000,344000,360000,51.14,Entregado,Transferencia,5,3,No,No
ORD-02259,2025-09-22,2025,2025-09,Q3,Andina,Manizales,Marketplace,Consumidor,Laptop Pro 14,Tecnología,Carlos Ruiz,6,4608000,15,27648000,4147200,23500800,3621000,21726000,1774800,7.55,Entregado,Transferencia,4,2,No,No
ORD-02260,2024-07-21,2024,2024-07,Q3,Pacífica,Pasto,Marketplace,PyME,Dock USB-C,Accesorios,Andrés Moreno,2,394000,0,788000,0,788000,234000,468000,320000,40.61,Entregado,Transferencia,2,1,No,No
ORD-02261,2025-10-01,2025,2025-10,Q4,Pacífica,Cali,Web,Consumidor,Dock USB-C,Accesorios,Sofía Herrera,4,402000,15,1608000,241200,1366800,249000,996000,370800,27.13,En tránsito,PSE,3,3,No,No
ORD-02262,2025-12-11,2025,2025-12,Q4,Caribe,Santa Marta,Tienda física,PyME,Laptop Air 13,Tecnología,Sofía Herrera,8,3920000,10,31360000,3136000,28224000,2511000,20088000,8136000,28.83,Entregado,PSE,4,3,No,No
ORD-02263,2026-09-13,2026,2026-09,Q3,Andina,Bucaramanga,Marketplace,PyME,Dock USB-C,Accesorios,Juan Castro,8,394000,5,3152000,157600,2994400,239000,1912000,1082400,36.15,Cancelado,Transferencia,,,No,No
ORD-02264,2026-05-31,2026,2026-05,Q2,Pacífica,Popayán,Web,Consumidor,Silla Ergonómica,Mobiliario,Laura Gómez,5,1506000,8,7530000,602400,6927600,963000,4815000,2112600,30.5,Entregado,PSE,5,6,No,Sí
ORD-02265,2025-04-30,2025,2025-04,Q2,Andina,Bucaramanga,Tienda física,PyME,Headset Pro,Audio,Valentina Rojas,2,520000,0,1040000,0,1040000,291000,582000,458000,44.04,Procesando,Efectivo,4,4,No,No
ORD-02266,2024-02-17,2024,2024-02,Q1,Pacífica,Quibdó,Ventas corporativas,PyME,Headset Pro,Audio,Carlos Ruiz,16,484000,0,7744000,0,7744000,290000,4640000,3104000,40.08,Procesando,Tarjeta crédito,5,1,No,No
ORD-02267,2026-03-20,2026,2026-03,Q1,Pacífica,Buenaventura,Web,Emprendedor,Escritorio Ajustable,Mobiliario,Diego Martínez,1,2058000,10,2058000,205800,1852200,1388000,1388000,464200,25.06,Entregado,Tarjeta débito,2,4,No,No
ORD-02268,2026-08-21,2026,2026-08,Q3,Caribe,Cartagena,Tienda física,Consumidor,Webcam HD,Accesorios,Carlos Ruiz,1,270000,0,270000,0,270000,149000,149000,121000,44.81,Entregado,Efectivo,5,1,No,No
ORD-02269,2024-08-04,2024,2024-08,Q3,Caribe,Santa Marta,Tienda física,Consumidor,Webcam HD,Accesorios,Ana Torres,4,270000,5,1080000,54000,1026000,146000,584000,442000,43.08,En tránsito,Tarjeta crédito,4,3,No,No
ORD-02270,2024-11-02,2024,2024-11,Q4,Caribe,Barranquilla,Web,PyME,Monitor 27,Tecnología,Diego Martínez,4,1372000,5,5488000,274400,5213600,811000,3244000,1969600,37.78,Entregado,Tarjeta débito,5,3,No,No
ORD-02271,2025-09-05,2025,2025-09,Q3,Pacífica,Popayán,Tienda física,Emprendedor,Monitor 24,Tecnología,Andrés Moreno,4,780000,3,3120000,93600,3026400,494000,1976000,1050400,34.71,Cancelado,PSE,,,No,Sí
ORD-02272,2025-08-03,2025,2025-08,Q3,Andina,Manizales,Tienda física,Consumidor,Silla Ergonómica,Mobiliario,Juan Castro,1,1450000,15,1450000,217500,1232500,917000,917000,315500,25.6,Procesando,Tarjeta débito,4,6,No,Sí
ORD-02273,2024-11-30,2024,2024-11,Q4,Andina,Manizales,Web,Emprendedor,Dock USB-C,Accesorios,Valentina Rojas,1,450000,8,450000,36000,414000,226000,226000,188000,45.41,Entregado,PSE,5,4,No,No
ORD-02274,2025-08-26,2025,2025-08,Q3,Andina,Manizales,Ventas corporativas,PyME,Headset Pro,Audio,Ana Torres,4,484000,8,1936000,154880,1781120,289000,1156000,625120,35.1,Entregado,PSE,5,3,No,No
ORD-02275,2025-05-17,2025,2025-05,Q2,Andina,Bogotá,Tienda física,Corporativo,Monitor 24,Tecnología,Sofía Herrera,1,827000,8,827000,66160,760840,529000,529000,231840,30.47,Entregado,Efectivo,5,5,No,No
ORD-02276,2025-05-22,2025,2025-05,Q2,Caribe,Barranquilla,Marketplace,Corporativo,Teclado Mecánico,Accesorios,Juan Castro,2,326000,5,652000,32600,619400,182000,364000,255400,41.23,Entregado,Transferencia,4,4,No,No
ORD-02277,2025-07-29,2025,2025-07,Q3,Pacífica,Cali,Web,Corporativo,Mouse Inalámbrico,Accesorios,Valentina Rojas,5,176000,0,880000,0,880000,85000,425000,455000,51.7,Cancelado,PSE,,,No,No
ORD-02278,2026-08-21,2026,2026-08,Q3,Caribe,Cartagena,Ventas corporativas,PyME,Dock USB-C,Accesorios,Laura Gómez,3,381000,5,1143000,57150,1085850,228000,684000,401850,37.01,En tránsito,PSE,4,6,No,Sí
ORD-02279,2025-12-02,2025,2025-12,Q4,Caribe,Montería,Tienda física,Emprendedor,Teclado Mecánico,Accesorios,Juan Castro,1,358000,5,358000,17900,340100,169000,169000,171100,50.31,Entregado,Tarjeta crédito,5,1,No,No
ORD-02280,2025-02-22,2025,2025-02,Q1,Andina,Bogotá,Web,Emprendedor,Monitor 24,Tecnología,Andrés Moreno,6,764000,5,4584000,229200,4354800,492000,2952000,1402800,32.21,Entregado,Transferencia,5,7,No,No
ORD-02281,2024-07-28,2024,2024-07,Q3,Andina,Manizales,Tienda física,PyME,Headset Pro,Audio,Carlos Ruiz,4,520000,10,2080000,208000,1872000,277000,1108000,764000,40.81,Entregado,Transferencia,1,1,No,Sí
ORD-02282,2025-01-07,2025,2025-01,Q1,Andina,Pereira,Tienda física,Corporativo,Laptop Air 13,Tecnología,Ana Torres,2,3500000,15,7000000,1050000,5950000,2666000,5332000,618000,10.39,Entregado,Transferencia,5,2,No,Sí
ORD-02283,2024-07-03,2024,2024-07,Q3,Andina,Pereira,Web,PyME,Dock USB-C,Accesorios,Laura Gómez,1,402000,3,402000,12060,389940,233000,233000,156940,40.25,Procesando,Transferencia,5,6,No,No
ORD-02284,2026-07-07,2026,2026-07,Q3,Pacífica,Pasto,Web,Consumidor,Laptop Air 13,Tecnología,Andrés Moreno,2,3430000,0,6860000,0,6860000,2691000,5382000,1478000,21.55,Entregado,Tarjeta crédito,5,3,No,Sí
ORD-02285,2025-04-02,2025,2025-04,Q2,Andina,Medellín,Web,Corporativo,Laptop Pro 14,Tecnología,Laura Gómez,1,4704000,0,4704000,0,4704000,3508000,3508000,1196000,25.43,Entregado,Tarjeta débito,4,5,No,Sí
ORD-02286,2025-02-15,2025,2025-02,Q1,Andina,Manizales,Web,PyME,Mouse Inalámbrico,Accesorios,Diego Martínez,1,176000,10,176000,17600,158400,84000,84000,74400,46.97,Entregado,Transferencia,3,3,No,No
ORD-02287,2025-04-29,2025,2025-04,Q2,Pacífica,Buenaventura,Marketplace,Consumidor,Webcam HD,Accesorios,Valentina Rojas,1,259000,0,259000,0,259000,153000,153000,106000,40.93,Cancelado,Efectivo,,,No,No
ORD-02288,2025-03-12,2025,2025-03,Q1,Caribe,Santa Marta,Ventas corporativas,Emprendedor,Webcam HD,Accesorios,Diego Martínez,8,251000,0,2008000,0,2008000,147000,1176000,832000,41.43,En tránsito,Tarjeta débito,4,3,No,No
ORD-02289,2025-01-08,2025,2025-01,Q1,Pacífica,Buenaventura,Marketplace,PyME,Escritorio Ajustable,Mobiliario,Valentina Rojas,4,2016000,15,8064000,1209600,6854400,1366000,5464000,1390400,20.28,Entregado,PSE,4,2,No,No
ORD-02290,2024-02-27,2024,2024-02,Q1,Orinoquía,Arauca,Web,PyME,Teclado Mecánico,Accesorios,Juan Castro,5,314000,8,1570000,125600,1444400,172000,860000,584400,40.46,Entregado,PSE,4,4,No,No
ORD-02291,2025-08-10,2025,2025-08,Q3,Andina,Bogotá,Web,PyME,Teclado Mecánico,Accesorios,Sofía Herrera,4,314000,15,1256000,188400,1067600,174000,696000,371600,34.81,Entregado,Transferencia,2,4,No,No
ORD-02292,2026-01-10,2026,2026-01,Q1,Andina,Manizales,Marketplace,Corporativo,Monitor 24,Tecnología,Andrés Moreno,1,749000,5,749000,37450,711550,529000,529000,182550,25.66,Cancelado,Tarjeta crédito,,,No,Sí
ORD-02293,2026-04-19,2026,2026-04,Q2,Caribe,Santa Marta,Web,Consumidor,Laptop Air 13,Tecnología,Laura Gómez,10,3430000,3,34300000,1029000,33271000,2738000,27380000,5891000,17.71,Entregado,PSE,3,5,No,No
ORD-02294,2024-04-23,2024,2024-04,Q2,Pacífica,Pasto,Marketplace,Corporativo,Audífonos Bluetooth,Audio,Andrés Moreno,3,374000,5,1122000,56100,1065900,211000,633000,432900,40.61,Entregado,Efectivo,5,2,No,No
ORD-02295,2025-06-25,2025,2025-06,Q2,Andina,Manizales,Tienda física,PyME,Escritorio Ajustable,Mobiliario,Diego Martínez,1,2226000,8,2226000,178080,2047920,1433000,1433000,614920,30.03,Cancelado,Tarjeta crédito,,,No,No
ORD-02296,2024-03-11,2024,2024-03,Q1,Amazonía,Mocoa,Marketplace,PyME,Mouse Inalámbrico,Accesorios,Carlos Ruiz,6,173000,8,1038000,83040,954960,88000,528000,426960,44.71,Procesando,Transferencia,5,2,No,No
ORD-02297,2026-06-29,2026,2026-06,Q2,Andina,Manizales,Tienda física,Consumidor,Laptop Pro 14,Tecnología,Juan Castro,4,5088000,3,20352000,610560,19741440,3514000,14056000,5685440,28.8,En tránsito,Tarjeta débito,4,3,No,No
ORD-02298,2024-12-08,2024,2024-12,Q4,Caribe,Santa Marta,Web,PyME,Webcam HD,Accesorios,Laura Gómez,2,296000,15,592000,88800,503200,145000,290000,213200,42.37,Entregado,Transferencia,4,2,Sí,No
ORD-02299,2025-10-25,2025,2025-10,Q4,Andina,Medellín,Ventas corporativas,Emprendedor,Headset Pro,Audio,Valentina Rojas,3,484000,8,1452000,116160,1335840,297000,891000,444840,33.3,En tránsito,Tarjeta crédito,2,6,No,Sí
ORD-02300,2025-03-22,2025,2025-03,Q1,Caribe,Barranquilla,Web,Emprendedor,Audífonos Bluetooth,Audio,Carlos Ruiz,10,382000,15,3820000,573000,3247000,213000,2130000,1117000,34.4,En tránsito,Efectivo,5,7,No,Sí
ORD-02301,2025-08-08,2025,2025-08,Q3,Andina,Pereira,Marketplace,Corporativo,Laptop Air 13,Tecnología,Andrés Moreno,1,3360000,15,3360000,504000,2856000,2755000,2755000,101000,3.54,En tránsito,Transferencia,5,2,No,No
ORD-02302,2026-05-21,2026,2026-05,Q2,Caribe,Barranquilla,Web,Emprendedor,Laptop Air 13,Tecnología,Valentina Rojas,3,3636000,0,10908000,0,10908000,2596000,7788000,3120000,28.6,Entregado,Efectivo,3,2,No,No
ORD-02303,2024-11-09,2024,2024-11,Q4,Caribe,Montería,Web,PyME,Webcam HD,Accesorios,Juan Castro,2,296000,8,592000,47360,544640,145000,290000,254640,46.75,Procesando,Tarjeta crédito,5,8,No,No
ORD-02304,2025-01-12,2025,2025-01,Q1,Andina,Pereira,Marketplace,PyME,Audífonos Bluetooth,Audio,Andrés Moreno,4,374000,10,1496000,149600,1346400,213000,852000,494400,36.72,Procesando,PSE,3,3,No,Sí
ORD-02305,2025-04-23,2025,2025-04,Q2,Pacífica,Quibdó,Tienda física,PyME,Dock USB-C,Accesorios,Andrés Moreno,1,410000,5,410000,20500,389500,239000,239000,150500,38.64,Cancelado,PSE,,,No,No
ORD-02306,2026-08-24,2026,2026-08,Q3,Amazonía,Florencia,Tienda física,Emprendedor,Webcam HD,Accesorios,Juan Castro,2,270000,20,540000,108000,432000,153000,306000,126000,29.17,Cancelado,Efectivo,,,No,Sí
ORD-02307,2025-07-03,2025,2025-07,Q3,Andina,Manizales,Tienda física,PyME,Escritorio Ajustable,Mobiliario,Carlos Ruiz,2,2100000,0,4200000,0,4200000,1413000,2826000,1374000,32.71,Entregado,Tarjeta débito,5,5,No,No
ORD-02308,2025-05-17,2025,2025-05,Q2,Andina,Bogotá,Tienda física,PyME,Escritorio Ajustable,Mobiliario,Carlos Ruiz,3,2226000,0,6678000,0,6678000,1416000,4248000,2430000,36.39,Cancelado,Tarjeta débito,,,No,No
ORD-02309,2025-05-04,2025,2025-05,Q2,Caribe,Barranquilla,Tienda física,PyME,Mouse Inalámbrico,Accesorios,Juan Castro,2,191000,5,382000,19100,362900,88000,176000,186900,51.5,En tránsito,Tarjeta débito,4,4,No,No
ORD-02310,2024-06-24,2024,2024-06,Q2,Andina,Pereira,Web,Emprendedor,Headset Pro,Audio,Sofía Herrera,3,540000,5,1620000,81000,1539000,287000,861000,678000,44.05,Entregado,PSE,5,1,No,Sí
ORD-02311,2024-08-24,2024,2024-08,Q3,Caribe,Cartagena,Web,Consumidor,Monitor 27,Tecnología,Diego Martínez,1,1225000,5,1225000,61250,1163750,825000,825000,338750,29.11,En tránsito,Efectivo,4,6,No,No
ORD-02312,2025-12-03,2025,2025-12,Q4,Pacífica,Popayán,Marketplace,Consumidor,Mouse Inalámbrico,Accesorios,Carlos Ruiz,3,194000,0,582000,0,582000,84000,252000,330000,56.7,En tránsito,Transferencia,5,1,No,Sí
ORD-02313,2024-03-16,2024,2024-03,Q1,Orinoquía,Arauca,Web,PyME,Teclado Mecánico,Accesorios,Juan Castro,3,314000,0,942000,0,942000,172000,516000,426000,45.22,Cancelado,Transferencia,,,No,No
ORD-02314,2026-05-27,2026,2026-05,Q2,Caribe,Montería,Web,Consumidor,Monitor 27,Tecnología,Andrés Moreno,1,1298000,0,1298000,0,1298000,852000,852000,446000,34.36,En tránsito,PSE,5,4,No,No
ORD-02315,2024-07-09,2024,2024-07,Q3,Orinoquía,Yopal,Web,Corporativo,Monitor 24,Tecnología,Valentina Rojas,1,764000,5,764000,38200,725800,535000,535000,190800,26.29,En tránsito,Efectivo,5,5,No,No
ORD-02316,2024-08-21,2024,2024-08,Q3,Pacífica,Quibdó,Ventas corporativas,Consumidor,Headset Pro,Audio,Andrés Moreno,3,484000,0,1452000,0,1452000,294000,882000,570000,39.26,Entregado,PSE,5,1,No,No
ORD-02317,2024-12-23,2024,2024-12,Q4,Andina,Pereira,Web,Consumidor,Monitor 27,Tecnología,Carlos Ruiz,8,1372000,0,10976000,0,10976000,830000,6640000,4336000,39.5,Entregado,Tarjeta débito,5,2,No,No
ORD-02318,2026-02-19,2026,2026-02,Q1,Pacífica,Quibdó,Web,PyME,Monitor 24,Tecnología,Carlos Ruiz,10,764000,3,7640000,229200,7410800,517000,5170000,2240800,30.24,Procesando,PSE,5,3,No,No
ORD-02319,2024-02-08,2024,2024-02,Q1,Pacífica,Pasto,Web,Corporativo,Webcam HD,Accesorios,Sofía Herrera,1,265000,0,265000,0,265000,153000,153000,112000,42.26,En tránsito,PSE,4,7,No,No
ORD-02320,2024-10-17,2024,2024-10,Q4,Andina,Medellín,Ventas corporativas,Emprendedor,Laptop Pro 14,Tecnología,Ana Torres,14,4464000,5,62496000,3124800,59371200,3497000,48958000,10413200,17.54,En tránsito,Tarjeta débito,5,2,No,No
ORD-02321,2024-01-05,2024,2024-01,Q1,Caribe,Barranquilla,Web,PyME,Webcam HD,Accesorios,Laura Gómez,1,265000,3,265000,7950,257050,145000,145000,112050,43.59,Entregado,Tarjeta crédito,5,7,No,No
ORD-02322,2026-03-26,2026,2026-03,Q1,Pacífica,Quibdó,Ventas corporativas,PyME,Silla Ergonómica,Mobiliario,Carlos Ruiz,11,1348000,8,14828000,1186240,13641760,965000,10615000,3026760,22.19,Entregado,Tarjeta débito,4,2,No,Sí
ORD-02323,2024-06-23,2024,2024-06,Q2,Andina,Bogotá,Web,Consumidor,Webcam HD,Accesorios,Sofía Herrera,1,280000,5,280000,14000,266000,152000,152000,114000,42.86,Entregado,Tarjeta crédito,5,7,No,Sí
ORD-02324,2025-11-21,2025,2025-11,Q4,Andina,Manizales,Marketplace,PyME,Mouse Inalámbrico,Accesorios,Valentina Rojas,1,194000,5,194000,9700,184300,90000,90000,94300,51.17,Procesando,PSE,5,5,No,No
ORD-02325,2025-03-25,2025,2025-03,Q1,Caribe,Barranquilla,Web,Consumidor,Headset Pro,Audio,Carlos Ruiz,2,510000,0,1020000,0,1020000,275000,550000,470000,46.08,Entregado,Tarjeta crédito,5,3,No,No
ORD-02326,2024-06-12,2024,2024-06,Q2,Caribe,Valledupar,Tienda física,Emprendedor,Teclado Mecánico,Accesorios,Valentina Rojas,1,339000,3,339000,10170,328830,181000,181000,147830,44.96,Entregado,Efectivo,5,3,No,No
ORD-02327,2025-08-17,2025,2025-08,Q3,Andina,Medellín,Web,PyME,Dock USB-C,Accesorios,Andrés Moreno,1,402000,0,402000,0,402000,229000,229000,173000,43.03,Cancelado,PSE,,,No,No
ORD-02328,2024-06-04,2024,2024-06,Q2,Andina,Pereira,Web,PyME,Headset Pro,Audio,Ana Torres,2,540000,8,1080000,86400,993600,288000,576000,417600,42.03,Procesando,Transferencia,4,3,No,Sí
ORD-02329,2026-03-29,2026,2026-03,Q1,Caribe,Cartagena,Web,PyME,Headset Pro,Audio,Carlos Ruiz,6,510000,3,3060000,91800,2968200,291000,1746000,1222200,41.18,Entregado,PSE,4,5,No,Sí
ORD-02330,2024-06-02,2024,2024-06,Q2,Pacífica,Quibdó,Web,PyME,Headset Pro,Audio,Diego Martínez,1,540000,0,540000,0,540000,288000,288000,252000,46.67,Entregado,PSE,4,5,No,Sí
ORD-02331,2024-09-13,2024,2024-09,Q3,Orinoquía,Villavicencio,Web,Corporativo,Audífonos Bluetooth,Audio,Carlos Ruiz,6,382000,15,2292000,343800,1948200,216000,1296000,652200,33.48,En tránsito,Tarjeta débito,3,2,No,No
ORD-02332,2024-06-10,2024,2024-06,Q2,Andina,Medellín,Web,Corporativo,Mouse Inalámbrico,Accesorios,Sofía Herrera,5,187000,10,935000,93500,841500,84000,420000,421500,50.09,Entregado,Tarjeta débito,4,6,No,No
ORD-02333,2026-01-19,2026,2026-01,Q1,Andina,Pereira,Tienda física,Consumidor,Silla Ergonómica,Mobiliario,Andrés Moreno,4,1450000,15,5800000,870000,4930000,959000,3836000,1094000,22.19,En tránsito,Transferencia,4,4,No,No
ORD-02334,2024-03-17,2024,2024-03,Q1,Andina,Bucaramanga,Marketplace,Emprendedor,Monitor 27,Tecnología,Andrés Moreno,5,1200000,0,6000000,0,6000000,807000,4035000,1965000,32.75,Entregado,Tarjeta débito,5,3,No,Sí
ORD-02335,2025-04-18,2025,2025-04,Q2,Pacífica,Buenaventura,Web,Consumidor,Mouse Inalámbrico,Accesorios,Diego Martínez,2,176000,3,352000,10560,341440,82000,164000,177440,51.97,Cancelado,Efectivo,,,No,Sí
ORD-02336,2026-05-14,2026,2026-05,Q2,Caribe,Cartagena,Tienda física,Consumidor,Escritorio Ajustable,Mobiliario,Diego Martínez,3,2226000,0,6678000,0,6678000,1457000,4371000,2307000,34.55,Procesando,Transferencia,3,4,No,No
ORD-02337,2026-09-20,2026,2026-09,Q3,Pacífica,Buenaventura,Tienda física,Consumidor,Webcam HD,Accesorios,Sofía Herrera,2,270000,0,540000,0,540000,152000,304000,236000,43.7,Cancelado,Tarjeta débito,,,No,No
ORD-02338,2024-08-25,2024,2024-08,Q3,Andina,Manizales,Web,Emprendedor,Headset Pro,Audio,Diego Martínez,2,510000,8,1020000,81600,938400,290000,580000,358400,38.19,Entregado,PSE,5,3,No,Sí
ORD-02339,2025-12-25,2025,2025-12,Q4,Caribe,Barranquilla,Web,PyME,Mouse Inalámbrico,Accesorios,Sofía Herrera,2,198000,10,396000,39600,356400,87000,174000,182400,51.18,En tránsito,Efectivo,4,2,No,Sí
ORD-02340,2025-08-14,2025,2025-08,Q3,Caribe,Montería,Marketplace,PyME,Monitor 24,Tecnología,Juan Castro,2,749000,5,1498000,74900,1423100,526000,1052000,371100,26.08,En tránsito,Efectivo,3,5,No,No
ORD-02341,2025-09-17,2025,2025-09,Q3,Pacífica,Pasto,Web,PyME,Silla Ergonómica,Mobiliario,Diego Martínez,2,1421000,10,2842000,284200,2557800,908000,1816000,741800,29.0,Entregado,Tarjeta crédito,4,5,No,No
ORD-02342,2025-09-19,2025,2025-09,Q3,Andina,Bucaramanga,Tienda física,Emprendedor,Laptop Air 13,Tecnología,Carlos Ruiz,1,3500000,8,3500000,280000,3220000,2525000,2525000,695000,21.58,Cancelado,Tarjeta crédito,,,No,No
ORD-02343,2025-05-24,2025,2025-05,Q2,Andina,Bogotá,Web,PyME,Headset Pro,Audio,Andrés Moreno,5,540000,15,2700000,405000,2295000,280000,1400000,895000,39.0,Entregado,Tarjeta débito,1,6,No,No
ORD-02344,2026-08-01,2026,2026-08,Q3,Orinoquía,Villavicencio,Web,Consumidor,Monitor 24,Tecnología,Diego Martínez,2,764000,8,1528000,122240,1405760,533000,1066000,339760,24.17,En tránsito,Tarjeta débito,5,2,No,Sí
ORD-02345,2026-04-25,2026,2026-04,Q2,Caribe,Cartagena,Web,Consumidor,Silla Ergonómica,Mobiliario,Sofía Herrera,1,1421000,10,1421000,142100,1278900,942000,942000,336900,26.34,Procesando,Transferencia,5,3,No,No
ORD-02346,2026-05-22,2026,2026-05,Q2,Pacífica,Buenaventura,Web,Consumidor,Laptop Air 13,Tecnología,Diego Martínez,1,3636000,10,3636000,363600,3272400,2742000,2742000,530400,16.21,En tránsito,Tarjeta crédito,4,4,No,Sí
ORD-02347,2025-09-12,2025,2025-09,Q3,Pacífica,Buenaventura,Ventas corporativas,Consumidor,Monitor 24,Tecnología,Sofía Herrera,3,725000,20,2175000,435000,1740000,515000,1545000,195000,11.21,Entregado,Tarjeta crédito,2,1,No,Sí
ORD-02348,2026-04-13,2026,2026-04,Q2,Orinoquía,Villavicencio,Marketplace,Consumidor,Silla Ergonómica,Mobiliario,Ana Torres,1,1392000,5,1392000,69600,1322400,944000,944000,378400,28.61,Entregado,Tarjeta crédito,5,4,No,No
ORD-02349,2024-11-07,2024,2024-11,Q4,Andina,Bucaramanga,Tienda física,Corporativo,Laptop Pro 14,Tecnología,Diego Martínez,2,5376000,0,10752000,0,10752000,3501000,7002000,3750000,34.88,En tránsito,Tarjeta débito,3,2,No,No
ORD-02350,2024-10-15,2024,2024-10,Q4,Caribe,Valledupar,Ventas corporativas,Corporativo,Webcam HD,Accesorios,Diego Martínez,9,251000,8,2259000,180720,2078280,153000,1377000,701280,33.74,Entregado,Tarjeta débito,4,2,No,Sí
ORD-02351,2024-05-12,2024,2024-05,Q2,Andina,Manizales,Web,Corporativo,Mouse Inalámbrico,Accesorios,Juan Castro,1,187000,0,187000,0,187000,89000,89000,98000,52.41,Entregado,Transferencia,5,5,No,No
ORD-02352,2024-05-16,2024,2024-05,Q2,Andina,Manizales,Marketplace,Consumidor,Monitor 27,Tecnología,Andrés Moreno,1,1272000,3,1272000,38160,1233840,866000,866000,367840,29.81,En tránsito,Tarjeta débito,5,4,No,No
ORD-02353,2025-05-15,2025,2025-05,Q2,Andina,Bogotá,Tienda física,Consumidor,Audífonos Bluetooth,Audio,Andrés Moreno,4,413000,15,1652000,247800,1404200,208000,832000,572200,40.75,Procesando,Transferencia,5,2,No,No
ORD-02354,2025-03-24,2025,2025-03,Q1,Orinoquía,Villavicencio,Tienda física,Emprendedor,Monitor 24,Tecnología,Diego Martínez,2,780000,0,1560000,0,1560000,530000,1060000,500000,32.05,Procesando,Efectivo,4,1,No,No
ORD-02355,2025-10-13,2025,2025-10,Q4,Pacífica,Cali,Tienda física,Consumidor,Teclado Mecánico,Accesorios,Andrés Moreno,1,320000,3,320000,9600,310400,170000,170000,140400,45.23,Entregado,Tarjeta débito,5,1,No,Sí
ORD-02356,2025-07-05,2025,2025-07,Q3,Caribe,Barranquilla,Ventas corporativas,PyME,Webcam HD,Accesorios,Andrés Moreno,13,251000,10,3263000,326300,2936700,150000,1950000,986700,33.6,Entregado,PSE,5,4,No,No
ORD-02357,2025-09-26,2025,2025-09,Q3,Andina,Pereira,Marketplace,PyME,Laptop Air 13,Tecnología,Juan Castro,2,3360000,3,6720000,201600,6518400,2668000,5336000,1182400,18.14,Cancelado,PSE,,,No,No
ORD-02358,2025-09-07,2025,2025-09,Q3,Andina,Medellín,Web,Corporativo,Escritorio Ajustable,Mobiliario,Ana Torres,1,2058000,5,2058000,102900,1955100,1399000,1399000,556100,28.44,En tránsito,Tarjeta crédito,4,4,No,No
ORD-02359,2026-09-13,2026,2026-09,Q3,Caribe,Santa Marta,Tienda física,Emprendedor,Monitor 24,Tecnología,Diego Martínez,3,780000,0,2340000,0,2340000,525000,1575000,765000,32.69,Entregado,PSE,5,5,No,Sí
ORD-02360,2026-08-17,2026,2026-08,Q3,Pacífica,Cali,Marketplace,Emprendedor,Webcam HD,Accesorios,Ana Torres,6,259000,8,1554000,124320,1429680,149000,894000,535680,37.47,En tránsito,Tarjeta débito,4,7,No,No
ORD-02361,2026-03-29,2026,2026-03,Q1,Andina,Bogotá,Web,Corporativo,Audífonos Bluetooth,Audio,Carlos Ruiz,4,382000,8,1528000,122240,1405760,197000,788000,617760,43.94,Entregado,Tarjeta crédito,5,4,Sí,No
ORD-02362,2024-10-29,2024,2024-10,Q4,Andina,Manizales,Marketplace,Corporativo,Mouse Inalámbrico,Accesorios,Andrés Moreno,2,173000,0,346000,0,346000,90000,180000,166000,47.98,Entregado,Tarjeta crédito,2,3,No,No
ORD-02363,2024-09-20,2024,2024-09,Q3,Amazonía,Leticia,Web,Corporativo,Dock USB-C,Accesorios,Carlos Ruiz,1,402000,10,402000,40200,361800,248000,248000,113800,31.45,Entregado,Tarjeta crédito,5,3,No,No
ORD-02364,2026-09-30,2026,2026-09,Q3,Andina,Manizales,Marketplace,Corporativo,Webcam HD,Accesorios,Ana Torres,1,259000,0,259000,0,259000,146000,146000,113000,43.63,Entregado,PSE,5,4,No,No
ORD-02365,2025-11-06,2025,2025-11,Q4,Caribe,Valledupar,Ventas corporativas,PyME,Escritorio Ajustable,Mobiliario,Diego Martínez,12,2187000,8,26244000,2099520,24144480,1478000,17736000,6408480,26.54,Entregado,Efectivo,5,6,No,No
ORD-02366,2026-04-02,2026,2026-04,Q2,Caribe,Valledupar,Ventas corporativas,Corporativo,Escritorio Ajustable,Mobiliario,Carlos Ruiz,17,1953000,8,33201000,2656080,30544920,1400000,23800000,6744920,22.08,Procesando,Tarjeta débito,3,2,No,Sí
ORD-02367,2025-06-07,2025,2025-06,Q2,Caribe,Santa Marta,Web,PyME,Monitor 24,Tecnología,Carlos Ruiz,1,810000,3,810000,24300,785700,508000,508000,277700,35.34,En tránsito,Tarjeta débito,5,5,No,No
ORD-02368,2025-08-31,2025,2025-08,Q3,Andina,Manizales,Web,Corporativo,Laptop Pro 14,Tecnología,Laura Gómez,1,4704000,15,4704000,705600,3998400,3571000,3571000,427400,10.69,Entregado,PSE,3,7,No,Sí
ORD-02369,2024-05-21,2024,2024-05,Q2,Andina,Medellín,Web,PyME,Monitor 24,Tecnología,Ana Torres,5,810000,3,4050000,121500,3928500,522000,2610000,1318500,33.56,Entregado,Tarjeta crédito,5,2,No,No
ORD-02370,2025-05-15,2025,2025-05,Q2,Andina,Manizales,Tienda física,Corporativo,Headset Pro,Audio,Andrés Moreno,1,551000,0,551000,0,551000,298000,298000,253000,45.92,Entregado,Tarjeta débito,5,3,No,No
ORD-02371,2025-01-09,2025,2025-01,Q1,Pacífica,Quibdó,Marketplace,Emprendedor,Teclado Mecánico,Accesorios,Sofía Herrera,2,307000,5,614000,30700,583300,170000,340000,243300,41.71,En tránsito,PSE,3,6,No,No
ORD-02372,2025-02-27,2025,2025-02,Q1,Pacífica,Cali,Web,Emprendedor,Silla Ergonómica,Mobiliario,Laura Gómez,5,1421000,3,7105000,213150,6891850,934000,4670000,2221850,32.24,Entregado,Efectivo,3,1,No,Sí
ORD-02373,2026-05-21,2026,2026-05,Q2,Caribe,Santa Marta,Web,Corporativo,Laptop Pro 14,Tecnología,Laura Gómez,1,4986000,0,4986000,0,4986000,3605000,3605000,1381000,27.7,Procesando,Tarjeta débito,4,4,No,No
ORD-02374,2026-01-24,2026,2026-01,Q1,Orinoquía,Yopal,Web,Corporativo,Headset Pro,Audio,Andrés Moreno,2,510000,3,1020000,30600,989400,300000,600000,389400,39.36,En tránsito,Tarjeta débito,4,6,No,No
ORD-02375,2026-03-18,2026,2026-03,Q1,Pacífica,Pasto,Web,Consumidor,Monitor 27,Tecnología,Sofía Herrera,1,1225000,8,1225000,98000,1127000,828000,828000,299000,26.53,En tránsito,Efectivo,4,2,No,No
ORD-02376,2026-03-24,2026,2026-03,Q1,Caribe,Barranquilla,Tienda física,PyME,Teclado Mecánico,Accesorios,Valentina Rojas,5,320000,0,1600000,0,1600000,168000,840000,760000,47.5,Procesando,Tarjeta débito,4,2,No,No
ORD-02377,2025-11-18,2025,2025-11,Q4,Caribe,Santa Marta,Tienda física,Emprendedor,Monitor 24,Tecnología,Sofía Herrera,3,874000,10,2622000,262200,2359800,531000,1593000,766800,32.49,Procesando,Transferencia,4,3,No,Sí
ORD-02378,2024-04-13,2024,2024-04,Q2,Andina,Bogotá,Web,PyME,Teclado Mecánico,Accesorios,Diego Martínez,1,314000,5,314000,15700,298300,182000,182000,116300,38.99,Entregado,Tarjeta débito,5,7,No,No
ORD-02379,2026-01-31,2026,2026-01,Q1,Andina,Bogotá,Tienda física,PyME,Webcam HD,Accesorios,Valentina Rojas,2,270000,0,540000,0,540000,149000,298000,242000,44.81,Entregado,Tarjeta crédito,4,4,No,Sí
ORD-02380,2025-01-15,2025,2025-01,Q1,Andina,Medellín,Marketplace,Emprendedor,Audífonos Bluetooth,Audio,Sofía Herrera,3,374000,8,1122000,89760,1032240,202000,606000,426240,41.29,Cancelado,PSE,,,No,No
ORD-02381,2025-04-15,2025,2025-04,Q2,Caribe,Santa Marta,Marketplace,Corporativo,Monitor 27,Tecnología,Sofía Herrera,1,1200000,0,1200000,0,1200000,857000,857000,343000,28.58,Procesando,Efectivo,5,1,No,No
ORD-02382,2026-07-06,2026,2026-07,Q3,Andina,Pereira,Marketplace,PyME,Mouse Inalámbrico,Accesorios,Carlos Ruiz,4,173000,15,692000,103800,588200,83000,332000,256200,43.56,Cancelado,Transferencia,,,No,No
ORD-02383,2024-10-21,2024,2024-10,Q4,Pacífica,Buenaventura,Marketplace,PyME,Webcam HD,Accesorios,Laura Gómez,2,259000,0,518000,0,518000,141000,282000,236000,45.56,Cancelado,Tarjeta débito,,,No,Sí
ORD-02384,2026-09-15,2026,2026-09,Q3,Andina,Medellín,Web,PyME,Webcam HD,Accesorios,Valentina Rojas,2,265000,15,530000,79500,450500,143000,286000,164500,36.51,Entregado,PSE,4,3,No,No
ORD-02385,2024-04-11,2024,2024-04,Q2,Andina,Pereira,Web,Emprendedor,Dock USB-C,Accesorios,Laura Gómez,1,402000,0,402000,0,402000,226000,226000,176000,43.78,Entregado,Transferencia,5,5,No,No
ORD-02386,2024-10-25,2024,2024-10,Q4,Pacífica,Pasto,Web,Corporativo,Escritorio Ajustable,Mobiliario,Andrés Moreno,4,2058000,15,8232000,1234800,6997200,1502000,6008000,989200,14.14,Entregado,PSE,5,2,No,Sí
ORD-02387,2025-10-01,2025,2025-10,Q4,Andina,Bucaramanga,Ventas corporativas,Corporativo,Monitor 24,Tecnología,Diego Martínez,11,725000,0,7975000,0,7975000,530000,5830000,2145000,26.9,Cancelado,Efectivo,,,No,No
ORD-02388,2026-02-03,2026,2026-02,Q1,Caribe,Barranquilla,Web,Consumidor,Mouse Inalámbrico,Accesorios,Valentina Rojas,1,176000,5,176000,8800,167200,86000,86000,81200,48.56,Entregado,Efectivo,4,3,No,No
ORD-02389,2025-01-26,2025,2025-01,Q1,Amazonía,Florencia,Ventas corporativas,Emprendedor,Monitor 24,Tecnología,Diego Martínez,7,725000,5,5075000,253750,4821250,495000,3465000,1356250,28.13,Entregado,Tarjeta crédito,1,2,No,No
ORD-02390,2024-08-15,2024,2024-08,Q3,Andina,Pereira,Web,Consumidor,Mouse Inalámbrico,Accesorios,Carlos Ruiz,3,176000,10,528000,52800,475200,86000,258000,217200,45.71,Entregado,PSE,3,3,No,No
ORD-02391,2024-02-22,2024,2024-02,Q1,Orinoquía,Villavicencio,Marketplace,PyME,Headset Pro,Audio,Ana Torres,3,499000,20,1497000,299400,1197600,291000,873000,324600,27.1,Cancelado,Transferencia,,,No,No
ORD-02392,2024-01-19,2024,2024-01,Q1,Andina,Bogotá,Web,Emprendedor,Webcam HD,Accesorios,Sofía Herrera,1,265000,8,265000,21200,243800,146000,146000,97800,40.11,Entregado,PSE,3,4,No,Sí
ORD-02393,2025-09-02,2025,2025-09,Q3,Amazonía,Mocoa,Tienda física,Corporativo,Mouse Inalámbrico,Accesorios,Juan Castro,4,180000,0,720000,0,720000,83000,332000,388000,53.89,Entregado,Tarjeta crédito,5,5,No,No
ORD-02394,2025-04-01,2025,2025-04,Q2,Pacífica,Cali,Web,Consumidor,Monitor 24,Tecnología,Sofía Herrera,1,764000,15,764000,114600,649400,516000,516000,133400,20.54,Entregado,Tarjeta crédito,5,3,No,No
ORD-02395,2024-01-13,2024,2024-01,Q1,Andina,Bucaramanga,Ventas corporativas,Corporativo,Laptop Air 13,Tecnología,Juan Castro,10,3255000,5,32550000,1627500,30922500,2659000,26590000,4332500,14.01,En tránsito,Efectivo,4,2,No,No
ORD-02396,2024-01-06,2024,2024-01,Q1,Caribe,Valledupar,Web,Emprendedor,Laptop Air 13,Tecnología,Valentina Rojas,1,3430000,8,3430000,274400,3155600,2732000,2732000,423600,13.42,Entregado,Tarjeta débito,4,7,No,No
ORD-02397,2025-05-28,2025,2025-05,Q2,Caribe,Santa Marta,Tienda física,Emprendedor,Laptop Air 13,Tecnología,Laura Gómez,1,3710000,10,3710000,371000,3339000,2531000,2531000,808000,24.2,Entregado,PSE,5,2,No,No
ORD-02398,2024-05-29,2024,2024-05,Q2,Andina,Manizales,Marketplace,PyME,Teclado Mecánico,Accesorios,Valentina Rojas,8,326000,8,2608000,208640,2399360,172000,1376000,1023360,42.65,Procesando,Transferencia,5,2,No,Sí
ORD-02399,2024-02-04,2024,2024-02,Q1,Caribe,Valledupar,Ventas corporativas,Consumidor,Headset Pro,Audio,Juan Castro,17,484000,10,8228000,822800,7405200,298000,5066000,2339200,31.59,Cancelado,Efectivo,,,No,No
ORD-02400,2024-10-04,2024,2024-10,Q4,Caribe,Barranquilla,Web,PyME,Laptop Pro 14,Tecnología,Andrés Moreno,5,4704000,5,23520000,1176000,22344000,3636000,18180000,4164000,18.64,En tránsito,Efectivo,4,6,No,No
ORD-02401,2024-11-20,2024,2024-11,Q4,Andina,Manizales,Web,Emprendedor,Laptop Pro 14,Tecnología,Ana Torres,1,5268000,8,5268000,421440,4846560,3720000,3720000,1126560,23.24,Entregado,PSE,4,5,No,No
ORD-02402,2026-08-16,2026,2026-08,Q3,Caribe,Barranquilla,Tienda física,Corporativo,Teclado Mecánico,Accesorios,Ana Torres,1,320000,5,320000,16000,304000,178000,178000,126000,41.45,En tránsito,Transferencia,4,4,No,No
ORD-02403,2026-07-13,2026,2026-07,Q3,Caribe,Barranquilla,Marketplace,Corporativo,Monitor 24,Tecnología,Andrés Moreno,8,749000,0,5992000,0,5992000,538000,4304000,1688000,28.17,Entregado,Tarjeta débito,3,1,No,No
ORD-02404,2024-06-07,2024,2024-06,Q2,Pacífica,Cali,Tienda física,PyME,Laptop Pro 14,Tecnología,Valentina Rojas,2,5088000,8,10176000,814080,9361920,3714000,7428000,1933920,20.66,Entregado,Transferencia,3,3,No,Sí
ORD-02405,2025-08-17,2025,2025-08,Q3,Caribe,Barranquilla,Ventas corporativas,Consumidor,Mouse Inalámbrico,Accesorios,Laura Gómez,9,167000,5,1503000,75150,1427850,87000,783000,644850,45.16,Cancelado,Tarjeta débito,,,No,No
ORD-02406,2024-10-02,2024,2024-10,Q4,Andina,Medellín,Web,Emprendedor,Headset Pro,Audio,Andrés Moreno,3,510000,0,1530000,0,1530000,288000,864000,666000,43.53,En tránsito,Transferencia,5,7,No,No
ORD-02407,2024-01-29,2024,2024-01,Q1,Pacífica,Cali,Web,Consumidor,Dock USB-C,Accesorios,Carlos Ruiz,2,402000,15,804000,120600,683400,228000,456000,227400,33.27,Entregado,Transferencia,4,1,No,No
ORD-02408,2026-07-02,2026,2026-07,Q3,Amazonía,Leticia,Tienda física,Consumidor,Dock USB-C,Accesorios,Andrés Moreno,1,410000,10,410000,41000,369000,245000,245000,124000,33.6,En tránsito,Transferencia,4,5,No,Sí
ORD-02409,2024-03-22,2024,2024-03,Q1,Orinoquía,Yopal,Tienda física,Consumidor,Audífonos Bluetooth,Audio,Andrés Moreno,2,390000,0,780000,0,780000,203000,406000,374000,47.95,Entregado,PSE,4,4,No,Sí
ORD-02410,2024-06-23,2024,2024-06,Q2,Caribe,Santa Marta,Tienda física,Corporativo,Monitor 24,Tecnología,Sofía Herrera,1,827000,10,827000,82700,744300,520000,520000,224300,30.14,Procesando,Efectivo,4,4,No,Sí
ORD-02411,2025-10-10,2025,2025-10,Q4,Andina,Medellín,Web,Consumidor,Audífonos Bluetooth,Audio,Diego Martínez,5,382000,10,1910000,191000,1719000,208000,1040000,679000,39.5,Entregado,Tarjeta débito,5,6,No,No
ORD-02412,2024-01-07,2024,2024-01,Q1,Andina,Bucaramanga,Web,Consumidor,Silla Ergonómica,Mobiliario,Sofía Herrera,4,1421000,5,5684000,284200,5399800,979000,3916000,1483800,27.48,En tránsito,Tarjeta crédito,3,5,No,No
ORD-02413,2025-04-20,2025,2025-04,Q2,Caribe,Montería,Web,Consumidor,Dock USB-C,Accesorios,Juan Castro,2,402000,5,804000,40200,763800,245000,490000,273800,35.85,Procesando,Transferencia,3,7,No,No
ORD-02414,2025-05-18,2025,2025-05,Q2,Orinoquía,Arauca,Marketplace,Consumidor,Webcam HD,Accesorios,Andrés Moreno,2,275000,5,550000,27500,522500,146000,292000,230500,44.11,En tránsito,Transferencia,4,5,No,Sí
ORD-02415,2024-12-27,2024,2024-12,Q4,Andina,Pereira,Marketplace,PyME,Headset Pro,Audio,Andrés Moreno,2,559000,8,1118000,89440,1028560,290000,580000,448560,43.61,Entregado,Efectivo,4,4,No,Sí
ORD-02416,2025-07-25,2025,2025-07,Q3,Caribe,Cartagena,Web,Emprendedor,Webcam HD,Accesorios,Valentina Rojas,4,265000,0,1060000,0,1060000,139000,556000,504000,47.55,Entregado,Efectivo,5,6,No,Sí
ORD-02417,2026-04-26,2026,2026-04,Q2,Caribe,Cartagena,Tienda física,PyME,Headset Pro,Audio,Laura Gómez,4,520000,3,2080000,62400,2017600,275000,1100000,917600,45.48,En tránsito,Tarjeta débito,3,1,No,Sí
ORD-02418,2026-06-06,2026,2026-06,Q2,Andina,Medellín,Web,PyME,Laptop Pro 14,Tecnología,Carlos Ruiz,3,4986000,0,14958000,0,14958000,3609000,10827000,4131000,27.62,Entregado,Efectivo,1,7,No,Sí
ORD-02419,2024-01-22,2024,2024-01,Q1,Andina,Bucaramanga,Tienda física,PyME,Silla Ergonómica,Mobiliario,Ana Torres,2,1450000,5,2900000,145000,2755000,927000,1854000,901000,32.7,Cancelado,Efectivo,,,No,No
ORD-02420,2024-12-17,2024,2024-12,Q4,Andina,Medellín,Tienda física,Emprendedor,Dock USB-C,Accesorios,Diego Martínez,8,459000,5,3672000,183600,3488400,242000,1936000,1552400,44.5,Procesando,Efectivo,4,5,No,No
ORD-02421,2026-08-05,2026,2026-08,Q3,Andina,Medellín,Web,Consumidor,Mouse Inalámbrico,Accesorios,Juan Castro,2,176000,5,352000,17600,334400,87000,174000,160400,47.97,Entregado,Efectivo,4,5,No,No
ORD-02422,2024-09-13,2024,2024-09,Q3,Andina,Pereira,Web,Consumidor,Monitor 27,Tecnología,Valentina Rojas,3,1225000,15,3675000,551250,3123750,844000,2532000,591750,18.94,Procesando,Tarjeta débito,5,4,No,Sí
ORD-02423,2025-03-10,2025,2025-03,Q1,Orinoquía,Yopal,Tienda física,Consumidor,Headset Pro,Audio,Sofía Herrera,4,520000,0,2080000,0,2080000,279000,1116000,964000,46.35,Cancelado,Tarjeta débito,,,No,No
ORD-02424,2026-05-30,2026,2026-05,Q2,Andina,Bogotá,Ventas corporativas,PyME,Webcam HD,Accesorios,Laura Gómez,12,266000,5,3192000,159600,3032400,150000,1800000,1232400,40.64,Procesando,Tarjeta débito,5,3,No,No
ORD-02425,2026-08-10,2026,2026-08,Q3,Pacífica,Popayán,Tienda física,Consumidor,Laptop Air 13,Tecnología,Ana Torres,1,3500000,10,3500000,350000,3150000,2657000,2657000,493000,15.65,Cancelado,Tarjeta crédito,,,No,Sí
ORD-02426,2026-09-05,2026,2026-09,Q3,Pacífica,Buenaventura,Ventas corporativas,PyME,Laptop Air 13,Tecnología,Juan Castro,7,3255000,8,22785000,1822800,20962200,2645000,18515000,2447200,11.67,Cancelado,Transferencia,,,No,Sí
ORD-02427,2024-11-08,2024,2024-11,Q4,Pacífica,Pasto,Marketplace,Consumidor,Dock USB-C,Accesorios,Juan Castro,1,441000,0,441000,0,441000,234000,234000,207000,46.94,En tránsito,Tarjeta crédito,4,4,No,No
ORD-02428,2024-10-21,2024,2024-10,Q4,Andina,Medellín,Web,Corporativo,Dock USB-C,Accesorios,Sofía Herrera,1,402000,5,402000,20100,381900,248000,248000,133900,35.06,Entregado,Tarjeta crédito,5,2,No,No
ORD-02429,2026-07-04,2026,2026-07,Q3,Andina,Medellín,Tienda física,Consumidor,Teclado Mecánico,Accesorios,Ana Torres,1,320000,15,320000,48000,272000,169000,169000,103000,37.87,Entregado,Efectivo,5,3,No,Sí
ORD-02430,2025-08-21,2025,2025-08,Q3,Caribe,Valledupar,Marketplace,PyME,Escritorio Ajustable,Mobiliario,Andrés Moreno,1,2016000,3,2016000,60480,1955520,1364000,1364000,591520,30.25,Entregado,Tarjeta crédito,5,2,No,No
ORD-02431,2024-06-27,2024,2024-06,Q2,Andina,Bucaramanga,Marketplace,Corporativo,Audífonos Bluetooth,Audio,Andrés Moreno,8,397000,0,3176000,0,3176000,215000,1720000,1456000,45.84,En tránsito,Transferencia,5,4,No,Sí
ORD-02432,2024-05-10,2024,2024-05,Q2,Caribe,Montería,Web,Corporativo,Monitor 24,Tecnología,Juan Castro,2,810000,15,1620000,243000,1377000,504000,1008000,369000,26.8,Entregado,Tarjeta débito,4,6,No,No
ORD-02433,2026-03-28,2026,2026-03,Q1,Pacífica,Buenaventura,Web,Consumidor,Escritorio Ajustable,Mobiliario,Diego Martínez,2,2058000,0,4116000,0,4116000,1383000,2766000,1350000,32.8,Entregado,Tarjeta débito,5,7,No,No
ORD-02434,2025-03-23,2025,2025-03,Q1,Andina,Pereira,Tienda física,PyME,Audífonos Bluetooth,Audio,Carlos Ruiz,3,390000,15,1170000,175500,994500,207000,621000,373500,37.56,Entregado,Tarjeta débito,4,5,No,No
ORD-02435,2025-09-10,2025,2025-09,Q3,Orinoquía,Villavicencio,Ventas corporativas,Corporativo,Webcam HD,Accesorios,Carlos Ruiz,5,251000,0,1255000,0,1255000,146000,730000,525000,41.83,Procesando,PSE,4,3,No,No
ORD-02436,2024-03-27,2024,2024-03,Q1,Pacífica,Cali,Ventas corporativas,Emprendedor,Dock USB-C,Accesorios,Juan Castro,5,381000,0,1905000,0,1905000,247000,1235000,670000,35.17,En tránsito,Efectivo,5,2,No,Sí
ORD-02437,2024-01-04,2024,2024-01,Q1,Pacífica,Pasto,Web,Emprendedor,Monitor 24,Tecnología,Sofía Herrera,6,764000,5,4584000,229200,4354800,504000,3024000,1330800,30.56,Entregado,Tarjeta débito,5,1,No,Sí
ORD-02438,2026-02-17,2026,2026-02,Q1,Amazonía,Mocoa,Tienda física,Corporativo,Laptop Pro 14,Tecnología,Juan Castro,2,4800000,0,9600000,0,9600000,3735000,7470000,2130000,22.19,En tránsito,Tarjeta débito,4,2,No,No
ORD-02439,2024-02-18,2024,2024-02,Q1,Pacífica,Quibdó,Ventas corporativas,Emprendedor,Webcam HD,Accesorios,Laura Gómez,12,251000,0,3012000,0,3012000,148000,1776000,1236000,41.04,Entregado,Transferencia,5,3,No,Sí
ORD-02440,2026-09-25,2026,2026-09,Q3,Andina,Pereira,Ventas corporativas,PyME,Audífonos Bluetooth,Audio,Ana Torres,13,363000,15,4719000,707850,4011150,215000,2795000,1216150,30.32,Entregado,Efectivo,5,3,No,No
ORD-02441,2026-09-14,2026,2026-09,Q3,Caribe,Barranquilla,Web,PyME,Monitor 24,Tecnología,Valentina Rojas,5,764000,8,3820000,305600,3514400,501000,2505000,1009400,28.72,Cancelado,PSE,,,No,No
ORD-02442,2026-09-22,2026,2026-09,Q3,Pacífica,Popayán,Web,Corporativo,Silla Ergonómica,Mobiliario,Juan Castro,5,1421000,0,7105000,0,7105000,920000,4600000,2505000,35.26,En tránsito,Tarjeta crédito,5,3,No,No
ORD-02443,2025-06-11,2025,2025-06,Q2,Andina,Manizales,Tienda física,Consumidor,Dock USB-C,Accesorios,Laura Gómez,2,435000,8,870000,69600,800400,239000,478000,322400,40.28,Procesando,Tarjeta crédito,4,5,No,No
ORD-02444,2025-10-17,2025,2025-10,Q4,Orinoquía,Villavicencio,Web,PyME,Audífonos Bluetooth,Audio,Ana Torres,4,382000,0,1528000,0,1528000,208000,832000,696000,45.55,En tránsito,Tarjeta débito,5,2,No,No
ORD-02445,2024-05-10,2024,2024-05,Q2,Andina,Bucaramanga,Web,Corporativo,Mouse Inalámbrico,Accesorios,Valentina Rojas,6,187000,8,1122000,89760,1032240,89000,534000,498240,48.27,Entregado,Tarjeta crédito,3,4,No,Sí
ORD-02446,2024-10-18,2024,2024-10,Q4,Andina,Manizales,Web,PyME,Teclado Mecánico,Accesorios,Diego Martínez,1,314000,10,314000,31400,282600,169000,169000,113600,40.2,Entregado,PSE,4,5,No,No
ORD-02447,2024-06-01,2024,2024-06,Q2,Andina,Medellín,Web,Emprendedor,Escritorio Ajustable,Mobiliario,Sofía Herrera,3,2181000,5,6543000,327150,6215850,1376000,4128000,2087850,33.59,Cancelado,Efectivo,,,No,No
ORD-02448,2024-05-16,2024,2024-05,Q2,Caribe,Barranquilla,Marketplace,Corporativo,Webcam HD,Accesorios,Diego Martínez,3,275000,8,825000,66000,759000,151000,453000,306000,40.32,Entregado,PSE,5,5,No,No
ORD-02449,2025-02-16,2025,2025-02,Q1,Caribe,Valledupar,Web,Emprendedor,Laptop Pro 14,Tecnología,Diego Martínez,10,4704000,5,47040000,2352000,44688000,3518000,35180000,9508000,21.28,En tránsito,Transferencia,4,2,No,No
ORD-02450,2026-04-19,2026,2026-04,Q2,Andina,Pereira,Web,Corporativo,Headset Pro,Audio,Laura Gómez,2,510000,5,1020000,51000,969000,299000,598000,371000,38.29,Cancelado,Efectivo,,,No,No
ORD-02451,2025-08-16,2025,2025-08,Q3,Andina,Manizales,Tienda física,PyME,Monitor 27,Tecnología,Andrés Moreno,4,1250000,5,5000000,250000,4750000,834000,3336000,1414000,29.77,Entregado,Tarjeta débito,5,5,No,No
ORD-02452,2025-10-09,2025,2025-10,Q4,Amazonía,Mocoa,Ventas corporativas,Emprendedor,Dock USB-C,Accesorios,Sofía Herrera,20,381000,10,7620000,762000,6858000,237000,4740000,2118000,30.88,Entregado,PSE,4,5,No,No
ORD-02453,2026-09-28,2026,2026-09,Q3,Caribe,Montería,Web,Corporativo,Laptop Air 13,Tecnología,Laura Gómez,1,3430000,15,3430000,514500,2915500,2652000,2652000,263500,9.04,Cancelado,Transferencia,,,No,No
ORD-02454,2025-02-09,2025,2025-02,Q1,Andina,Pereira,Marketplace,PyME,Dock USB-C,Accesorios,Sofía Herrera,4,394000,8,1576000,126080,1449920,248000,992000,457920,31.58,Procesando,Efectivo,5,6,No,No
ORD-02455,2024-09-17,2024,2024-09,Q3,Orinoquía,Villavicencio,Ventas corporativas,PyME,Headset Pro,Audio,Sofía Herrera,19,484000,5,9196000,459800,8736200,288000,5472000,3264200,37.36,En tránsito,PSE,5,2,No,Sí
ORD-02456,2025-07-28,2025,2025-07,Q3,Amazonía,Leticia,Marketplace,PyME,Audífonos Bluetooth,Audio,Valentina Rojas,5,374000,5,1870000,93500,1776500,208000,1040000,736500,41.46,Entregado,Efectivo,5,6,No,Sí
ORD-02457,2024-05-18,2024,2024-05,Q2,Caribe,Cartagena,Ventas corporativas,PyME,Webcam HD,Accesorios,Valentina Rojas,7,266000,8,1862000,148960,1713040,148000,1036000,677040,39.52,Entregado,Tarjeta débito,5,5,No,Sí
ORD-02458,2026-02-21,2026,2026-02,Q1,Andina,Bogotá,Tienda física,Consumidor,Laptop Pro 14,Tecnología,Diego Martínez,1,4800000,0,4800000,0,4800000,3462000,3462000,1338000,27.88,Entregado,Tarjeta crédito,4,7,No,Sí
ORD-02459,2024-01-05,2024,2024-01,Q1,Caribe,Cartagena,Web,Emprendedor,Laptop Air 13,Tecnología,Laura Gómez,1,3430000,3,3430000,102900,3327100,2639000,2639000,688100,20.68,En tránsito,Tarjeta débito,4,5,No,Sí
ORD-02460,2026-03-02,2026,2026-03,Q1,Caribe,Santa Marta,Ventas corporativas,Consumidor,Dock USB-C,Accesorios,Carlos Ruiz,5,381000,0,1905000,0,1905000,226000,1130000,775000,40.68,Entregado,Transferencia,5,3,No,No
ORD-02461,2024-12-16,2024,2024-12,Q4,Pacífica,Buenaventura,Ventas corporativas,PyME,Monitor 27,Tecnología,Sofía Herrera,20,1302000,3,26040000,781200,25258800,868000,17360000,7898800,31.27,Procesando,Transferencia,5,1,No,Sí
ORD-02462,2025-09-25,2025,2025-09,Q3,Andina,Manizales,Web,Consumidor,Headset Pro,Audio,Laura Gómez,4,510000,5,2040000,102000,1938000,274000,1096000,842000,43.45,En tránsito,PSE,3,5,No,Sí
ORD-02463,2025-09-30,2025,2025-09,Q3,Andina,Pereira,Ventas corporativas,PyME,Laptop Pro 14,Tecnología,Diego Martínez,7,4464000,3,31248000,937440,30310560,3661000,25627000,4683560,15.45,Cancelado,Tarjeta débito,,,No,Sí
ORD-02464,2025-11-13,2025,2025-11,Q4,Pacífica,Cali,Ventas corporativas,PyME,Mouse Inalámbrico,Accesorios,Andrés Moreno,10,187000,0,1870000,0,1870000,88000,880000,990000,52.94,Procesando,Transferencia,4,2,No,Sí
ORD-02465,2024-05-31,2024,2024-05,Q2,Caribe,Barranquilla,Web,PyME,Monitor 27,Tecnología,Diego Martínez,1,1298000,5,1298000,64900,1233100,833000,833000,400100,32.45,Cancelado,Tarjeta débito,,,No,No
ORD-02466,2025-05-20,2025,2025-05,Q2,Pacífica,Cali,Marketplace,Corporativo,Audífonos Bluetooth,Audio,Valentina Rojas,2,397000,5,794000,39700,754300,199000,398000,356300,47.24,En tránsito,Tarjeta débito,5,1,No,No
ORD-02467,2024-01-08,2024,2024-01,Q1,Andina,Bogotá,Web,Emprendedor,Mouse Inalámbrico,Accesorios,Sofía Herrera,2,176000,3,352000,10560,341440,83000,166000,175440,51.38,En tránsito,Tarjeta crédito,4,5,No,No
ORD-02468,2026-04-06,2026,2026-04,Q2,Orinoquía,Yopal,Tienda física,Consumidor,Monitor 24,Tecnología,Laura Gómez,1,780000,15,780000,117000,663000,490000,490000,173000,26.09,Entregado,PSE,4,3,No,Sí
ORD-02469,2024-11-26,2024,2024-11,Q4,Pacífica,Cali,Web,PyME,Silla Ergonómica,Mobiliario,Andrés Moreno,2,1592000,5,3184000,159200,3024800,931000,1862000,1162800,38.44,En tránsito,Efectivo,4,5,No,No
ORD-02470,2026-01-21,2026,2026-01,Q1,Andina,Medellín,Marketplace,Corporativo,Laptop Pro 14,Tecnología,Laura Gómez,2,4608000,8,9216000,737280,8478720,3703000,7406000,1072720,12.65,Entregado,Tarjeta crédito,4,5,No,No
ORD-02471,2024-06-16,2024,2024-06,Q2,Caribe,Montería,Tienda física,PyME,Headset Pro,Audio,Juan Castro,2,551000,15,1102000,165300,936700,278000,556000,380700,40.64,Entregado,Tarjeta crédito,3,2,No,Sí
ORD-02472,2024-06-10,2024,2024-06,Q2,Andina,Medellín,Web,Corporativo,Teclado Mecánico,Accesorios,Ana Torres,6,332000,10,1992000,199200,1792800,177000,1062000,730800,40.76,Entregado,PSE,5,1,No,Sí
ORD-02473,2024-11-18,2024,2024-11,Q4,Andina,Manizales,Marketplace,PyME,Headset Pro,Audio,Laura Gómez,1,559000,15,559000,83850,475150,296000,296000,179150,37.7,Cancelado,Transferencia,,,No,Sí
ORD-02474,2024-12-26,2024,2024-12,Q4,Orinoquía,Yopal,Tienda física,PyME,Escritorio Ajustable,Mobiliario,Sofía Herrera,2,2352000,5,4704000,235200,4468800,1391000,2782000,1686800,37.75,Cancelado,Tarjeta crédito,,,No,No
ORD-02475,2025-11-07,2025,2025-11,Q4,Caribe,Santa Marta,Web,Corporativo,Headset Pro,Audio,Laura Gómez,3,571000,15,1713000,256950,1456050,289000,867000,589050,40.46,Cancelado,Tarjeta crédito,,,No,Sí
ORD-02476,2026-02-10,2026,2026-02,Q1,Amazonía,Florencia,Marketplace,PyME,Mouse Inalámbrico,Accesorios,Valentina Rojas,2,173000,8,346000,27680,318320,86000,172000,146320,45.97,En tránsito,Tarjeta crédito,5,2,No,Sí
ORD-02477,2024-02-09,2024,2024-02,Q1,Caribe,Barranquilla,Tienda física,PyME,Webcam HD,Accesorios,Ana Torres,2,270000,15,540000,81000,459000,146000,292000,167000,36.38,En tránsito,Tarjeta débito,5,2,No,No
ORD-02478,2024-09-14,2024,2024-09,Q3,Pacífica,Pasto,Web,Corporativo,Monitor 24,Tecnología,Ana Torres,2,764000,0,1528000,0,1528000,513000,1026000,502000,32.85,Entregado,Efectivo,3,6,No,Sí
ORD-02479,2025-07-31,2025,2025-07,Q3,Caribe,Cartagena,Marketplace,Consumidor,Mouse Inalámbrico,Accesorios,Diego Martínez,2,173000,20,346000,69200,276800,90000,180000,96800,34.97,Procesando,PSE,5,5,No,No
ORD-02480,2026-07-02,2026,2026-07,Q3,Pacífica,Cali,Marketplace,Emprendedor,Monitor 27,Tecnología,Sofía Herrera,1,1200000,15,1200000,180000,1020000,837000,837000,183000,17.94,Procesando,Transferencia,4,3,No,Sí
ORD-02481,2024-10-19,2024,2024-10,Q4,Andina,Manizales,Tienda física,Corporativo,Monitor 24,Tecnología,Diego Martínez,1,780000,10,780000,78000,702000,510000,510000,192000,27.35,Cancelado,Efectivo,,,No,Sí
ORD-02482,2026-01-20,2026,2026-01,Q1,Caribe,Montería,Web,Consumidor,Dock USB-C,Accesorios,Valentina Rojas,10,402000,5,4020000,201000,3819000,233000,2330000,1489000,38.99,Entregado,Tarjeta débito,5,3,No,Sí
ORD-02483,2024-04-16,2024,2024-04,Q2,Andina,Medellín,Web,Corporativo,Monitor 24,Tecnología,Valentina Rojas,1,764000,3,764000,22920,741080,534000,534000,207080,27.94,Entregado,Tarjeta débito,5,4,No,No
ORD-02484,2026-03-29,2026,2026-03,Q1,Orinoquía,Arauca,Web,Emprendedor,Dock USB-C,Accesorios,Sofía Herrera,1,402000,5,402000,20100,381900,226000,226000,155900,40.82,Entregado,Tarjeta débito,4,7,No,Sí
ORD-02485,2024-10-24,2024,2024-10,Q4,Orinoquía,Villavicencio,Web,Consumidor,Laptop Air 13,Tecnología,Sofía Herrera,2,3430000,15,6860000,1029000,5831000,2565000,5130000,701000,12.02,Procesando,Tarjeta débito,4,4,No,No
ORD-02486,2026-02-25,2026,2026-02,Q1,Andina,Medellín,Web,Corporativo,Silla Ergonómica,Mobiliario,Ana Torres,2,1421000,0,2842000,0,2842000,903000,1806000,1036000,36.45,En tránsito,PSE,4,3,No,No
ORD-02487,2024-10-22,2024,2024-10,Q4,Andina,Pereira,Ventas corporativas,Consumidor,Silla Ergonómica,Mobiliario,Andrés Moreno,11,1348000,10,14828000,1482800,13345200,923000,10153000,3192200,23.92,Cancelado,PSE,,,No,No
ORD-02488,2025-08-06,2025,2025-08,Q3,Pacífica,Pasto,Ventas corporativas,PyME,Monitor 24,Tecnología,Diego Martínez,7,725000,10,5075000,507500,4567500,503000,3521000,1046500,22.91,Cancelado,PSE,,,No,No
ORD-02489,2025-08-05,2025,2025-08,Q3,Andina,Medellín,Web,PyME,Laptop Pro 14,Tecnología,Valentina Rojas,2,4704000,15,9408000,1411200,7996800,3469000,6938000,1058800,13.24,Entregado,PSE,5,6,No,No
ORD-02490,2024-09-01,2024,2024-09,Q3,Pacífica,Quibdó,Marketplace,PyME,Headset Pro,Audio,Carlos Ruiz,10,499000,15,4990000,748500,4241500,282000,2820000,1421500,33.51,Cancelado,PSE,,,No,No
ORD-02491,2024-01-14,2024,2024-01,Q1,Caribe,Valledupar,Web,Corporativo,Dock USB-C,Accesorios,Sofía Herrera,1,402000,10,402000,40200,361800,240000,240000,121800,33.67,En tránsito,Efectivo,4,5,No,Sí
ORD-02492,2026-04-11,2026,2026-04,Q2,Andina,Bogotá,Ventas corporativas,PyME,Silla Ergonómica,Mobiliario,Ana Torres,5,1348000,5,6740000,337000,6403000,894000,4470000,1933000,30.19,Entregado,PSE,4,5,No,Sí
ORD-02493,2026-01-14,2026,2026-01,Q1,Amazonía,Leticia,Web,Consumidor,Dock USB-C,Accesorios,Valentina Rojas,6,402000,10,2412000,241200,2170800,230000,1380000,790800,36.43,En tránsito,Efectivo,3,5,No,No
ORD-02494,2025-10-16,2025,2025-10,Q4,Andina,Medellín,Tienda física,Emprendedor,Laptop Pro 14,Tecnología,Valentina Rojas,6,4800000,3,28800000,864000,27936000,3657000,21942000,5994000,21.46,Procesando,Efectivo,4,1,No,No
ORD-02495,2025-10-13,2025,2025-10,Q4,Pacífica,Popayán,Ventas corporativas,Corporativo,Silla Ergonómica,Mobiliario,Andrés Moreno,3,1348000,8,4044000,323520,3720480,919000,2757000,963480,25.9,Entregado,Tarjeta débito,3,6,No,No
ORD-02496,2024-06-22,2024,2024-06,Q2,Andina,Pereira,Web,Consumidor,Dock USB-C,Accesorios,Juan Castro,10,426000,8,4260000,340800,3919200,230000,2300000,1619200,41.31,Cancelado,Efectivo,,,No,No
ORD-02497,2025-09-06,2025,2025-09,Q3,Andina,Bucaramanga,Tienda física,Consumidor,Headset Pro,Audio,Ana Torres,2,520000,15,1040000,156000,884000,299000,598000,286000,32.35,Cancelado,Efectivo,,,No,Sí
ORD-02498,2024-12-14,2024,2024-12,Q4,Andina,Manizales,Tienda física,PyME,Escritorio Ajustable,Mobiliario,Juan Castro,5,2352000,8,11760000,940800,10819200,1484000,7420000,3399200,31.42,Entregado,Efectivo,4,1,No,Sí
ORD-02499,2024-10-06,2024,2024-10,Q4,Pacífica,Quibdó,Web,Consumidor,Laptop Air 13,Tecnología,Laura Gómez,4,3430000,10,13720000,1372000,12348000,2556000,10224000,2124000,17.2,Entregado,Tarjeta débito,4,5,No,No
ORD-02500,2026-02-24,2026,2026-02,Q1,Caribe,Montería,Tienda física,Consumidor,Escritorio Ajustable,Mobiliario,Laura Gómez,2,2100000,10,4200000,420000,3780000,1485000,2970000,810000,21.43,En tránsito,Transferencia,4,2,No,No
ORD-02501,2024-03-24,2024,2024-03,Q1,Pacífica,Cali,Web,Emprendedor,Laptop Pro 14,Tecnología,Carlos Ruiz,1,4704000,5,4704000,235200,4468800,3643000,3643000,825800,18.48,En tránsito,Efectivo,4,6,No,Sí
ORD-02502,2026-03-14,2026,2026-03,Q1,Andina,Bucaramanga,Tienda física,PyME,Mouse Inalámbrico,Accesorios,Valentina Rojas,1,180000,5,180000,9000,171000,88000,88000,83000,48.54,Cancelado,PSE,,,No,Sí
ORD-02503,2024-06-10,2024,2024-06,Q2,Pacífica,Buenaventura,Marketplace,Corporativo,Webcam HD,Accesorios,Juan Castro,4,275000,15,1100000,165000,935000,144000,576000,359000,38.4,En tránsito,Transferencia,5,1,No,No
ORD-02504,2025-05-12,2025,2025-05,Q2,Orinoquía,Yopal,Marketplace,Consumidor,Silla Ergonómica,Mobiliario,Sofía Herrera,4,1476000,5,5904000,295200,5608800,978000,3912000,1696800,30.25,Entregado,Transferencia,3,5,No,No
ORD-02505,2025-08-29,2025,2025-08,Q3,Pacífica,Cali,Marketplace,PyME,Laptop Air 13,Tecnología,Valentina Rojas,5,3360000,10,16800000,1680000,15120000,2718000,13590000,1530000,10.12,En tránsito,PSE,5,2,No,No
ORD-02506,2024-08-02,2024,2024-08,Q3,Pacífica,Popayán,Web,Emprendedor,Webcam HD,Accesorios,Juan Castro,6,265000,15,1590000,238500,1351500,147000,882000,469500,34.74,Entregado,PSE,5,3,No,Sí
ORD-02507,2024-01-01,2024,2024-01,Q1,Andina,Bucaramanga,Web,PyME,Laptop Air 13,Tecnología,Juan Castro,4,3430000,15,13720000,2058000,11662000,2570000,10280000,1382000,11.85,En tránsito,Tarjeta crédito,5,3,No,No
ORD-02508,2024-07-25,2024,2024-07,Q3,Pacífica,Quibdó,Web,Consumidor,Webcam HD,Accesorios,Laura Gómez,1,265000,0,265000,0,265000,143000,143000,122000,46.04,Entregado,PSE,5,8,No,Sí
ORD-02509,2024-12-28,2024,2024-12,Q4,Andina,Manizales,Web,PyME,Monitor 24,Tecnología,Valentina Rojas,6,856000,0,5136000,0,5136000,516000,3096000,2040000,39.72,En tránsito,PSE,4,5,No,No
ORD-02510,2026-07-03,2026,2026-07,Q3,Pacífica,Buenaventura,Tienda física,Consumidor,Audífonos Bluetooth,Audio,Valentina Rojas,1,390000,10,390000,39000,351000,209000,209000,142000,40.46,En tránsito,Tarjeta crédito,3,4,No,No
ORD-02511,2024-07-26,2024,2024-07,Q3,Amazonía,Mocoa,Web,Consumidor,Headset Pro,Audio,Laura Gómez,2,510000,5,1020000,51000,969000,282000,564000,405000,41.8,Procesando,Tarjeta débito,5,4,No,No
ORD-02512,2025-10-07,2025,2025-10,Q4,Caribe,Cartagena,Web,Consumidor,Laptop Air 13,Tecnología,Laura Gómez,6,3430000,5,20580000,1029000,19551000,2686000,16116000,3435000,17.57,Cancelado,Efectivo,,,No,Sí
ORD-02513,2025-03-01,2025,2025-03,Q1,Caribe,Montería,Ventas corporativas,Corporativo,Webcam HD,Accesorios,Sofía Herrera,14,251000,3,3514000,105420,3408580,145000,2030000,1378580,40.44,En tránsito,PSE,4,6,No,No
ORD-02514,2024-02-29,2024,2024-02,Q1,Andina,Pereira,Tienda física,Emprendedor,Laptop Air 13,Tecnología,Carlos Ruiz,5,3500000,8,17500000,1400000,16100000,2549000,12745000,3355000,20.84,Cancelado,Tarjeta crédito,,,No,Sí
ORD-02515,2025-10-01,2025,2025-10,Q4,Andina,Bucaramanga,Web,PyME,Mouse Inalámbrico,Accesorios,Carlos Ruiz,5,176000,5,880000,44000,836000,88000,440000,396000,47.37,Entregado,PSE,4,2,No,No
ORD-02516,2025-06-16,2025,2025-06,Q2,Andina,Bogotá,Web,Corporativo,Webcam HD,Accesorios,Carlos Ruiz,2,280000,0,560000,0,560000,141000,282000,278000,49.64,En tránsito,PSE,1,1,No,No
ORD-02517,2024-05-06,2024,2024-05,Q2,Pacífica,Pasto,Marketplace,Consumidor,Teclado Mecánico,Accesorios,Ana Torres,2,326000,0,652000,0,652000,184000,368000,284000,43.56,En tránsito,Transferencia,5,2,No,No
ORD-02518,2026-05-05,2026,2026-05,Q2,Orinoquía,Yopal,Web,Corporativo,Monitor 24,Tecnología,Laura Gómez,3,810000,0,2430000,0,2430000,519000,1557000,873000,35.93,En tránsito,Tarjeta débito,5,4,No,Sí
ORD-02519,2026-03-27,2026,2026-03,Q1,Pacífica,Pasto,Tienda física,Emprendedor,Silla Ergonómica,Mobiliario,Carlos Ruiz,2,1450000,10,2900000,290000,2610000,908000,1816000,794000,30.42,Procesando,Efectivo,3,3,No,No
ORD-02520,2026-04-27,2026,2026-04,Q2,Pacífica,Pasto,Web,Emprendedor,Escritorio Ajustable,Mobiliario,Sofía Herrera,1,2058000,8,2058000,164640,1893360,1411000,1411000,482360,25.48,Procesando,PSE,3,10,No,No
ORD-02521,2025-02-07,2025,2025-02,Q1,Caribe,Santa Marta,Tienda física,PyME,Teclado Mecánico,Accesorios,Valentina Rojas,4,320000,0,1280000,0,1280000,182000,728000,552000,43.12,Entregado,Transferencia,3,2,Sí,No
ORD-02522,2024-12-04,2024,2024-12,Q4,Andina,Bogotá,Tienda física,Corporativo,Laptop Air 13,Tecnología,Laura Gómez,2,3920000,5,7840000,392000,7448000,2675000,5350000,2098000,28.17,Entregado,Efectivo,5,4,No,No
ORD-02523,2024-08-21,2024,2024-08,Q3,Caribe,Cartagena,Ventas corporativas,Emprendedor,Headset Pro,Audio,Andrés Moreno,10,484000,15,4840000,726000,4114000,293000,2930000,1184000,28.78,Entregado,Tarjeta débito,4,5,No,Sí
ORD-02524,2026-05-21,2026,2026-05,Q2,Caribe,Cartagena,Web,Consumidor,Laptop Air 13,Tecnología,Carlos Ruiz,1,3636000,3,3636000,109080,3526920,2690000,2690000,836920,23.73,Procesando,Transferencia,5,5,No,No
ORD-02525,2024-12-24,2024,2024-12,Q4,Caribe,Cartagena,Web,Consumidor,Webcam HD,Accesorios,Ana Torres,3,296000,10,888000,88800,799200,150000,450000,349200,43.69,Cancelado,Efectivo,,,No,No
ORD-02526,2025-05-16,2025,2025-05,Q2,Pacífica,Quibdó,Ventas corporativas,Corporativo,Mouse Inalámbrico,Accesorios,Juan Castro,10,177000,5,1770000,88500,1681500,89000,890000,791500,47.07,Procesando,PSE,5,5,No,No
ORD-02527,2025-11-24,2025,2025-11,Q4,Andina,Manizales,Tienda física,Corporativo,Dock USB-C,Accesorios,Valentina Rojas,3,459000,3,1377000,41310,1335690,227000,681000,654690,49.02,Entregado,Tarjeta crédito,5,4,No,No
ORD-02528,2026-06-22,2026,2026-06,Q2,Andina,Bogotá,Web,Consumidor,Audífonos Bluetooth,Audio,Ana Torres,5,405000,0,2025000,0,2025000,201000,1005000,1020000,50.37,Entregado,PSE,3,7,No,No
ORD-02529,2025-02-17,2025,2025-02,Q1,Andina,Medellín,Ventas corporativas,Consumidor,Laptop Air 13,Tecnología,Valentina Rojas,13,3255000,15,42315000,6347250,35967750,2613000,33969000,1998750,5.56,Cancelado,Efectivo,,,No,No
ORD-02530,2024-11-07,2024,2024-11,Q4,Caribe,Valledupar,Tienda física,PyME,Silla Ergonómica,Mobiliario,Ana Torres,10,1624000,10,16240000,1624000,14616000,901000,9010000,5606000,38.36,En tránsito,Transferencia,5,6,No,No
ORD-02531,2024-09-23,2024,2024-09,Q3,Pacífica,Popayán,Ventas corporativas,PyME,Escritorio Ajustable,Mobiliario,Sofía Herrera,14,1953000,10,27342000,2734200,24607800,1479000,20706000,3901800,15.86,Cancelado,Tarjeta débito,,,No,Sí
ORD-02532,2026-08-21,2026,2026-08,Q3,Andina,Manizales,Web,Emprendedor,Teclado Mecánico,Accesorios,Valentina Rojas,6,314000,10,1884000,188400,1695600,170000,1020000,675600,39.84,En tránsito,Tarjeta débito,4,6,No,No
ORD-02533,2025-11-29,2025,2025-11,Q4,Caribe,Valledupar,Marketplace,PyME,Mouse Inalámbrico,Accesorios,Valentina Rojas,1,194000,5,194000,9700,184300,85000,85000,99300,53.88,Entregado,Transferencia,1,5,No,Sí
ORD-02534,2026-01-24,2026,2026-01,Q1,Andina,Manizales,Web,Consumidor,Mouse Inalámbrico,Accesorios,Laura Gómez,4,176000,0,704000,0,704000,87000,348000,356000,50.57,Entregado,Tarjeta débito,1,4,No,No
ORD-02535,2024-06-12,2024,2024-06,Q2,Caribe,Barranquilla,Marketplace,PyME,Monitor 24,Tecnología,Juan Castro,2,794000,5,1588000,79400,1508600,526000,1052000,456600,30.27,Entregado,Tarjeta débito,5,3,No,No
ORD-02536,2024-08-22,2024,2024-08,Q3,Pacífica,Popayán,Web,Consumidor,Laptop Air 13,Tecnología,Juan Castro,2,3430000,10,6860000,686000,6174000,2499000,4998000,1176000,19.05,Entregado,Efectivo,5,4,No,No
ORD-02537,2025-02-26,2025,2025-02,Q1,Amazonía,Mocoa,Tienda física,Consumidor,Laptop Air 13,Tecnología,Carlos Ruiz,1,3500000,8,3500000,280000,3220000,2669000,2669000,551000,17.11,Entregado,Transferencia,3,1,No,No
ORD-02538,2025-09-09,2025,2025-09,Q3,Andina,Medellín,Web,PyME,Headset Pro,Audio,Valentina Rojas,2,510000,3,1020000,30600,989400,292000,584000,405400,40.97,Procesando,PSE,4,5,No,No
ORD-02539,2024-10-13,2024,2024-10,Q4,Andina,Medellín,Ventas corporativas,Consumidor,Monitor 24,Tecnología,Diego Martínez,4,725000,10,2900000,290000,2610000,524000,2096000,514000,19.69,Procesando,Transferencia,4,4,No,No
ORD-02540,2024-12-19,2024,2024-12,Q4,Caribe,Cartagena,Marketplace,Corporativo,Headset Pro,Audio,Carlos Ruiz,3,559000,0,1677000,0,1677000,281000,843000,834000,49.73,Entregado,Efectivo,5,5,No,No
ORD-02541,2024-02-18,2024,2024-02,Q1,Pacífica,Buenaventura,Web,Corporativo,Laptop Pro 14,Tecnología,Ana Torres,2,4704000,5,9408000,470400,8937600,3570000,7140000,1797600,20.11,Entregado,PSE,5,4,No,No
ORD-02542,2025-09-29,2025,2025-09,Q3,Andina,Pereira,Web,PyME,Escritorio Ajustable,Mobiliario,Carlos Ruiz,2,2058000,10,4116000,411600,3704400,1448000,2896000,808400,21.82,Procesando,PSE,4,3,No,Sí
ORD-02543,2025-08-24,2025,2025-08,Q3,Caribe,Montería,Web,PyME,Dock USB-C,Accesorios,Ana Torres,1,402000,5,402000,20100,381900,228000,228000,153900,40.3,Entregado,Tarjeta débito,5,4,No,No
ORD-02544,2026-04-04,2026,2026-04,Q2,Pacífica,Cali,Marketplace,PyME,Escritorio Ajustable,Mobiliario,Sofía Herrera,3,2016000,8,6048000,483840,5564160,1443000,4329000,1235160,22.2,Entregado,Tarjeta débito,5,1,No,No
ORD-02545,2026-02-01,2026,2026-02,Q1,Pacífica,Pasto,Tienda física,Consumidor,Webcam HD,Accesorios,Valentina Rojas,5,270000,5,1350000,67500,1282500,145000,725000,557500,43.47,Cancelado,PSE,,,No,No
ORD-02546,2024-01-17,2024,2024-01,Q1,Pacífica,Cali,Ventas corporativas,Corporativo,Audífonos Bluetooth,Audio,Diego Martínez,11,363000,8,3993000,319440,3673560,212000,2332000,1341560,36.52,Cancelado,Tarjeta débito,,,No,No
ORD-02547,2025-07-31,2025,2025-07,Q3,Pacífica,Pasto,Marketplace,PyME,Escritorio Ajustable,Mobiliario,Valentina Rojas,2,2016000,0,4032000,0,4032000,1380000,2760000,1272000,31.55,Entregado,Tarjeta crédito,5,2,No,No
ORD-02548,2024-12-01,2024,2024-12,Q4,Pacífica,Popayán,Marketplace,Consumidor,Laptop Pro 14,Tecnología,Diego Martínez,2,5161000,0,10322000,0,10322000,3740000,7480000,2842000,27.53,Entregado,Efectivo,3,6,Sí,No
ORD-02549,2024-04-12,2024,2024-04,Q2,Amazonía,Leticia,Marketplace,Corporativo,Laptop Pro 14,Tecnología,Laura Gómez,3,4608000,5,13824000,691200,13132800,3711000,11133000,1999800,15.23,En tránsito,Tarjeta débito,5,1,No,No
ORD-02550,2024-08-16,2024,2024-08,Q3,Andina,Bucaramanga,Web,Corporativo,Silla Ergonómica,Mobiliario,Juan Castro,6,1421000,5,8526000,426300,8099700,938000,5628000,2471700,30.52,En tránsito,Transferencia,5,2,No,No
ORD-02551,2026-05-09,2026,2026-05,Q2,Orinoquía,Villavicencio,Web,PyME,Escritorio Ajustable,Mobiliario,Valentina Rojas,2,2181000,3,4362000,130860,4231140,1419000,2838000,1393140,32.93,En tránsito,PSE,4,3,No,No
ORD-02552,2024-01-06,2024,2024-01,Q1,Caribe,Santa Marta,Ventas corporativas,Emprendedor,Teclado Mecánico,Accesorios,Juan Castro,21,298000,5,6258000,312900,5945100,185000,3885000,2060100,34.65,Cancelado,Efectivo,,,No,No
ORD-02553,2025-03-15,2025,2025-03,Q1,Caribe,Barranquilla,Web,Corporativo,Monitor 27,Tecnología,Laura Gómez,10,1225000,0,12250000,0,12250000,836000,8360000,3890000,31.76,Entregado,Tarjeta crédito,5,5,No,No
ORD-02554,2025-06-12,2025,2025-06,Q2,Andina,Bogotá,Marketplace,PyME,Laptop Air 13,Tecnología,Laura Gómez,2,3562000,10,7124000,712400,6411600,2654000,5308000,1103600,17.21,En tránsito,Tarjeta crédito,5,4,No,No
ORD-02555,2025-11-18,2025,2025-11,Q4,Andina,Bogotá,Web,PyME,Webcam HD,Accesorios,Sofía Herrera,2,296000,3,592000,17760,574240,145000,290000,284240,49.5,Cancelado,Transferencia,,,No,Sí
ORD-02556,2026-05-14,2026,2026-05,Q2,Andina,Pereira,Marketplace,Corporativo,Monitor 24,Tecnología,Diego Martínez,3,794000,0,2382000,0,2382000,520000,1560000,822000,34.51,Entregado,Tarjeta débito,5,2,No,Sí
ORD-02557,2026-09-09,2026,2026-09,Q3,Andina,Bucaramanga,Ventas corporativas,Consumidor,Monitor 27,Tecnología,Laura Gómez,9,1162000,8,10458000,836640,9621360,845000,7605000,2016360,20.96,Entregado,Tarjeta débito,3,5,No,No
ORD-02558,2025-09-07,2025,2025-09,Q3,Andina,Bogotá,Web,Emprendedor,Escritorio Ajustable,Mobiliario,Diego Martínez,3,2058000,3,6174000,185220,5988780,1480000,4440000,1548780,25.86,Entregado,Tarjeta débito,5,4,No,Sí
ORD-02559,2025-07-09,2025,2025-07,Q3,Pacífica,Popayán,Web,Consumidor,Webcam HD,Accesorios,Carlos Ruiz,2,265000,20,530000,106000,424000,145000,290000,134000,31.6,Entregado,Tarjeta débito,4,2,No,No
ORD-02560,2026-05-01,2026,2026-05,Q2,Andina,Medellín,Tienda física,Corporativo,Escritorio Ajustable,Mobiliario,Valentina Rojas,10,2226000,5,22260000,1113000,21147000,1439000,14390000,6757000,31.95,Entregado,Tarjeta débito,5,4,No,Sí
ORD-02561,2026-02-13,2026,2026-02,Q1,Caribe,Cartagena,Tienda física,PyME,Headset Pro,Audio,Ana Torres,3,520000,5,1560000,78000,1482000,274000,822000,660000,44.53,En tránsito,Tarjeta crédito,5,5,No,No
ORD-02562,2024-12-22,2024,2024-12,Q4,Orinoquía,Arauca,Tienda física,Corporativo,Laptop Air 13,Tecnología,Andrés Moreno,1,3920000,3,3920000,117600,3802400,2721000,2721000,1081400,28.44,Entregado,Transferencia,4,5,No,Sí
ORD-02563,2024-05-19,2024,2024-05,Q2,Amazonía,Mocoa,Tienda física,Corporativo,Silla Ergonómica,Mobiliario,Andrés Moreno,1,1537000,0,1537000,0,1537000,914000,914000,623000,40.53,Entregado,PSE,5,4,No,Sí
ORD-02564,2025-05-30,2025,2025-05,Q2,Caribe,Cartagena,Marketplace,PyME,Monitor 24,Tecnología,Andrés Moreno,1,794000,5,794000,39700,754300,509000,509000,245300,32.52,En tránsito,Tarjeta débito,4,6,No,No
ORD-02565,2024-12-15,2024,2024-12,Q4,Pacífica,Popayán,Web,Consumidor,Laptop Air 13,Tecnología,Juan Castro,2,3842000,8,7684000,614720,7069280,2604000,5208000,1861280,26.33,Entregado,Tarjeta débito,3,7,No,No
ORD-02566,2026-02-22,2026,2026-02,Q1,Andina,Manizales,Web,Emprendedor,Audífonos Bluetooth,Audio,Laura Gómez,5,382000,8,1910000,152800,1757200,216000,1080000,677200,38.54,Procesando,Tarjeta crédito,4,6,No,No
ORD-02567,2025-01-09,2025,2025-01,Q1,Amazonía,Leticia,Web,PyME,Laptop Air 13,Tecnología,Andrés Moreno,2,3430000,15,6860000,1029000,5831000,2701000,5402000,429000,7.36,Procesando,Transferencia,5,4,No,Sí
ORD-02568,2025-03-06,2025,2025-03,Q1,Caribe,Barranquilla,Web,Consumidor,Headset Pro,Audio,Carlos Ruiz,3,510000,10,1530000,153000,1377000,298000,894000,483000,35.08,Procesando,Efectivo,1,3,No,Sí
ORD-02569,2025-03-20,2025,2025-03,Q1,Andina,Bogotá,Marketplace,PyME,Monitor 27,Tecnología,Juan Castro,2,1200000,15,2400000,360000,2040000,791000,1582000,458000,22.45,Cancelado,Transferencia,,,No,Sí
ORD-02570,2024-09-03,2024,2024-09,Q3,Pacífica,Quibdó,Web,Corporativo,Escritorio Ajustable,Mobiliario,Juan Castro,2,2058000,20,4116000,823200,3292800,1414000,2828000,464800,14.12,Entregado,PSE,4,4,No,No
ORD-02571,2026-05-23,2026,2026-05,Q2,Caribe,Cartagena,Web,Corporativo,Dock USB-C,Accesorios,Valentina Rojas,3,426000,10,1278000,127800,1150200,230000,690000,460200,40.01,Entregado,Tarjeta crédito,5,4,No,No
ORD-02572,2026-02-04,2026,2026-02,Q1,Pacífica,Buenaventura,Ventas corporativas,PyME,Audífonos Bluetooth,Audio,Valentina Rojas,12,363000,8,4356000,348480,4007520,206000,2472000,1535520,38.32,Cancelado,Tarjeta débito,,,No,No
ORD-02573,2024-08-08,2024,2024-08,Q3,Caribe,Barranquilla,Marketplace,Emprendedor,Monitor 24,Tecnología,Valentina Rojas,2,749000,20,1498000,299600,1198400,514000,1028000,170400,14.22,En tránsito,Efectivo,5,1,No,Sí
ORD-02574,2026-06-07,2026,2026-06,Q2,Andina,Bogotá,Web,Consumidor,Escritorio Ajustable,Mobiliario,Diego Martínez,4,2181000,15,8724000,1308600,7415400,1376000,5504000,1911400,25.78,Cancelado,Tarjeta débito,,,No,No
ORD-02575,2025-12-14,2025,2025-12,Q4,Andina,Manizales,Web,Consumidor,Monitor 27,Tecnología,Ana Torres,3,1372000,3,4116000,123480,3992520,847000,2541000,1451520,36.36,Procesando,PSE,4,4,No,No
ORD-02576,2025-06-26,2025,2025-06,Q2,Orinoquía,Villavicencio,Web,PyME,Laptop Air 13,Tecnología,Ana Torres,1,3636000,15,3636000,545400,3090600,2586000,2586000,504600,16.33,Entregado,Transferencia,5,6,Sí,No
ORD-02577,2024-11-30,2024,2024-11,Q4,Pacífica,Quibdó,Web,Corporativo,Laptop Pro 14,Tecnología,Valentina Rojas,2,5268000,10,10536000,1053600,9482400,3602000,7204000,2278400,24.03,En tránsito,Tarjeta débito,4,7,No,Sí
ORD-02578,2024-05-31,2024,2024-05,Q2,Pacífica,Pasto,Tienda física,PyME,Laptop Pro 14,Tecnología,Andrés Moreno,1,5088000,5,5088000,254400,4833600,3730000,3730000,1103600,22.83,Entregado,Transferencia,5,5,No,Sí
ORD-02579,2025-11-27,2025,2025-11,Q4,Caribe,Valledupar,Web,Consumidor,Monitor 27,Tecnología,Diego Martínez,3,1372000,10,4116000,411600,3704400,832000,2496000,1208400,32.62,Entregado,Transferencia,5,3,No,Sí
ORD-02580,2025-02-10,2025,2025-02,Q1,Andina,Bogotá,Web,Consumidor,Silla Ergonómica,Mobiliario,Valentina Rojas,1,1421000,5,1421000,71050,1349950,962000,962000,387950,28.74,Entregado,PSE,1,3,No,No
ORD-02581,2025-06-11,2025,2025-06,Q2,Pacífica,Pasto,Tienda física,PyME,Headset Pro,Audio,Carlos Ruiz,3,551000,8,1653000,132240,1520760,286000,858000,662760,43.58,Entregado,Tarjeta crédito,5,4,No,No
ORD-02582,2025-12-07,2025,2025-12,Q4,Andina,Manizales,Marketplace,Consumidor,Monitor 24,Tecnología,Sofía Herrera,2,839000,20,1678000,335600,1342400,539000,1078000,264400,19.7,Procesando,Tarjeta crédito,4,9,No,Sí
ORD-02583,2024-01-03,2024,2024-01,Q1,Caribe,Santa Marta,Tienda física,PyME,Webcam HD,Accesorios,Sofía Herrera,8,270000,15,2160000,324000,1836000,141000,1128000,708000,38.56,Procesando,Efectivo,4,3,No,No
ORD-02584,2024-02-07,2024,2024-02,Q1,Andina,Manizales,Web,Emprendedor,Audífonos Bluetooth,Audio,Andrés Moreno,3,382000,0,1146000,0,1146000,215000,645000,501000,43.72,Entregado,PSE,5,3,No,No
ORD-02585,2024-12-09,2024,2024-12,Q4,Andina,Pereira,Ventas corporativas,Consumidor,Laptop Air 13,Tecnología,Diego Martínez,8,3646000,15,29168000,4375200,24792800,2568000,20544000,4248800,17.14,Entregado,Tarjeta débito,5,2,No,No
ORD-02586,2025-03-16,2025,2025-03,Q1,Andina,Medellín,Web,Consumidor,Headset Pro,Audio,Andrés Moreno,6,510000,10,3060000,306000,2754000,290000,1740000,1014000,36.82,Entregado,Tarjeta crédito,4,4,No,No
ORD-02587,2025-10-19,2025,2025-10,Q4,Orinoquía,Arauca,Marketplace,Emprendedor,Webcam HD,Accesorios,Juan Castro,3,259000,5,777000,38850,738150,142000,426000,312150,42.29,Cancelado,Tarjeta crédito,,,No,No
ORD-02588,2025-03-20,2025,2025-03,Q1,Caribe,Santa Marta,Web,Corporativo,Silla Ergonómica,Mobiliario,Sofía Herrera,8,1421000,8,11368000,909440,10458560,965000,7720000,2738560,26.18,En tránsito,Tarjeta crédito,5,4,No,Sí
ORD-02589,2026-07-30,2026,2026-07,Q3,Pacífica,Quibdó,Web,Emprendedor,Audífonos Bluetooth,Audio,Juan Castro,4,382000,8,1528000,122240,1405760,200000,800000,605760,43.09,Entregado,Tarjeta débito,5,7,No,Sí
ORD-02590,2025-08-23,2025,2025-08,Q3,Pacífica,Pasto,Web,Corporativo,Monitor 27,Tecnología,Laura Gómez,2,1225000,5,2450000,122500,2327500,787000,1574000,753500,32.37,Entregado,Transferencia,4,4,No,No
ORD-02591,2025-12-30,2025,2025-12,Q4,Andina,Pereira,Web,Consumidor,Laptop Air 13,Tecnología,Juan Castro,3,3842000,3,11526000,345780,11180220,2560000,7680000,3500220,31.31,Cancelado,Tarjeta crédito,,,No,No
ORD-02592,2024-06-21,2024,2024-06,Q2,Caribe,Valledupar,Marketplace,Consumidor,Dock USB-C,Accesorios,Diego Martínez,4,417000,3,1668000,50040,1617960,231000,924000,693960,42.89,Entregado,Transferencia,5,4,No,No
ORD-02593,2024-12-29,2024,2024-12,Q4,Andina,Pereira,Tienda física,Corporativo,Escritorio Ajustable,Mobiliario,Diego Martínez,1,2352000,10,2352000,235200,2116800,1471000,1471000,645800,30.51,Cancelado,Tarjeta débito,,,No,No
ORD-02594,2025-06-19,2025,2025-06,Q2,Andina,Bucaramanga,Web,PyME,Laptop Air 13,Tecnología,Juan Castro,2,3636000,3,7272000,218160,7053840,2529000,5058000,1995840,28.29,Cancelado,Tarjeta crédito,,,No,No
ORD-02595,2024-02-28,2024,2024-02,Q1,Pacífica,Pasto,Tienda física,PyME,Headset Pro,Audio,Laura Gómez,2,520000,0,1040000,0,1040000,290000,580000,460000,44.23,Entregado,Transferencia,3,4,No,Sí
ORD-02596,2024-09-20,2024,2024-09,Q3,Caribe,Cartagena,Web,PyME,Escritorio Ajustable,Mobiliario,Diego Martínez,1,2058000,0,2058000,0,2058000,1497000,1497000,561000,27.26,Cancelado,PSE,,,No,No
ORD-02597,2025-06-24,2025,2025-06,Q2,Pacífica,Quibdó,Web,Corporativo,Audífonos Bluetooth,Audio,Sofía Herrera,8,405000,5,3240000,162000,3078000,211000,1688000,1390000,45.16,En tránsito,Efectivo,5,6,No,No
ORD-02598,2025-01-21,2025,2025-01,Q1,Amazonía,Florencia,Web,Emprendedor,Monitor 27,Tecnología,Diego Martínez,2,1225000,0,2450000,0,2450000,811000,1622000,828000,33.8,En tránsito,Transferencia,4,6,No,No
ORD-02599,2024-08-03,2024,2024-08,Q3,Caribe,Cartagena,Marketplace,PyME,Mouse Inalámbrico,Accesorios,Sofía Herrera,1,173000,5,173000,8650,164350,90000,90000,74350,45.24,Cancelado,Tarjeta débito,,,No,No
ORD-02600,2026-03-03,2026,2026-03,Q1,Andina,Manizales,Web,Emprendedor,Laptop Pro 14,Tecnología,Valentina Rojas,3,4704000,8,14112000,1128960,12983040,3580000,10740000,2243040,17.28,En tránsito,Transferencia,4,6,No,No
ORD-02601,2026-08-27,2026,2026-08,Q3,Caribe,Barranquilla,Marketplace,PyME,Monitor 24,Tecnología,Diego Martínez,1,749000,0,749000,0,749000,514000,514000,235000,31.38,Entregado,Transferencia,3,4,No,No
ORD-02602,2024-10-01,2024,2024-10,Q4,Andina,Pereira,Marketplace,Consumidor,Monitor 24,Tecnología,Valentina Rojas,1,749000,0,749000,0,749000,521000,521000,228000,30.44,Entregado,Tarjeta crédito,4,1,No,No
ORD-02603,2025-07-04,2025,2025-07,Q3,Amazonía,Leticia,Tienda física,Consumidor,Monitor 27,Tecnología,Carlos Ruiz,3,1250000,5,3750000,187500,3562500,807000,2421000,1141500,32.04,Cancelado,Tarjeta crédito,,,No,Sí
ORD-02604,2026-04-09,2026,2026-04,Q2,Caribe,Santa Marta,Ventas corporativas,Consumidor,Webcam HD,Accesorios,Laura Gómez,11,251000,0,2761000,0,2761000,152000,1672000,1089000,39.44,En tránsito,Efectivo,5,6,No,No
ORD-02605,2025-04-14,2025,2025-04,Q2,Caribe,Valledupar,Web,PyME,Teclado Mecánico,Accesorios,Valentina Rojas,4,314000,20,1256000,251200,1004800,174000,696000,308800,30.73,En tránsito,Tarjeta crédito,5,5,No,No
ORD-02606,2024-02-02,2024,2024-02,Q1,Pacífica,Pasto,Web,Emprendedor,Laptop Pro 14,Tecnología,Laura Gómez,1,4704000,15,4704000,705600,3998400,3600000,3600000,398400,9.96,Cancelado,Efectivo,,,No,No
ORD-02607,2024-01-21,2024,2024-01,Q1,Andina,Bogotá,Marketplace,Consumidor,Audífonos Bluetooth,Audio,Andrés Moreno,10,374000,3,3740000,112200,3627800,210000,2100000,1527800,42.11,Entregado,Transferencia,2,6,No,No
ORD-02608,2025-11-24,2025,2025-11,Q4,Pacífica,Quibdó,Web,PyME,Escritorio Ajustable,Mobiliario,Juan Castro,2,2305000,5,4610000,230500,4379500,1396000,2792000,1587500,36.25,Entregado,Transferencia,3,1,No,No
ORD-02609,2026-07-28,2026,2026-07,Q3,Pacífica,Popayán,Ventas corporativas,PyME,Laptop Air 13,Tecnología,Andrés Moreno,12,3255000,8,39060000,3124800,35935200,2639000,31668000,4267200,11.87,Entregado,Efectivo,3,4,No,No
ORD-02610,2026-05-18,2026,2026-05,Q2,Caribe,Santa Marta,Web,Corporativo,Headset Pro,Audio,Carlos Ruiz,3,540000,8,1620000,129600,1490400,275000,825000,665400,44.65,En tránsito,PSE,2,1,No,No
ORD-02611,2025-07-27,2025,2025-07,Q3,Pacífica,Pasto,Tienda física,Corporativo,Monitor 24,Tecnología,Valentina Rojas,1,780000,8,780000,62400,717600,504000,504000,213600,29.77,En tránsito,Transferencia,5,4,No,Sí
ORD-02612,2026-04-21,2026,2026-04,Q2,Andina,Pereira,Web,Consumidor,Teclado Mecánico,Accesorios,Laura Gómez,4,314000,10,1256000,125600,1130400,173000,692000,438400,38.78,Entregado,Transferencia,2,6,Sí,No
ORD-02613,2024-02-16,2024,2024-02,Q1,Andina,Bogotá,Marketplace,PyME,Laptop Pro 14,Tecnología,Juan Castro,2,4608000,10,9216000,921600,8294400,3566000,7132000,1162400,14.01,Procesando,PSE,4,1,No,Sí
ORD-02614,2026-08-04,2026,2026-08,Q3,Andina,Bucaramanga,Ventas corporativas,Consumidor,Teclado Mecánico,Accesorios,Andrés Moreno,19,298000,10,5662000,566200,5095800,178000,3382000,1713800,33.63,Entregado,Tarjeta débito,5,2,No,No
ORD-02615,2025-02-21,2025,2025-02,Q1,Caribe,Santa Marta,Tienda física,PyME,Teclado Mecánico,Accesorios,Andrés Moreno,8,320000,5,2560000,128000,2432000,183000,1464000,968000,39.8,Procesando,Tarjeta crédito,5,8,No,No
ORD-02616,2026-05-09,2026,2026-05,Q2,Pacífica,Buenaventura,Marketplace,Corporativo,Escritorio Ajustable,Mobiliario,Carlos Ruiz,1,2137000,8,2137000,170960,1966040,1447000,1447000,519040,26.4,En tránsito,Efectivo,5,1,No,No
ORD-02617,2026-01-01,2026,2026-01,Q1,Andina,Bogotá,Web,PyME,Webcam HD,Accesorios,Carlos Ruiz,1,265000,0,265000,0,265000,140000,140000,125000,47.17,Entregado,Transferencia,5,6,No,No
ORD-02618,2026-05-17,2026,2026-05,Q2,Caribe,Santa Marta,Tienda física,Emprendedor,Monitor 27,Tecnología,Andrés Moreno,10,1325000,5,13250000,662500,12587500,868000,8680000,3907500,31.04,En tránsito,Tarjeta crédito,5,4,No,No
ORD-02619,2024-08-06,2024,2024-08,Q3,Pacífica,Pasto,Web,Emprendedor,Laptop Pro 14,Tecnología,Diego Martínez,4,4704000,3,18816000,564480,18251520,3763000,15052000,3199520,17.53,En tránsito,Efectivo,3,4,No,No
ORD-02620,2024-04-13,2024,2024-04,Q2,Caribe,Montería,Web,PyME,Webcam HD,Accesorios,Carlos Ruiz,8,265000,0,2120000,0,2120000,152000,1216000,904000,42.64,Entregado,Transferencia,4,1,No,No
ORD-02621,2024-08-25,2024,2024-08,Q3,Caribe,Santa Marta,Web,Consumidor,Silla Ergonómica,Mobiliario,Ana Torres,2,1421000,15,2842000,426300,2415700,905000,1810000,605700,25.07,En tránsito,Tarjeta crédito,2,4,No,No
ORD-02622,2025-03-22,2025,2025-03,Q1,Caribe,Montería,Ventas corporativas,PyME,Audífonos Bluetooth,Audio,Laura Gómez,8,363000,0,2904000,0,2904000,213000,1704000,1200000,41.32,En tránsito,Efectivo,5,6,No,No
ORD-02623,2025-04-27,2025,2025-04,Q2,Andina,Medellín,Marketplace,Emprendedor,Monitor 27,Tecnología,Juan Castro,3,1200000,10,3600000,360000,3240000,846000,2538000,702000,21.67,En tránsito,Tarjeta débito,4,2,No,No
ORD-02624,2024-07-02,2024,2024-07,Q3,Andina,Bogotá,Ventas corporativas,Corporativo,Audífonos Bluetooth,Audio,Carlos Ruiz,16,363000,3,5808000,174240,5633760,201000,3216000,2417760,42.92,Entregado,Transferencia,4,4,No,No
ORD-02625,2024-01-13,2024,2024-01,Q1,Andina,Bogotá,Ventas corporativas,Consumidor,Monitor 24,Tecnología,Valentina Rojas,8,725000,5,5800000,290000,5510000,499000,3992000,1518000,27.55,Entregado,PSE,5,5,No,No
ORD-02626,2026-05-02,2026,2026-05,Q2,Andina,Manizales,Web,Corporativo,Laptop Air 13,Tecnología,Andrés Moreno,1,3636000,0,3636000,0,3636000,2687000,2687000,949000,26.1,Cancelado,Tarjeta crédito,,,No,No
ORD-02627,2026-09-06,2026,2026-09,Q3,Andina,Bucaramanga,Tienda física,Consumidor,Laptop Pro 14,Tecnología,Valentina Rojas,2,4800000,15,9600000,1440000,8160000,3503000,7006000,1154000,14.14,Entregado,Tarjeta débito,4,1,No,No
ORD-02628,2024-11-21,2024,2024-11,Q4,Caribe,Valledupar,Ventas corporativas,Consumidor,Monitor 27,Tecnología,Andrés Moreno,11,1302000,0,14322000,0,14322000,819000,9009000,5313000,37.1,Entregado,PSE,4,2,No,Sí
ORD-02629,2025-08-22,2025,2025-08,Q3,Andina,Pereira,Tienda física,Consumidor,Teclado Mecánico,Accesorios,Juan Castro,1,320000,10,320000,32000,288000,171000,171000,117000,40.62,Entregado,Efectivo,5,5,No,No
ORD-02630,2025-11-16,2025,2025-11,Q4,Andina,Manizales,Marketplace,Emprendedor,Dock USB-C,Accesorios,Valentina Rojas,1,441000,15,441000,66150,374850,235000,235000,139850,37.31,Entregado,PSE,5,4,No,Sí
ORD-02631,2026-04-11,2026,2026-04,Q2,Andina,Bucaramanga,Web,PyME,Webcam HD,Accesorios,Andrés Moreno,3,265000,0,795000,0,795000,154000,462000,333000,41.89,Entregado,Tarjeta crédito,5,5,No,No
ORD-02632,2025-07-02,2025,2025-07,Q3,Andina,Pereira,Ventas corporativas,Consumidor,Escritorio Ajustable,Mobiliario,Carlos Ruiz,7,1953000,5,13671000,683550,12987450,1476000,10332000,2655450,20.45,Entregado,Tarjeta débito,5,5,No,No
ORD-02633,2025-06-11,2025,2025-06,Q2,Andina,Pereira,Web,Emprendedor,Monitor 24,Tecnología,Laura Gómez,1,810000,10,810000,81000,729000,506000,506000,223000,30.59,Procesando,PSE,5,2,No,No
ORD-02634,2026-07-19,2026,2026-07,Q3,Amazonía,Leticia,Web,Emprendedor,Silla Ergonómica,Mobiliario,Laura Gómez,1,1421000,0,1421000,0,1421000,959000,959000,462000,32.51,Entregado,PSE,2,5,No,No
ORD-02635,2026-08-29,2026,2026-08,Q3,Pacífica,Pasto,Tienda física,PyME,Headset Pro,Audio,Carlos Ruiz,5,520000,5,2600000,130000,2470000,296000,1480000,990000,40.08,Procesando,Tarjeta débito,2,2,No,No
ORD-02636,2024-04-09,2024,2024-04,Q2,Andina,Manizales,Web,Consumidor,Escritorio Ajustable,Mobiliario,Sofía Herrera,1,2058000,0,2058000,0,2058000,1454000,1454000,604000,29.35,Entregado,Tarjeta débito,5,8,No,No
ORD-02637,2024-06-01,2024,2024-06,Q2,Pacífica,Pasto,Tienda física,Consumidor,Escritorio Ajustable,Mobiliario,Sofía Herrera,1,2226000,10,2226000,222600,2003400,1371000,1371000,632400,31.57,Entregado,Efectivo,5,1,No,No
ORD-02638,2026-01-11,2026,2026-01,Q1,Andina,Bogotá,Web,Emprendedor,Monitor 27,Tecnología,Andrés Moreno,5,1225000,0,6125000,0,6125000,807000,4035000,2090000,34.12,Entregado,Tarjeta crédito,4,3,No,No
ORD-02639,2025-02-04,2025,2025-02,Q1,Andina,Pereira,Web,Emprendedor,Headset Pro,Audio,Valentina Rojas,1,510000,20,510000,102000,408000,291000,291000,117000,28.68,Entregado,PSE,5,5,No,No
ORD-02640,2025-02-11,2025,2025-02,Q1,Andina,Bogotá,Web,PyME,Silla Ergonómica,Mobiliario,Ana Torres,6,1421000,8,8526000,682080,7843920,945000,5670000,2173920,27.71,Entregado,PSE,5,5,No,No
ORD-02641,2026-09-29,2026,2026-09,Q3,Amazonía,Florencia,Web,Consumidor,Dock USB-C,Accesorios,Juan Castro,6,402000,5,2412000,120600,2291400,247000,1482000,809400,35.32,Cancelado,PSE,,,No,No
ORD-02642,2024-11-24,2024,2024-11,Q4,Caribe,Barranquilla,Marketplace,Corporativo,Silla Ergonómica,Mobiliario,Juan Castro,3,1559000,10,4677000,467700,4209300,911000,2733000,1476300,35.07,Entregado,PSE,5,1,No,No
ORD-02643,2026-08-05,2026,2026-08,Q3,Andina,Medellín,Tienda física,Corporativo,Headset Pro,Audio,Valentina Rojas,2,520000,5,1040000,52000,988000,289000,578000,410000,41.5,Procesando,Efectivo,3,4,No,Sí
ORD-02644,2025-01-14,2025,2025-01,Q1,Pacífica,Quibdó,Marketplace,Consumidor,Dock USB-C,Accesorios,Andrés Moreno,8,394000,5,3152000,157600,2994400,229000,1832000,1162400,38.82,Entregado,PSE,4,5,No,Sí
ORD-02645,2024-09-17,2024,2024-09,Q3,Andina,Medellín,Marketplace,Consumidor,Escritorio Ajustable,Mobiliario,Laura Gómez,4,2016000,20,8064000,1612800,6451200,1500000,6000000,451200,6.99,Cancelado,Tarjeta débito,,,No,No
ORD-02646,2026-03-13,2026,2026-03,Q1,Orinoquía,Villavicencio,Web,PyME,Silla Ergonómica,Mobiliario,Valentina Rojas,5,1421000,5,7105000,355250,6749750,956000,4780000,1969750,29.18,Entregado,Efectivo,5,2,No,Sí
ORD-02647,2025-04-10,2025,2025-04,Q2,Andina,Bucaramanga,Web,PyME,Headset Pro,Audio,Carlos Ruiz,1,510000,15,510000,76500,433500,292000,292000,141500,32.64,Cancelado,Tarjeta crédito,,,No,No
ORD-02648,2024-07-09,2024,2024-07,Q3,Amazonía,Mocoa,Web,Emprendedor,Audífonos Bluetooth,Audio,Valentina Rojas,2,382000,10,764000,76400,687600,212000,424000,263600,38.34,En tránsito,Transferencia,5,7,No,No
ORD-02649,2026-09-09,2026,2026-09,Q3,Pacífica,Popayán,Tienda física,PyME,Webcam HD,Accesorios,Andrés Moreno,1,270000,0,270000,0,270000,153000,153000,117000,43.33,Entregado,Efectivo,3,5,No,Sí
ORD-02650,2024-01-19,2024,2024-01,Q1,Pacífica,Quibdó,Tienda física,Consumidor,Webcam HD,Accesorios,Ana Torres,2,270000,8,540000,43200,496800,144000,288000,208800,42.03,Entregado,Tarjeta débito,5,3,No,No
ORD-02651,2025-08-28,2025,2025-08,Q3,Andina,Pereira,Web,Corporativo,Monitor 27,Tecnología,Juan Castro,1,1225000,15,1225000,183750,1041250,828000,828000,213250,20.48,En tránsito,Tarjeta crédito,5,3,No,Sí
ORD-02652,2024-04-19,2024,2024-04,Q2,Caribe,Valledupar,Ventas corporativas,Emprendedor,Silla Ergonómica,Mobiliario,Diego Martínez,3,1348000,15,4044000,606600,3437400,919000,2757000,680400,19.79,Entregado,Efectivo,2,4,No,Sí
ORD-02653,2026-04-26,2026,2026-04,Q2,Andina,Pereira,Tienda física,Emprendedor,Webcam HD,Accesorios,Diego Martínez,2,270000,3,540000,16200,523800,151000,302000,221800,42.34,Entregado,PSE,5,3,No,No
ORD-02654,2026-03-21,2026,2026-03,Q1,Caribe,Montería,Web,Corporativo,Webcam HD,Accesorios,Ana Torres,2,265000,8,530000,42400,487600,150000,300000,187600,38.47,Entregado,Tarjeta crédito,3,6,No,Sí
ORD-02655,2026-09-23,2026,2026-09,Q3,Orinoquía,Yopal,Web,Emprendedor,Dock USB-C,Accesorios,Carlos Ruiz,2,402000,8,804000,64320,739680,241000,482000,257680,34.84,Procesando,Efectivo,5,1,No,No
ORD-02656,2025-08-06,2025,2025-08,Q3,Caribe,Montería,Marketplace,Emprendedor,Monitor 24,Tecnología,Juan Castro,4,749000,0,2996000,0,2996000,501000,2004000,992000,33.11,Procesando,Efectivo,4,6,No,Sí
ORD-02657,2026-09-22,2026,2026-09,Q3,Andina,Pereira,Marketplace,PyME,Mouse Inalámbrico,Accesorios,Sofía Herrera,1,173000,15,173000,25950,147050,84000,84000,63050,42.88,Cancelado,Transferencia,,,No,Sí
ORD-02658,2025-05-14,2025,2025-05,Q2,Caribe,Cartagena,Marketplace,Emprendedor,Dock USB-C,Accesorios,Carlos Ruiz,2,417000,10,834000,83400,750600,235000,470000,280600,37.38,Entregado,Transferencia,5,7,No,No
ORD-02659,2025-10-08,2025,2025-10,Q4,Andina,Medellín,Web,Consumidor,Laptop Pro 14,Tecnología,Valentina Rojas,4,4704000,0,18816000,0,18816000,3688000,14752000,4064000,21.6,Entregado,Efectivo,3,3,No,Sí
ORD-02660,2024-07-05,2024,2024-07,Q3,Andina,Bucaramanga,Web,Emprendedor,Webcam HD,Accesorios,Laura Gómez,2,265000,3,530000,15900,514100,148000,296000,218100,42.42,Entregado,Efectivo,4,7,No,Sí
ORD-02661,2025-12-31,2025,2025-12,Q4,Andina,Bucaramanga,Marketplace,Consumidor,Silla Ergonómica,Mobiliario,Sofía Herrera,6,1559000,3,9354000,280620,9073380,954000,5724000,3349380,36.91,En tránsito,Efectivo,5,5,No,No
ORD-02662,2025-03-09,2025,2025-03,Q1,Andina,Medellín,Web,PyME,Escritorio Ajustable,Mobiliario,Diego Martínez,2,2058000,10,4116000,411600,3704400,1498000,2996000,708400,19.12,Entregado,PSE,3,1,No,Sí
ORD-02663,2026-08-23,2026,2026-08,Q3,Andina,Medellín,Tienda física,Consumidor,Dock USB-C,Accesorios,Valentina Rojas,3,410000,8,1230000,98400,1131600,237000,711000,420600,37.17,Entregado,PSE,5,4,No,No
ORD-02664,2025-05-08,2025,2025-05,Q2,Andina,Medellín,Web,Emprendedor,Headset Pro,Audio,Ana Torres,1,540000,8,540000,43200,496800,286000,286000,210800,42.43,Entregado,Efectivo,4,2,No,Sí
ORD-02665,2026-03-18,2026,2026-03,Q1,Andina,Pereira,Web,Consumidor,Escritorio Ajustable,Mobiliario,Andrés Moreno,5,2058000,20,10290000,2058000,8232000,1419000,7095000,1137000,13.81,Cancelado,PSE,,,No,No
ORD-02666,2026-03-23,2026,2026-03,Q1,Pacífica,Cali,Web,Emprendedor,Webcam HD,Accesorios,Diego Martínez,8,265000,3,2120000,63600,2056400,143000,1144000,912400,44.37,En tránsito,Tarjeta crédito,4,5,No,Sí
ORD-02667,2024-12-22,2024,2024-12,Q4,Pacífica,Popayán,Web,Consumidor,Escritorio Ajustable,Mobiliario,Valentina Rojas,1,2305000,5,2305000,115250,2189750,1439000,1439000,750750,34.28,Cancelado,Transferencia,,,No,Sí
ORD-02668,2026-01-16,2026,2026-01,Q1,Andina,Pereira,Marketplace,Emprendedor,Laptop Air 13,Tecnología,Andrés Moreno,3,3360000,0,10080000,0,10080000,2675000,8025000,2055000,20.39,Cancelado,Transferencia,,,No,Sí
ORD-02669,2026-01-13,2026,2026-01,Q1,Andina,Bogotá,Marketplace,PyME,Monitor 27,Tecnología,Valentina Rojas,1,1200000,8,1200000,96000,1104000,840000,840000,264000,23.91,Procesando,Tarjeta débito,4,1,No,No
ORD-02670,2026-07-27,2026,2026-07,Q3,Caribe,Montería,Web,Corporativo,Audífonos Bluetooth,Audio,Valentina Rojas,1,382000,10,382000,38200,343800,198000,198000,145800,42.41,Entregado,Tarjeta débito,5,7,No,No
ORD-02671,2024-03-04,2024,2024-03,Q1,Caribe,Cartagena,Web,PyME,Dock USB-C,Accesorios,Sofía Herrera,8,402000,10,3216000,321600,2894400,227000,1816000,1078400,37.26,Cancelado,Tarjeta crédito,,,No,No
ORD-02672,2025-04-18,2025,2025-04,Q2,Orinoquía,Arauca,Web,Consumidor,Headset Pro,Audio,Andrés Moreno,2,510000,15,1020000,153000,867000,277000,554000,313000,36.1,Entregado,Tarjeta débito,4,6,No,No
ORD-02673,2025-01-08,2025,2025-01,Q1,Orinoquía,Yopal,Ventas corporativas,Corporativo,Headset Pro,Audio,Laura Gómez,19,484000,3,9196000,275880,8920120,295000,5605000,3315120,37.16,En tránsito,PSE,4,1,No,No
ORD-02674,2025-06-13,2025,2025-06,Q2,Caribe,Barranquilla,Web,Emprendedor,Webcam HD,Accesorios,Ana Torres,1,280000,8,280000,22400,257600,148000,148000,109600,42.55,Procesando,Transferencia,5,6,No,Sí
ORD-02675,2025-11-03,2025,2025-11,Q4,Andina,Medellín,Marketplace,Corporativo,Monitor 24,Tecnología,Sofía Herrera,5,839000,0,4195000,0,4195000,496000,2480000,1715000,40.88,Procesando,Transferencia,5,3,No,Sí
ORD-02676,2024-03-06,2024,2024-03,Q1,Andina,Pereira,Web,Emprendedor,Silla Ergonómica,Mobiliario,Carlos Ruiz,2,1421000,5,2842000,142100,2699900,957000,1914000,785900,29.11,Cancelado,Efectivo,,,No,Sí
ORD-02677,2025-12-18,2025,2025-12,Q4,Caribe,Santa Marta,Marketplace,Emprendedor,Laptop Air 13,Tecnología,Ana Torres,2,3763000,5,7526000,376300,7149700,2518000,5036000,2113700,29.56,En tránsito,Tarjeta débito,5,5,No,No
ORD-02678,2025-01-05,2025,2025-01,Q1,Orinoquía,Arauca,Web,Consumidor,Silla Ergonómica,Mobiliario,Ana Torres,2,1421000,0,2842000,0,2842000,985000,1970000,872000,30.68,En tránsito,Tarjeta débito,4,3,No,No
ORD-02679,2026-06-09,2026,2026-06,Q2,Pacífica,Quibdó,Marketplace,PyME,Monitor 24,Tecnología,Valentina Rojas,2,794000,0,1588000,0,1588000,533000,1066000,522000,32.87,Procesando,PSE,5,6,No,No
ORD-02680,2024-06-09,2024,2024-06,Q2,Andina,Bucaramanga,Tienda física,Consumidor,Audífonos Bluetooth,Audio,Diego Martínez,2,413000,8,826000,66080,759920,203000,406000,353920,46.57,En tránsito,Tarjeta crédito,5,5,No,No
ORD-02681,2026-08-03,2026,2026-08,Q3,Amazonía,Mocoa,Marketplace,Consumidor,Mouse Inalámbrico,Accesorios,Laura Gómez,1,173000,5,173000,8650,164350,90000,90000,74350,45.24,En tránsito,PSE,4,3,No,No
ORD-02682,2025-10-28,2025,2025-10,Q4,Andina,Pereira,Web,Corporativo,Laptop Pro 14,Tecnología,Sofía Herrera,3,4704000,8,14112000,1128960,12983040,3724000,11172000,1811040,13.95,En tránsito,PSE,4,1,No,No
ORD-02683,2024-03-22,2024,2024-03,Q1,Caribe,Montería,Marketplace,PyME,Silla Ergonómica,Mobiliario,Diego Martínez,4,1392000,15,5568000,835200,4732800,928000,3712000,1020800,21.57,En tránsito,Tarjeta débito,5,2,No,Sí
ORD-02684,2025-03-30,2025,2025-03,Q1,Caribe,Valledupar,Ventas corporativas,Corporativo,Dock USB-C,Accesorios,Ana Torres,11,381000,8,4191000,335280,3855720,246000,2706000,1149720,29.82,Entregado,Efectivo,5,6,No,Sí
ORD-02685,2026-08-05,2026,2026-08,Q3,Andina,Bogotá,Web,Emprendedor,Monitor 27,Tecnología,Laura Gómez,1,1225000,5,1225000,61250,1163750,840000,840000,323750,27.82,Entregado,PSE,4,4,No,No
ORD-02686,2024-01-04,2024,2024-01,Q1,Andina,Medellín,Web,Consumidor,Dock USB-C,Accesorios,Andrés Moreno,2,402000,15,804000,120600,683400,239000,478000,205400,30.06,Entregado,Transferencia,4,5,No,Sí
ORD-02687,2026-09-20,2026,2026-09,Q3,Andina,Bogotá,Tienda física,Emprendedor,Escritorio Ajustable,Mobiliario,Valentina Rojas,4,2100000,3,8400000,252000,8148000,1380000,5520000,2628000,32.25,Procesando,Transferencia,3,3,No,No
ORD-02688,2025-09-20,2025,2025-09,Q3,Caribe,Valledupar,Web,Emprendedor,Silla Ergonómica,Mobiliario,Juan Castro,2,1421000,3,2842000,85260,2756740,962000,1924000,832740,30.21,Cancelado,Transferencia,,,No,Sí
ORD-02689,2024-04-25,2024,2024-04,Q2,Pacífica,Quibdó,Web,Corporativo,Silla Ergonómica,Mobiliario,Juan Castro,1,1421000,15,1421000,213150,1207850,960000,960000,247850,20.52,En tránsito,Tarjeta débito,3,2,No,No
ORD-02690,2024-09-13,2024,2024-09,Q3,Caribe,Montería,Web,Consumidor,Teclado Mecánico,Accesorios,Carlos Ruiz,3,314000,0,942000,0,942000,172000,516000,426000,45.22,Entregado,Efectivo,4,2,No,No
ORD-02691,2026-05-02,2026,2026-05,Q2,Caribe,Santa Marta,Tienda física,PyME,Mouse Inalámbrico,Accesorios,Laura Gómez,6,191000,5,1146000,57300,1088700,90000,540000,548700,50.4,Entregado,Tarjeta crédito,5,5,No,No
ORD-02692,2024-01-13,2024,2024-01,Q1,Andina,Bucaramanga,Web,Consumidor,Audífonos Bluetooth,Audio,Sofía Herrera,1,382000,3,382000,11460,370540,204000,204000,166540,44.95,Entregado,Transferencia,5,3,No,Sí
ORD-02693,2025-11-04,2025,2025-11,Q4,Pacífica,Popayán,Ventas corporativas,Corporativo,Laptop Air 13,Tecnología,Diego Martínez,5,3646000,3,18230000,546900,17683100,2726000,13630000,4053100,22.92,Entregado,PSE,5,3,No,No
ORD-02694,2024-07-18,2024,2024-07,Q3,Orinoquía,Yopal,Ventas corporativas,Emprendedor,Escritorio Ajustable,Mobiliario,Valentina Rojas,17,1953000,8,33201000,2656080,30544920,1366000,23222000,7322920,23.97,En tránsito,Tarjeta crédito,5,4,No,No
ORD-02695,2025-07-27,2025,2025-07,Q3,Caribe,Santa Marta,Tienda física,Corporativo,Headset Pro,Audio,Valentina Rojas,3,520000,5,1560000,78000,1482000,296000,888000,594000,40.08,En tránsito,Tarjeta débito,5,4,No,Sí
ORD-02696,2026-08-12,2026,2026-08,Q3,Caribe,Cartagena,Tienda física,Consumidor,Escritorio Ajustable,Mobiliario,Juan Castro,2,2100000,3,4200000,126000,4074000,1425000,2850000,1224000,30.04,En tránsito,PSE,4,1,No,No
ORD-02697,2026-03-20,2026,2026-03,Q1,Orinoquía,Villavicencio,Tienda física,PyME,Headset Pro,Audio,Valentina Rojas,1,520000,5,520000,26000,494000,275000,275000,219000,44.33,Cancelado,Tarjeta débito,,,No,No
ORD-02698,2026-07-05,2026,2026-07,Q3,Amazonía,Mocoa,Marketplace,Corporativo,Laptop Pro 14,Tecnología,Andrés Moreno,1,4608000,5,4608000,230400,4377600,3490000,3490000,887600,20.28,Entregado,Efectivo,3,2,No,Sí
ORD-02699,2024-10-23,2024,2024-10,Q4,Andina,Bogotá,Tienda física,Consumidor,Mouse Inalámbrico,Accesorios,Andrés Moreno,3,180000,10,540000,54000,486000,85000,255000,231000,47.53,Entregado,Tarjeta débito,4,4,No,Sí
ORD-02700,2025-10-14,2025,2025-10,Q4,Andina,Bogotá,Ventas corporativas,Corporativo,Audífonos Bluetooth,Audio,Andrés Moreno,19,363000,5,6897000,344850,6552150,198000,3762000,2790150,42.58,Procesando,PSE,5,5,No,No
ORD-02701,2026-02-22,2026,2026-02,Q1,Andina,Pereira,Web,Consumidor,Laptop Pro 14,Tecnología,Laura Gómez,4,4704000,3,18816000,564480,18251520,3630000,14520000,3731520,20.44,Entregado,PSE,4,3,No,Sí
ORD-02702,2024-07-13,2024,2024-07,Q3,Pacífica,Popayán,Web,Corporativo,Escritorio Ajustable,Mobiliario,Laura Gómez,1,2058000,10,2058000,205800,1852200,1439000,1439000,413200,22.31,Entregado,Tarjeta débito,4,3,No,No
ORD-02703,2026-08-25,2026,2026-08,Q3,Caribe,Santa Marta,Tienda física,Corporativo,Monitor 24,Tecnología,Andrés Moreno,6,780000,5,4680000,234000,4446000,498000,2988000,1458000,32.79,Entregado,Tarjeta débito,5,4,No,Sí
ORD-02704,2026-06-26,2026,2026-06,Q2,Caribe,Cartagena,Web,Emprendedor,Escritorio Ajustable,Mobiliario,Diego Martínez,8,2181000,5,17448000,872400,16575600,1394000,11152000,5423600,32.72,En tránsito,Transferencia,5,5,No,No
ORD-02705,2026-02-20,2026,2026-02,Q1,Caribe,Barranquilla,Tienda física,Consumidor,Dock USB-C,Accesorios,Juan Castro,1,410000,5,410000,20500,389500,233000,233000,156500,40.18,En tránsito,Efectivo,2,2,No,No
ORD-02706,2026-03-14,2026,2026-03,Q1,Andina,Bucaramanga,Web,Consumidor,Teclado Mecánico,Accesorios,Andrés Moreno,1,314000,15,314000,47100,266900,181000,181000,85900,32.18,Cancelado,Tarjeta débito,,,No,No
ORD-02707,2024-01-13,2024,2024-01,Q1,Andina,Medellín,Marketplace,PyME,Mouse Inalámbrico,Accesorios,Juan Castro,5,173000,5,865000,43250,821750,87000,435000,386750,47.06,Procesando,PSE,5,4,No,No
ORD-02708,2024-06-03,2024,2024-06,Q2,Andina,Manizales,Web,Consumidor,Silla Ergonómica,Mobiliario,Carlos Ruiz,2,1506000,5,3012000,150600,2861400,907000,1814000,1047400,36.6,Procesando,PSE,2,4,No,Sí
ORD-02709,2025-04-23,2025,2025-04,Q2,Pacífica,Pasto,Web,Consumidor,Escritorio Ajustable,Mobiliario,Carlos Ruiz,2,2058000,0,4116000,0,4116000,1458000,2916000,1200000,29.15,En tránsito,PSE,5,5,No,No
ORD-02710,2025-10-06,2025,2025-10,Q4,Andina,Manizales,Web,Corporativo,Laptop Air 13,Tecnología,Laura Gómez,1,3430000,8,3430000,274400,3155600,2611000,2611000,544600,17.26,Cancelado,Tarjeta crédito,,,No,No
ORD-02711,2024-11-15,2024,2024-11,Q4,Andina,Bucaramanga,Ventas corporativas,Consumidor,Laptop Pro 14,Tecnología,Valentina Rojas,7,5000000,0,35000000,0,35000000,3578000,25046000,9954000,28.44,En tránsito,PSE,5,1,No,No
ORD-02712,2024-11-11,2024,2024-11,Q4,Caribe,Santa Marta,Tienda física,Consumidor,Dock USB-C,Accesorios,Diego Martínez,4,459000,10,1836000,183600,1652400,241000,964000,688400,41.66,Procesando,Transferencia,5,2,No,Sí
ORD-02713,2024-08-10,2024,2024-08,Q3,Andina,Manizales,Ventas corporativas,Consumidor,Monitor 27,Tecnología,Sofía Herrera,8,1162000,10,9296000,929600,8366400,862000,6896000,1470400,17.58,Entregado,Tarjeta débito,4,4,No,Sí
ORD-02714,2025-10-24,2025,2025-10,Q4,Caribe,Valledupar,Marketplace,PyME,Headset Pro,Audio,Diego Martínez,2,499000,8,998000,79840,918160,293000,586000,332160,36.18,Entregado,Efectivo,5,5,No,No
ORD-02715,2025-12-28,2025,2025-12,Q4,Caribe,Santa Marta,Ventas corporativas,Corporativo,Audífonos Bluetooth,Audio,Ana Torres,21,406000,10,8526000,852600,7673400,208000,4368000,3305400,43.08,Cancelado,PSE,,,No,Sí
ORD-02716,2024-01-11,2024,2024-01,Q1,Pacífica,Popayán,Marketplace,PyME,Laptop Air 13,Tecnología,Valentina Rojas,1,3360000,8,3360000,268800,3091200,2742000,2742000,349200,11.3,Entregado,Transferencia,5,5,No,No
ORD-02717,2026-07-21,2026,2026-07,Q3,Caribe,Cartagena,Web,PyME,Laptop Pro 14,Tecnología,Carlos Ruiz,3,4704000,3,14112000,423360,13688640,3622000,10866000,2822640,20.62,Cancelado,PSE,,,No,Sí
ORD-02718,2025-01-25,2025,2025-01,Q1,Andina,Bucaramanga,Web,Corporativo,Dock USB-C,Accesorios,Andrés Moreno,1,402000,5,402000,20100,381900,228000,228000,153900,40.3,Entregado,Transferencia,3,4,No,Sí
ORD-02719,2026-06-06,2026,2026-06,Q2,Andina,Pereira,Ventas corporativas,Consumidor,Mouse Inalámbrico,Accesorios,Carlos Ruiz,19,177000,15,3363000,504450,2858550,86000,1634000,1224550,42.84,Entregado,Transferencia,2,1,Sí,No
ORD-02720,2025-10-29,2025,2025-10,Q4,Andina,Bucaramanga,Web,PyME,Webcam HD,Accesorios,Carlos Ruiz,2,265000,15,530000,79500,450500,142000,284000,166500,36.96,Entregado,Transferencia,5,3,No,No
ORD-02721,2026-05-18,2026,2026-05,Q2,Andina,Bogotá,Web,Corporativo,Mouse Inalámbrico,Accesorios,Sofía Herrera,1,187000,20,187000,37400,149600,87000,87000,62600,41.84,Procesando,PSE,5,7,No,Sí
ORD-02722,2025-11-06,2025,2025-11,Q4,Pacífica,Quibdó,Marketplace,Corporativo,Laptop Air 13,Tecnología,Laura Gómez,8,3763000,10,30104000,3010400,27093600,2641000,21128000,5965600,22.02,Entregado,Efectivo,4,6,No,Sí
ORD-02723,2025-07-14,2025,2025-07,Q3,Pacífica,Popayán,Tienda física,PyME,Monitor 24,Tecnología,Carlos Ruiz,8,780000,10,6240000,624000,5616000,506000,4048000,1568000,27.92,Entregado,PSE,5,6,No,No
ORD-02724,2026-05-15,2026,2026-05,Q2,Pacífica,Pasto,Marketplace,Corporativo,Laptop Pro 14,Tecnología,Diego Martínez,2,4884000,0,9768000,0,9768000,3533000,7066000,2702000,27.66,Entregado,Tarjeta débito,4,3,No,No
ORD-02725,2025-03-16,2025,2025-03,Q1,Pacífica,Cali,Tienda física,Consumidor,Monitor 24,Tecnología,Juan Castro,8,780000,10,6240000,624000,5616000,508000,4064000,1552000,27.64,Entregado,Tarjeta débito,5,1,No,No
ORD-02726,2024-12-13,2024,2024-12,Q4,Andina,Manizales,Tienda física,Emprendedor,Silla Ergonómica,Mobiliario,Andrés Moreno,1,1624000,15,1624000,243600,1380400,953000,953000,427400,30.96,Procesando,Tarjeta débito,5,7,No,No
ORD-02727,2024-06-03,2024,2024-06,Q2,Andina,Medellín,Web,Corporativo,Teclado Mecánico,Accesorios,Ana Torres,3,332000,8,996000,79680,916320,172000,516000,400320,43.69,Procesando,Transferencia,5,4,No,Sí
ORD-02728,2024-06-07,2024,2024-06,Q2,Orinoquía,Villavicencio,Tienda física,Corporativo,Webcam HD,Accesorios,Carlos Ruiz,4,286000,5,1144000,57200,1086800,145000,580000,506800,46.63,Procesando,Efectivo,4,2,No,No
ORD-02729,2024-10-26,2024,2024-10,Q4,Pacífica,Quibdó,Tienda física,PyME,Webcam HD,Accesorios,Valentina Rojas,2,270000,3,540000,16200,523800,149000,298000,225800,43.11,Procesando,Transferencia,4,2,No,No
ORD-02730,2026-06-25,2026,2026-06,Q2,Caribe,Montería,Tienda física,Corporativo,Dock USB-C,Accesorios,Valentina Rojas,4,435000,8,1740000,139200,1600800,246000,984000,616800,38.53,Cancelado,Transferencia,,,No,No
ORD-02731,2025-10-23,2025,2025-10,Q4,Caribe,Cartagena,Web,Emprendedor,Laptop Pro 14,Tecnología,Juan Castro,2,4704000,15,9408000,1411200,7996800,3660000,7320000,676800,8.46,Entregado,Tarjeta débito,4,4,No,Sí
ORD-02732,2026-07-26,2026,2026-07,Q3,Andina,Pereira,Web,PyME,Monitor 24,Tecnología,Laura Gómez,1,764000,3,764000,22920,741080,539000,539000,202080,27.27,Cancelado,Tarjeta crédito,,,No,No
ORD-02733,2024-10-13,2024,2024-10,Q4,Caribe,Barranquilla,Web,Consumidor,Monitor 27,Tecnología,Juan Castro,1,1225000,0,1225000,0,1225000,797000,797000,428000,34.94,Procesando,Tarjeta débito,4,2,No,Sí
ORD-02734,2024-12-28,2024,2024-12,Q4,Andina,Medellín,Tienda física,PyME,Escritorio Ajustable,Mobiliario,Valentina Rojas,6,2352000,5,14112000,705600,13406400,1398000,8388000,5018400,37.43,Entregado,Transferencia,5,3,No,Sí
ORD-02735,2025-03-06,2025,2025-03,Q1,Pacífica,Buenaventura,Web,Corporativo,Audífonos Bluetooth,Audio,Andrés Moreno,1,382000,5,382000,19100,362900,216000,216000,146900,40.48,En tránsito,Efectivo,5,2,No,No
ORD-02736,2024-05-14,2024,2024-05,Q2,Andina,Bucaramanga,Tienda física,PyME,Laptop Air 13,Tecnología,Diego Martínez,3,3710000,8,11130000,890400,10239600,2722000,8166000,2073600,20.25,En tránsito,PSE,5,1,No,Sí
ORD-02737,2025-03-01,2025,2025-03,Q1,Andina,Bogotá,Web,Emprendedor,Silla Ergonómica,Mobiliario,Carlos Ruiz,1,1421000,10,1421000,142100,1278900,971000,971000,307900,24.08,Procesando,Tarjeta crédito,4,3,No,No
ORD-02738,2025-09-18,2025,2025-09,Q3,Caribe,Santa Marta,Ventas corporativas,Emprendedor,Monitor 27,Tecnología,Valentina Rojas,12,1162000,5,13944000,697200,13246800,818000,9816000,3430800,25.9,Procesando,Efectivo,4,2,No,No
ORD-02739,2025-11-20,2025,2025-11,Q4,Orinoquía,Villavicencio,Web,Consumidor,Teclado Mecánico,Accesorios,Laura Gómez,8,351000,5,2808000,140400,2667600,171000,1368000,1299600,48.72,Procesando,Tarjeta débito,5,1,No,No
ORD-02740,2025-09-09,2025,2025-09,Q3,Orinoquía,Villavicencio,Ventas corporativas,PyME,Laptop Pro 14,Tecnología,Sofía Herrera,12,4464000,0,53568000,0,53568000,3691000,44292000,9276000,17.32,En tránsito,Transferencia,1,4,No,Sí
ORD-02741,2026-04-25,2026,2026-04,Q2,Andina,Manizales,Tienda física,PyME,Escritorio Ajustable,Mobiliario,Diego Martínez,2,2100000,5,4200000,210000,3990000,1388000,2776000,1214000,30.43,Entregado,Tarjeta débito,4,4,No,Sí
ORD-02742,2025-04-09,2025,2025-04,Q2,Pacífica,Buenaventura,Web,Consumidor,Mouse Inalámbrico,Accesorios,Andrés Moreno,1,176000,8,176000,14080,161920,89000,89000,72920,45.03,Entregado,PSE,5,5,No,Sí
ORD-02743,2025-10-18,2025,2025-10,Q4,Andina,Pereira,Marketplace,Consumidor,Dock USB-C,Accesorios,Valentina Rojas,2,394000,3,788000,23640,764360,238000,476000,288360,37.73,Entregado,Tarjeta débito,5,4,No,No
ORD-02744,2025-09-05,2025,2025-09,Q3,Pacífica,Buenaventura,Marketplace,Emprendedor,Webcam HD,Accesorios,Andrés Moreno,2,259000,8,518000,41440,476560,144000,288000,188560,39.57,Entregado,PSE,5,2,No,Sí
ORD-02745,2026-06-14,2026,2026-06,Q2,Pacífica,Popayán,Tienda física,Consumidor,Laptop Pro 14,Tecnología,Laura Gómez,1,5088000,0,5088000,0,5088000,3566000,3566000,1522000,29.91,Entregado,PSE,5,4,No,Sí
ORD-02746,2024-08-30,2024,2024-08,Q3,Andina,Bucaramanga,Tienda física,Emprendedor,Headset Pro,Audio,Diego Martínez,2,520000,0,1040000,0,1040000,275000,550000,490000,47.12,Entregado,Tarjeta débito,3,1,No,No
ORD-02747,2024-01-08,2024,2024-01,Q1,Pacífica,Popayán,Ventas corporativas,Consumidor,Monitor 27,Tecnología,Diego Martínez,15,1162000,0,17430000,0,17430000,834000,12510000,4920000,28.23,Entregado,Tarjeta débito,5,4,No,Sí
ORD-02748,2024-04-06,2024,2024-04,Q2,Andina,Pereira,Web,Corporativo,Monitor 27,Tecnología,Sofía Herrera,1,1225000,5,1225000,61250,1163750,844000,844000,319750,27.48,Entregado,Tarjeta crédito,5,6,No,No
ORD-02749,2024-04-22,2024,2024-04,Q2,Caribe,Valledupar,Web,PyME,Mouse Inalámbrico,Accesorios,Valentina Rojas,1,176000,15,176000,26400,149600,82000,82000,67600,45.19,Entregado,Tarjeta débito,4,5,No,No
ORD-02750,2025-01-12,2025,2025-01,Q1,Andina,Manizales,Web,Consumidor,Monitor 24,Tecnología,Valentina Rojas,1,764000,3,764000,22920,741080,538000,538000,203080,27.4,Entregado,Transferencia,5,2,No,No
ORD-02751,2024-02-25,2024,2024-02,Q1,Andina,Bucaramanga,Tienda física,Emprendedor,Audífonos Bluetooth,Audio,Juan Castro,1,390000,8,390000,31200,358800,217000,217000,141800,39.52,Entregado,Transferencia,4,3,No,Sí
ORD-02752,2024-12-11,2024,2024-12,Q4,Andina,Medellín,Tienda física,Emprendedor,Audífonos Bluetooth,Audio,Juan Castro,3,437000,15,1311000,196650,1114350,214000,642000,472350,42.39,En tránsito,Tarjeta débito,5,6,No,No
ORD-02753,2024-05-04,2024,2024-05,Q2,Andina,Manizales,Tienda física,PyME,Silla Ergonómica,Mobiliario,Diego Martínez,6,1537000,15,9222000,1383300,7838700,948000,5688000,2150700,27.44,Cancelado,Tarjeta crédito,,,No,No
ORD-02754,2024-04-18,2024,2024-04,Q2,Andina,Bogotá,Web,Consumidor,Laptop Air 13,Tecnología,Sofía Herrera,1,3430000,3,3430000,102900,3327100,2537000,2537000,790100,23.75,Cancelado,PSE,,,No,No
ORD-02755,2026-09-16,2026,2026-09,Q3,Andina,Medellín,Ventas corporativas,PyME,Laptop Air 13,Tecnología,Laura Gómez,18,3255000,0,58590000,0,58590000,2689000,48402000,10188000,17.39,Cancelado,Transferencia,,,No,No
ORD-02756,2024-11-24,2024,2024-11,Q4,Andina,Bucaramanga,Web,Corporativo,Headset Pro,Audio,Carlos Ruiz,2,571000,10,1142000,114200,1027800,274000,548000,479800,46.68,Entregado,Transferencia,3,5,Sí,Sí
ORD-02757,2024-04-16,2024,2024-04,Q2,Andina,Bogotá,Web,Consumidor,Laptop Air 13,Tecnología,Carlos Ruiz,1,3430000,0,3430000,0,3430000,2554000,2554000,876000,25.54,Entregado,Transferencia,4,4,No,Sí
ORD-02758,2026-08-18,2026,2026-08,Q3,Andina,Bucaramanga,Tienda física,Consumidor,Webcam HD,Accesorios,Juan Castro,2,270000,10,540000,54000,486000,143000,286000,200000,41.15,Entregado,PSE,3,4,No,No
ORD-02759,2026-03-10,2026,2026-03,Q1,Andina,Bogotá,Ventas corporativas,PyME,Audífonos Bluetooth,Audio,Ana Torres,6,363000,10,2178000,217800,1960200,198000,1188000,772200,39.39,En tránsito,PSE,5,1,No,No
ORD-02760,2025-12-25,2025,2025-12,Q4,Amazonía,Leticia,Web,Corporativo,Laptop Air 13,Tecnología,Ana Torres,10,3842000,3,38420000,1152600,37267400,2572000,25720000,11547400,30.99,En tránsito,Tarjeta débito,5,7,No,No
ORD-02761,2024-03-04,2024,2024-03,Q1,Caribe,Santa Marta,Marketplace,Corporativo,Monitor 27,Tecnología,Juan Castro,4,1200000,5,4800000,240000,4560000,829000,3316000,1244000,27.28,En tránsito,Tarjeta crédito,2,6,No,No
ORD-02762,2024-12-12,2024,2024-12,Q4,Caribe,Cartagena,Ventas corporativas,Consumidor,Teclado Mecánico,Accesorios,Carlos Ruiz,8,333000,0,2664000,0,2664000,183000,1464000,1200000,45.05,En tránsito,Transferencia,4,3,No,No
ORD-02763,2024-10-03,2024,2024-10,Q4,Caribe,Santa Marta,Tienda física,Consumidor,Laptop Pro 14,Tecnología,Carlos Ruiz,4,4800000,8,19200000,1536000,17664000,3510000,14040000,3624000,20.52,Entregado,Tarjeta débito,4,4,No,No
ORD-02764,2024-10-24,2024,2024-10,Q4,Caribe,Cartagena,Web,PyME,Headset Pro,Audio,Andrés Moreno,3,510000,15,1530000,229500,1300500,289000,867000,433500,33.33,Cancelado,Efectivo,,,No,No
ORD-02765,2026-05-05,2026,2026-05,Q2,Pacífica,Pasto,Marketplace,Consumidor,Webcam HD,Accesorios,Sofía Herrera,1,275000,5,275000,13750,261250,150000,150000,111250,42.58,Entregado,PSE,4,3,No,No
ORD-02766,2026-05-07,2026,2026-05,Q2,Caribe,Cartagena,Marketplace,Corporativo,Teclado Mecánico,Accesorios,Andrés Moreno,2,326000,8,652000,52160,599840,179000,358000,241840,40.32,Procesando,Tarjeta crédito,4,2,No,Sí
ORD-02767,2025-03-12,2025,2025-03,Q1,Caribe,Santa Marta,Marketplace,Corporativo,Monitor 27,Tecnología,Juan Castro,2,1200000,3,2400000,72000,2328000,842000,1684000,644000,27.66,Cancelado,Tarjeta crédito,,,No,Sí
ORD-02768,2024-01-05,2024,2024-01,Q1,Pacífica,Buenaventura,Web,PyME,Webcam HD,Accesorios,Juan Castro,6,265000,0,1590000,0,1590000,144000,864000,726000,45.66,En tránsito,Tarjeta débito,5,4,No,No
ORD-02769,2024-12-01,2024,2024-12,Q4,Pacífica,Pasto,Tienda física,Emprendedor,Laptop Pro 14,Tecnología,Valentina Rojas,2,5376000,8,10752000,860160,9891840,3586000,7172000,2719840,27.5,Procesando,Transferencia,4,2,No,No
ORD-02770,2025-02-10,2025,2025-02,Q1,Amazonía,Mocoa,Tienda física,PyME,Escritorio Ajustable,Mobiliario,Juan Castro,6,2100000,3,12600000,378000,12222000,1424000,8544000,3678000,30.09,Cancelado,PSE,,,No,Sí
ORD-02771,2025-12-07,2025,2025-12,Q4,Pacífica,Popayán,Marketplace,PyME,Monitor 27,Tecnología,Diego Martínez,2,1344000,15,2688000,403200,2284800,837000,1674000,610800,26.73,Procesando,Tarjeta crédito,5,6,No,No
ORD-02772,2024-06-02,2024,2024-06,Q2,Amazonía,Leticia,Ventas corporativas,PyME,Webcam HD,Accesorios,Valentina Rojas,6,266000,15,1596000,239400,1356600,141000,846000,510600,37.64,Entregado,Transferencia,5,3,No,No
ORD-02773,2024-12-20,2024,2024-12,Q4,Andina,Medellín,Ventas corporativas,PyME,Silla Ergonómica,Mobiliario,Ana Torres,18,1510000,0,27180000,0,27180000,909000,16362000,10818000,39.8,En tránsito,Transferencia,5,5,No,No
ORD-02774,2025-05-21,2025,2025-05,Q2,Andina,Medellín,Marketplace,PyME,Mouse Inalámbrico,Accesorios,Sofía Herrera,1,183000,5,183000,9150,173850,84000,84000,89850,51.68,Entregado,Tarjeta débito,4,3,No,Sí
ORD-02775,2025-08-31,2025,2025-08,Q3,Andina,Manizales,Web,Emprendedor,Teclado Mecánico,Accesorios,Ana Torres,3,314000,5,942000,47100,894900,179000,537000,357900,39.99,Procesando,PSE,4,2,No,Sí
ORD-02776,2026-06-09,2026,2026-06,Q2,Orinoquía,Villavicencio,Web,Consumidor,Escritorio Ajustable,Mobiliario,Diego Martínez,3,2181000,10,6543000,654300,5888700,1441000,4323000,1565700,26.59,En tránsito,Transferencia,5,8,No,Sí
ORD-02777,2026-03-13,2026,2026-03,Q1,Andina,Medellín,Tienda física,PyME,Webcam HD,Accesorios,Diego Martínez,2,270000,3,540000,16200,523800,150000,300000,223800,42.73,Entregado,PSE,5,4,No,Sí
ORD-02778,2025-11-06,2025,2025-11,Q4,Orinoquía,Villavicencio,Marketplace,PyME,Monitor 24,Tecnología,Sofía Herrera,1,839000,0,839000,0,839000,506000,506000,333000,39.69,Entregado,Transferencia,5,3,No,No
ORD-02779,2024-10-12,2024,2024-10,Q4,Amazonía,Florencia,Marketplace,Consumidor,Audífonos Bluetooth,Audio,Juan Castro,1,374000,0,374000,0,374000,214000,214000,160000,42.78,Entregado,Transferencia,5,5,No,Sí
ORD-02780,2026-02-25,2026,2026-02,Q1,Pacífica,Quibdó,Web,Emprendedor,Teclado Mecánico,Accesorios,Andrés Moreno,5,314000,0,1570000,0,1570000,176000,880000,690000,43.95,Procesando,Efectivo,5,3,No,Sí
ORD-02781,2025-09-24,2025,2025-09,Q3,Andina,Medellín,Tienda física,PyME,Laptop Air 13,Tecnología,Laura Gómez,8,3500000,5,28000000,1400000,26600000,2533000,20264000,6336000,23.82,Cancelado,Efectivo,,,No,No
ORD-02782,2025-09-02,2025,2025-09,Q3,Andina,Bogotá,Web,PyME,Mouse Inalámbrico,Accesorios,Laura Gómez,1,176000,15,176000,26400,149600,89000,89000,60600,40.51,Entregado,Tarjeta débito,5,1,No,No
ORD-02783,2024-10-11,2024,2024-10,Q4,Amazonía,Florencia,Marketplace,PyME,Audífonos Bluetooth,Audio,Sofía Herrera,3,374000,0,1122000,0,1122000,213000,639000,483000,43.05,En tránsito,Transferencia,3,2,No,Sí
ORD-02784,2026-05-12,2026,2026-05,Q2,Andina,Bucaramanga,Tienda física,Consumidor,Laptop Pro 14,Tecnología,Sofía Herrera,2,5088000,20,10176000,2035200,8140800,3414000,6828000,1312800,16.13,Entregado,Efectivo,4,5,No,No
ORD-02785,2025-11-14,2025,2025-11,Q4,Andina,Pereira,Marketplace,PyME,Laptop Pro 14,Tecnología,Ana Torres,5,5161000,5,25805000,1290250,24514750,3673000,18365000,6149750,25.09,Procesando,Efectivo,5,2,No,Sí
ORD-02786,2025-05-07,2025,2025-05,Q2,Caribe,Valledupar,Ventas corporativas,Consumidor,Monitor 27,Tecnología,Diego Martínez,8,1232000,0,9856000,0,9856000,793000,6344000,3512000,35.63,Entregado,Tarjeta crédito,4,2,No,No
ORD-02787,2024-01-17,2024,2024-01,Q1,Andina,Manizales,Ventas corporativas,PyME,Headset Pro,Audio,Valentina Rojas,11,484000,0,5324000,0,5324000,299000,3289000,2035000,38.22,Entregado,Tarjeta crédito,5,6,No,No
ORD-02788,2026-09-13,2026,2026-09,Q3,Caribe,Santa Marta,Web,Consumidor,Audífonos Bluetooth,Audio,Laura Gómez,3,382000,5,1146000,57300,1088700,212000,636000,452700,41.58,Entregado,Tarjeta débito,2,2,No,No
ORD-02789,2025-10-08,2025,2025-10,Q4,Caribe,Barranquilla,Web,Corporativo,Dock USB-C,Accesorios,Laura Gómez,2,402000,0,804000,0,804000,227000,454000,350000,43.53,Entregado,Transferencia,5,4,No,Sí
ORD-02790,2024-04-08,2024,2024-04,Q2,Andina,Bucaramanga,Ventas corporativas,Corporativo,Webcam HD,Accesorios,Valentina Rojas,7,251000,5,1757000,87850,1669150,143000,1001000,668150,40.03,En tránsito,PSE,4,1,No,No
ORD-02791,2025-08-12,2025,2025-08,Q3,Pacífica,Cali,Marketplace,PyME,Mouse Inalámbrico,Accesorios,Andrés Moreno,1,173000,10,173000,17300,155700,90000,90000,65700,42.2,Procesando,Tarjeta débito,5,6,No,No
ORD-02792,2026-02-04,2026,2026-02,Q1,Pacífica,Quibdó,Tienda física,Emprendedor,Mouse Inalámbrico,Accesorios,Valentina Rojas,5,180000,20,900000,180000,720000,82000,410000,310000,43.06,Entregado,Efectivo,5,1,No,No
ORD-02793,2026-08-18,2026,2026-08,Q3,Orinoquía,Yopal,Web,Emprendedor,Teclado Mecánico,Accesorios,Carlos Ruiz,2,314000,8,628000,50240,577760,185000,370000,207760,35.96,Cancelado,Transferencia,,,No,Sí
ORD-02794,2024-07-08,2024,2024-07,Q3,Andina,Bucaramanga,Web,Corporativo,Teclado Mecánico,Accesorios,Sofía Herrera,8,314000,5,2512000,125600,2386400,169000,1352000,1034400,43.35,Entregado,Tarjeta crédito,5,8,No,No
ORD-02795,2024-06-27,2024,2024-06,Q2,Andina,Manizales,Tienda física,Emprendedor,Headset Pro,Audio,Sofía Herrera,2,551000,10,1102000,110200,991800,293000,586000,405800,40.92,Entregado,Tarjeta crédito,2,3,No,No
ORD-02796,2025-10-06,2025,2025-10,Q4,Caribe,Montería,Tienda física,Corporativo,Headset Pro,Audio,Laura Gómez,3,520000,10,1560000,156000,1404000,296000,888000,516000,36.75,Entregado,Tarjeta crédito,4,5,No,Sí
ORD-02797,2026-06-29,2026,2026-06,Q2,Andina,Bogotá,Marketplace,Emprendedor,Teclado Mecánico,Accesorios,Andrés Moreno,1,326000,5,326000,16300,309700,179000,179000,130700,42.2,En tránsito,PSE,4,4,No,Sí
ORD-02798,2025-02-20,2025,2025-02,Q1,Andina,Pereira,Tienda física,PyME,Escritorio Ajustable,Mobiliario,Diego Martínez,5,2100000,5,10500000,525000,9975000,1382000,6910000,3065000,30.73,En tránsito,Efectivo,4,6,No,Sí
ORD-02799,2025-04-26,2025,2025-04,Q2,Caribe,Barranquilla,Ventas corporativas,Emprendedor,Laptop Air 13,Tecnología,Laura Gómez,3,3255000,10,9765000,976500,8788500,2596000,7788000,1000500,11.38,Entregado,PSE,4,2,No,Sí
ORD-02800,2024-12-12,2024,2024-12,Q4,Amazonía,Florencia,Marketplace,Corporativo,Laptop Air 13,Tecnología,Valentina Rojas,1,3763000,8,3763000,301040,3461960,2674000,2674000,787960,22.76,En tránsito,Tarjeta débito,5,3,No,No
ORD-02801,2026-05-03,2026,2026-05,Q2,Pacífica,Cali,Ventas corporativas,Consumidor,Audífonos Bluetooth,Audio,Carlos Ruiz,5,384000,8,1920000,153600,1766400,199000,995000,771400,43.67,En tránsito,Transferencia,4,5,No,No
ORD-02802,2026-07-31,2026,2026-07,Q3,Andina,Manizales,Web,Consumidor,Escritorio Ajustable,Mobiliario,Diego Martínez,2,2058000,15,4116000,617400,3498600,1435000,2870000,628600,17.97,Entregado,Tarjeta débito,4,5,No,No
ORD-02803,2026-03-02,2026,2026-03,Q1,Andina,Bogotá,Ventas corporativas,Consumidor,Monitor 24,Tecnología,Andrés Moreno,9,725000,15,6525000,978750,5546250,524000,4716000,830250,14.97,Entregado,PSE,5,1,No,No
ORD-02804,2024-04-04,2024,2024-04,Q2,Pacífica,Pasto,Ventas corporativas,Corporativo,Teclado Mecánico,Accesorios,Sofía Herrera,21,298000,20,6258000,1251600,5006400,168000,3528000,1478400,29.53,Entregado,Transferencia,4,2,No,Sí
ORD-02805,2026-09-20,2026,2026-09,Q3,Pacífica,Buenaventura,Marketplace,Corporativo,Headset Pro,Audio,Andrés Moreno,3,499000,10,1497000,149700,1347300,288000,864000,483300,35.87,Procesando,Transferencia,1,6,No,No
ORD-02806,2026-05-24,2026,2026-05,Q2,Caribe,Cartagena,Tienda física,Corporativo,Webcam HD,Accesorios,Valentina Rojas,2,286000,3,572000,17160,554840,141000,282000,272840,49.17,Entregado,Tarjeta débito,5,2,No,No
ORD-02807,2025-08-08,2025,2025-08,Q3,Caribe,Montería,Marketplace,Corporativo,Dock USB-C,Accesorios,Valentina Rojas,2,394000,8,788000,63040,724960,235000,470000,254960,35.17,Entregado,PSE,3,4,No,Sí
ORD-02808,2025-08-13,2025,2025-08,Q3,Caribe,Valledupar,Web,Consumidor,Monitor 24,Tecnología,Andrés Moreno,2,764000,8,1528000,122240,1405760,533000,1066000,339760,24.17,Entregado,PSE,4,5,No,No
ORD-02809,2024-01-27,2024,2024-01,Q1,Caribe,Montería,Marketplace,Consumidor,Audífonos Bluetooth,Audio,Andrés Moreno,4,374000,10,1496000,149600,1346400,210000,840000,506400,37.61,En tránsito,Transferencia,4,1,No,No
ORD-02810,2024-04-23,2024,2024-04,Q2,Andina,Bucaramanga,Marketplace,Emprendedor,Webcam HD,Accesorios,Juan Castro,2,259000,15,518000,77700,440300,141000,282000,158300,35.95,Entregado,PSE,5,1,No,No
ORD-02811,2024-09-19,2024,2024-09,Q3,Caribe,Barranquilla,Marketplace,Emprendedor,Headset Pro,Audio,Andrés Moreno,3,499000,8,1497000,119760,1377240,289000,867000,510240,37.05,En tránsito,PSE,5,4,No,No
ORD-02812,2024-09-30,2024,2024-09,Q3,Orinoquía,Arauca,Web,Consumidor,Teclado Mecánico,Accesorios,Valentina Rojas,4,314000,8,1256000,100480,1155520,179000,716000,439520,38.04,En tránsito,Tarjeta débito,5,6,No,Sí
ORD-02813,2024-12-12,2024,2024-12,Q4,Pacífica,Buenaventura,Marketplace,Consumidor,Laptop Pro 14,Tecnología,Andrés Moreno,10,5161000,0,51610000,0,51610000,3609000,36090000,15520000,30.07,Entregado,Tarjeta débito,5,3,No,No
ORD-02814,2025-12-24,2025,2025-12,Q4,Pacífica,Buenaventura,Web,Consumidor,Webcam HD,Accesorios,Ana Torres,2,296000,5,592000,29600,562400,147000,294000,268400,47.72,Entregado,Transferencia,5,3,No,No
ORD-02815,2024-01-24,2024,2024-01,Q1,Andina,Manizales,Tienda física,Consumidor,Escritorio Ajustable,Mobiliario,Sofía Herrera,4,2100000,0,8400000,0,8400000,1429000,5716000,2684000,31.95,Cancelado,Efectivo,,,No,Sí
ORD-02816,2026-07-15,2026,2026-07,Q3,Pacífica,Pasto,Marketplace,Corporativo,Monitor 24,Tecnología,Andrés Moreno,1,749000,20,749000,149800,599200,520000,520000,79200,13.22,En tránsito,Efectivo,5,2,No,Sí
ORD-02817,2024-10-11,2024,2024-10,Q4,Caribe,Montería,Tienda física,Corporativo,Teclado Mecánico,Accesorios,Juan Castro,1,320000,0,320000,0,320000,171000,171000,149000,46.56,Cancelado,Tarjeta crédito,,,No,No
ORD-02818,2025-12-04,2025,2025-12,Q4,Caribe,Cartagena,Tienda física,PyME,Mouse Inalámbrico,Accesorios,Ana Torres,2,202000,0,404000,0,404000,87000,174000,230000,56.93,Entregado,Tarjeta débito,4,4,No,Sí
ORD-02819,2025-11-16,2025,2025-11,Q4,Andina,Pereira,Web,PyME,Laptop Air 13,Tecnología,Ana Torres,4,3842000,10,15368000,1536800,13831200,2710000,10840000,2991200,21.63,Procesando,Transferencia,1,5,No,No
ORD-02820,2026-01-03,2026,2026-01,Q1,Andina,Bucaramanga,Web,Consumidor,Escritorio Ajustable,Mobiliario,Carlos Ruiz,3,2058000,0,6174000,0,6174000,1417000,4251000,1923000,31.15,Procesando,Tarjeta crédito,5,7,No,No
ORD-02821,2024-06-27,2024,2024-06,Q2,Caribe,Santa Marta,Ventas corporativas,Corporativo,Dock USB-C,Accesorios,Juan Castro,3,404000,20,1212000,242400,969600,238000,714000,255600,26.36,Procesando,Efectivo,4,3,No,No
ORD-02822,2026-09-27,2026,2026-09,Q3,Andina,Medellín,Marketplace,Corporativo,Laptop Pro 14,Tecnología,Valentina Rojas,5,4608000,5,23040000,1152000,21888000,3730000,18650000,3238000,14.79,Entregado,Transferencia,5,3,No,No
ORD-02823,2024-09-16,2024,2024-09,Q3,Andina,Pereira,Marketplace,Consumidor,Teclado Mecánico,Accesorios,Sofía Herrera,3,307000,0,921000,0,921000,176000,528000,393000,42.67,Cancelado,Tarjeta débito,,,No,No
ORD-02824,2024-11-03,2024,2024-11,Q4,Andina,Manizales,Tienda física,Corporativo,Audífonos Bluetooth,Audio,Ana Torres,2,437000,5,874000,43700,830300,213000,426000,404300,48.69,Entregado,Tarjeta crédito,1,4,No,No
ORD-02825,2025-08-12,2025,2025-08,Q3,Andina,Bogotá,Web,PyME,Dock USB-C,Accesorios,Sofía Herrera,1,402000,10,402000,40200,361800,234000,234000,127800,35.32,Entregado,Efectivo,5,4,No,Sí
ORD-02826,2025-04-22,2025,2025-04,Q2,Andina,Pereira,Tienda física,Consumidor,Audífonos Bluetooth,Audio,Carlos Ruiz,4,390000,8,1560000,124800,1435200,202000,808000,627200,43.7,Procesando,Tarjeta débito,5,1,No,No
ORD-02827,2026-09-17,2026,2026-09,Q3,Caribe,Cartagena,Tienda física,PyME,Silla Ergonómica,Mobiliario,Andrés Moreno,1,1450000,10,1450000,145000,1305000,928000,928000,377000,28.89,Procesando,Transferencia,3,3,No,No
ORD-02828,2026-05-27,2026,2026-05,Q2,Pacífica,Quibdó,Ventas corporativas,PyME,Dock USB-C,Accesorios,Laura Gómez,18,404000,3,7272000,218160,7053840,245000,4410000,2643840,37.48,Entregado,PSE,4,4,No,Sí
ORD-02829,2024-03-20,2024,2024-03,Q1,Pacífica,Cali,Marketplace,Corporativo,Webcam HD,Accesorios,Ana Torres,3,259000,0,777000,0,777000,150000,450000,327000,42.08,Entregado,Transferencia,5,6,No,No
ORD-02830,2025-06-25,2025,2025-06,Q2,Orinoquía,Yopal,Web,PyME,Escritorio Ajustable,Mobiliario,Juan Castro,5,2181000,3,10905000,327150,10577850,1374000,6870000,3707850,35.05,Entregado,Efectivo,5,4,No,Sí
ORD-02831,2025-02-09,2025,2025-02,Q1,Caribe,Cartagena,Marketplace,PyME,Laptop Air 13,Tecnología,Andrés Moreno,2,3360000,8,6720000,537600,6182400,2684000,5368000,814400,13.17,Cancelado,PSE,,,No,No
ORD-02832,2024-04-04,2024,2024-04,Q2,Orinoquía,Yopal,Web,Emprendedor,Mouse Inalámbrico,Accesorios,Andrés Moreno,1,176000,5,176000,8800,167200,84000,84000,83200,49.76,Entregado,Tarjeta débito,5,4,No,No
ORD-02833,2024-08-29,2024,2024-08,Q3,Pacífica,Popayán,Marketplace,Consumidor,Headset Pro,Audio,Sofía Herrera,1,499000,15,499000,74850,424150,274000,274000,150150,35.4,Cancelado,Efectivo,,,No,Sí
ORD-02834,2024-06-09,2024,2024-06,Q2,Andina,Pereira,Ventas corporativas,Corporativo,Escritorio Ajustable,Mobiliario,Valentina Rojas,10,2070000,15,20700000,3105000,17595000,1459000,14590000,3005000,17.08,Entregado,Transferencia,1,5,Sí,Sí
ORD-02835,2026-07-26,2026,2026-07,Q3,Caribe,Barranquilla,Web,Consumidor,Teclado Mecánico,Accesorios,Laura Gómez,3,314000,0,942000,0,942000,173000,519000,423000,44.9,En tránsito,Tarjeta crédito,3,5,No,No
ORD-02836,2024-12-13,2024,2024-12,Q4,Andina,Bucaramanga,Web,Emprendedor,Audífonos Bluetooth,Audio,Laura Gómez,1,428000,0,428000,0,428000,216000,216000,212000,49.53,Procesando,Tarjeta débito,5,7,No,No
ORD-02837,2025-09-06,2025,2025-09,Q3,Pacífica,Pasto,Ventas corporativas,Corporativo,Webcam HD,Accesorios,Ana Torres,13,251000,0,3263000,0,3263000,144000,1872000,1391000,42.63,Procesando,PSE,5,1,No,No
ORD-02838,2024-01-09,2024,2024-01,Q1,Pacífica,Buenaventura,Web,Emprendedor,Monitor 27,Tecnología,Andrés Moreno,5,1225000,10,6125000,612500,5512500,819000,4095000,1417500,25.71,Entregado,PSE,5,4,No,No
ORD-02839,2026-06-19,2026,2026-06,Q2,Andina,Pereira,Tienda física,PyME,Monitor 27,Tecnología,Laura Gómez,2,1325000,10,2650000,265000,2385000,812000,1624000,761000,31.91,Procesando,PSE,5,4,No,No
ORD-02840,2024-01-22,2024,2024-01,Q1,Amazonía,Mocoa,Marketplace,Consumidor,Webcam HD,Accesorios,Juan Castro,5,259000,5,1295000,64750,1230250,146000,730000,500250,40.66,Procesando,Tarjeta crédito,3,1,No,Sí
ORD-02841,2026-01-21,2026,2026-01,Q1,Andina,Bucaramanga,Marketplace,Corporativo,Teclado Mecánico,Accesorios,Laura Gómez,3,307000,15,921000,138150,782850,181000,543000,239850,30.64,Cancelado,Efectivo,,,No,No
ORD-02842,2025-12-17,2025,2025-12,Q4,Andina,Bogotá,Web,Consumidor,Laptop Air 13,Tecnología,Valentina Rojas,1,3842000,5,3842000,192100,3649900,2629000,2629000,1020900,27.97,En tránsito,Efectivo,5,4,No,Sí
ORD-02843,2025-09-24,2025,2025-09,Q3,Amazonía,Florencia,Web,PyME,Laptop Pro 14,Tecnología,Valentina Rojas,1,4704000,5,4704000,235200,4468800,3608000,3608000,860800,19.26,Procesando,Efectivo,3,7,No,Sí
ORD-02844,2025-10-31,2025,2025-10,Q4,Andina,Manizales,Web,Consumidor,Silla Ergonómica,Mobiliario,Andrés Moreno,1,1421000,5,1421000,71050,1349950,946000,946000,403950,29.92,Entregado,Transferencia,4,7,No,No
ORD-02845,2024-04-17,2024,2024-04,Q2,Pacífica,Pasto,Web,Corporativo,Teclado Mecánico,Accesorios,Carlos Ruiz,2,314000,0,628000,0,628000,169000,338000,290000,46.18,En tránsito,Efectivo,4,7,No,No
ORD-02846,2024-01-06,2024,2024-01,Q1,Orinoquía,Yopal,Web,Emprendedor,Silla Ergonómica,Mobiliario,Andrés Moreno,2,1421000,20,2842000,568400,2273600,927000,1854000,419600,18.46,En tránsito,Transferencia,3,6,No,No
ORD-02847,2025-03-19,2025,2025-03,Q1,Caribe,Cartagena,Web,Emprendedor,Audífonos Bluetooth,Audio,Ana Torres,4,382000,10,1528000,152800,1375200,200000,800000,575200,41.83,Entregado,Tarjeta crédito,5,4,No,No
ORD-02848,2025-04-08,2025,2025-04,Q2,Amazonía,Mocoa,Tienda física,PyME,Mouse Inalámbrico,Accesorios,Laura Gómez,2,180000,0,360000,0,360000,90000,180000,180000,50.0,En tránsito,Efectivo,5,3,No,No
ORD-02849,2024-04-14,2024,2024-04,Q2,Andina,Bogotá,Tienda física,Consumidor,Mouse Inalámbrico,Accesorios,Valentina Rojas,5,180000,10,900000,90000,810000,87000,435000,375000,46.3,Cancelado,Efectivo,,,No,No
ORD-02850,2025-06-30,2025,2025-06,Q2,Amazonía,Mocoa,Web,Emprendedor,Laptop Pro 14,Tecnología,Laura Gómez,3,4986000,0,14958000,0,14958000,3676000,11028000,3930000,26.27,Entregado,Tarjeta débito,4,5,No,No
ORD-02851,2026-04-23,2026,2026-04,Q2,Caribe,Barranquilla,Ventas corporativas,Corporativo,Dock USB-C,Accesorios,Juan Castro,3,381000,10,1143000,114300,1028700,235000,705000,323700,31.47,Entregado,Efectivo,4,3,No,No
ORD-02852,2026-06-23,2026,2026-06,Q2,Caribe,Santa Marta,Web,Consumidor,Laptop Air 13,Tecnología,Valentina Rojas,6,3636000,10,21816000,2181600,19634400,2609000,15654000,3980400,20.27,En tránsito,Tarjeta débito,3,1,No,No
ORD-02853,2024-02-25,2024,2024-02,Q1,Andina,Bucaramanga,Ventas corporativas,Consumidor,Monitor 24,Tecnología,Juan Castro,12,725000,0,8700000,0,8700000,497000,5964000,2736000,31.45,Entregado,Tarjeta crédito,3,2,No,No
ORD-02854,2026-08-25,2026,2026-08,Q3,Orinoquía,Yopal,Web,PyME,Escritorio Ajustable,Mobiliario,Diego Martínez,3,2058000,5,6174000,308700,5865300,1495000,4485000,1380300,23.53,Entregado,PSE,5,6,No,No
ORD-02855,2026-02-11,2026,2026-02,Q1,Andina,Bogotá,Web,Consumidor,Headset Pro,Audio,Diego Martínez,2,510000,5,1020000,51000,969000,288000,576000,393000,40.56,Entregado,Tarjeta crédito,5,3,No,No
ORD-02856,2024-10-10,2024,2024-10,Q4,Caribe,Cartagena,Marketplace,Consumidor,Audífonos Bluetooth,Audio,Valentina Rojas,5,374000,10,1870000,187000,1683000,197000,985000,698000,41.47,Procesando,PSE,5,5,No,No
ORD-02857,2026-05-19,2026,2026-05,Q2,Pacífica,Popayán,Tienda física,Consumidor,Mouse Inalámbrico,Accesorios,Diego Martínez,1,191000,3,191000,5730,185270,89000,89000,96270,51.96,Entregado,Tarjeta crédito,5,1,No,Sí
ORD-02858,2024-01-16,2024,2024-01,Q1,Andina,Pereira,Web,Consumidor,Escritorio Ajustable,Mobiliario,Carlos Ruiz,5,2058000,5,10290000,514500,9775500,1416000,7080000,2695500,27.57,Entregado,Efectivo,5,8,Sí,No
ORD-02859,2026-08-31,2026,2026-08,Q3,Andina,Manizales,Web,Corporativo,Mouse Inalámbrico,Accesorios,Laura Gómez,1,176000,5,176000,8800,167200,88000,88000,79200,47.37,Procesando,Transferencia,4,5,No,Sí
ORD-02860,2024-06-17,2024,2024-06,Q2,Caribe,Barranquilla,Web,PyME,Webcam HD,Accesorios,Diego Martínez,2,280000,0,560000,0,560000,145000,290000,270000,48.21,Entregado,PSE,4,4,No,Sí
ORD-02861,2025-04-24,2025,2025-04,Q2,Andina,Manizales,Tienda física,Corporativo,Silla Ergonómica,Mobiliario,Diego Martínez,3,1450000,20,4350000,870000,3480000,925000,2775000,705000,20.26,Cancelado,Efectivo,,,No,No
ORD-02862,2024-05-03,2024,2024-05,Q2,Orinoquía,Arauca,Web,Consumidor,Teclado Mecánico,Accesorios,Laura Gómez,1,332000,10,332000,33200,298800,182000,182000,116800,39.09,Entregado,Transferencia,5,6,No,Sí
ORD-02863,2026-08-05,2026,2026-08,Q3,Andina,Bucaramanga,Ventas corporativas,PyME,Audífonos Bluetooth,Audio,Valentina Rojas,11,363000,8,3993000,319440,3673560,216000,2376000,1297560,35.32,Entregado,Efectivo,5,1,No,No
ORD-02864,2026-07-28,2026,2026-07,Q3,Caribe,Montería,Tienda física,PyME,Monitor 24,Tecnología,Laura Gómez,5,780000,0,3900000,0,3900000,519000,2595000,1305000,33.46,Entregado,Transferencia,3,4,No,No
ORD-02865,2025-01-10,2025,2025-01,Q1,Andina,Manizales,Tienda física,Emprendedor,Laptop Pro 14,Tecnología,Carlos Ruiz,1,4800000,10,4800000,480000,4320000,3709000,3709000,611000,14.14,Entregado,Efectivo,5,3,No,Sí
ORD-02866,2025-03-16,2025,2025-03,Q1,Andina,Bucaramanga,Tienda física,Consumidor,Monitor 24,Tecnología,Juan Castro,1,780000,5,780000,39000,741000,524000,524000,217000,29.28,Entregado,Efectivo,4,4,No,No
ORD-02867,2024-10-13,2024,2024-10,Q4,Andina,Manizales,Marketplace,Consumidor,Silla Ergonómica,Mobiliario,Andrés Moreno,2,1392000,10,2784000,278400,2505600,947000,1894000,611600,24.41,Entregado,Efectivo,4,3,No,No
ORD-02868,2025-05-05,2025,2025-05,Q2,Orinoquía,Villavicencio,Ventas corporativas,Corporativo,Monitor 24,Tecnología,Diego Martínez,8,769000,0,6152000,0,6152000,504000,4032000,2120000,34.46,Entregado,Tarjeta crédito,4,6,No,No
ORD-02869,2025-01-30,2025,2025-01,Q1,Andina,Medellín,Web,Consumidor,Mouse Inalámbrico,Accesorios,Valentina Rojas,4,176000,8,704000,56320,647680,86000,344000,303680,46.89,Entregado,Transferencia,5,4,Sí,No
ORD-02870,2025-04-23,2025,2025-04,Q2,Andina,Manizales,Web,Corporativo,Headset Pro,Audio,Valentina Rojas,1,510000,0,510000,0,510000,283000,283000,227000,44.51,Cancelado,Transferencia,,,No,Sí
ORD-02871,2025-05-30,2025,2025-05,Q2,Andina,Medellín,Web,PyME,Webcam HD,Accesorios,Andrés Moreno,1,280000,5,280000,14000,266000,147000,147000,119000,44.74,Entregado,Tarjeta crédito,5,8,No,Sí
ORD-02872,2026-03-27,2026,2026-03,Q1,Amazonía,Mocoa,Web,Corporativo,Monitor 27,Tecnología,Valentina Rojas,2,1225000,8,2450000,196000,2254000,825000,1650000,604000,26.8,Entregado,Tarjeta débito,5,4,No,No
ORD-02873,2025-06-24,2025,2025-06,Q2,Orinoquía,Arauca,Tienda física,PyME,Monitor 27,Tecnología,Valentina Rojas,3,1325000,15,3975000,596250,3378750,832000,2496000,882750,26.13,Procesando,Efectivo,4,3,No,No
ORD-02874,2025-06-20,2025,2025-06,Q2,Andina,Medellín,Tienda física,PyME,Webcam HD,Accesorios,Carlos Ruiz,2,286000,10,572000,57200,514800,145000,290000,224800,43.67,Procesando,Transferencia,5,2,No,No
ORD-02875,2024-06-09,2024,2024-06,Q2,Caribe,Barranquilla,Tienda física,Emprendedor,Headset Pro,Audio,Sofía Herrera,4,551000,20,2204000,440800,1763200,286000,1144000,619200,35.12,Entregado,Efectivo,5,5,No,No
ORD-02876,2025-09-24,2025,2025-09,Q3,Caribe,Santa Marta,Web,PyME,Audífonos Bluetooth,Audio,Sofía Herrera,6,382000,20,2292000,458400,1833600,208000,1248000,585600,31.94,Entregado,Transferencia,5,4,No,No
ORD-02877,2024-11-21,2024,2024-11,Q4,Caribe,Montería,Tienda física,Consumidor,Audífonos Bluetooth,Audio,Laura Gómez,2,437000,0,874000,0,874000,201000,402000,472000,54.0,Cancelado,Transferencia,,,No,No
ORD-02878,2026-02-04,2026,2026-02,Q1,Pacífica,Pasto,Web,Corporativo,Laptop Pro 14,Tecnología,Laura Gómez,3,4704000,15,14112000,2116800,11995200,3577000,10731000,1264200,10.54,Cancelado,Efectivo,,,No,No
ORD-02879,2025-07-23,2025,2025-07,Q3,Andina,Medellín,Tienda física,Consumidor,Webcam HD,Accesorios,Andrés Moreno,8,270000,8,2160000,172800,1987200,144000,1152000,835200,42.03,Entregado,Tarjeta crédito,3,7,No,Sí
ORD-02880,2026-07-05,2026,2026-07,Q3,Andina,Bucaramanga,Tienda física,Consumidor,Webcam HD,Accesorios,Juan Castro,3,270000,3,810000,24300,785700,150000,450000,335700,42.73,Entregado,Transferencia,4,6,No,No
ORD-02881,2024-10-03,2024,2024-10,Q4,Caribe,Valledupar,Ventas corporativas,PyME,Teclado Mecánico,Accesorios,Laura Gómez,5,298000,10,1490000,149000,1341000,177000,885000,456000,34.0,Procesando,PSE,3,7,No,No
ORD-02882,2025-09-23,2025,2025-09,Q3,Caribe,Montería,Web,PyME,Monitor 27,Tecnología,Carlos Ruiz,2,1225000,0,2450000,0,2450000,862000,1724000,726000,29.63,Procesando,PSE,4,5,No,No
ORD-02883,2024-10-28,2024,2024-10,Q4,Andina,Manizales,Web,PyME,Monitor 27,Tecnología,Juan Castro,3,1225000,5,3675000,183750,3491250,842000,2526000,965250,27.65,En tránsito,PSE,4,4,No,Sí
ORD-02884,2024-12-08,2024,2024-12,Q4,Caribe,Montería,Tienda física,Emprendedor,Dock USB-C,Accesorios,Laura Gómez,3,459000,8,1377000,110160,1266840,227000,681000,585840,46.24,En tránsito,Transferencia,3,5,No,No
ORD-02885,2024-04-11,2024,2024-04,Q2,Andina,Bucaramanga,Web,Emprendedor,Laptop Air 13,Tecnología,Diego Martínez,1,3430000,10,3430000,343000,3087000,2737000,2737000,350000,11.34,Procesando,Tarjeta débito,4,4,No,No
ORD-02886,2026-04-02,2026,2026-04,Q2,Andina,Pereira,Marketplace,Consumidor,Headset Pro,Audio,Carlos Ruiz,2,499000,0,998000,0,998000,284000,568000,430000,43.09,Entregado,Tarjeta crédito,4,1,No,Sí
ORD-02887,2025-02-15,2025,2025-02,Q1,Andina,Bucaramanga,Tienda física,Emprendedor,Headset Pro,Audio,Valentina Rojas,3,520000,3,1560000,46800,1513200,288000,864000,649200,42.9,Entregado,Tarjeta débito,5,4,No,No
ORD-02888,2025-10-03,2025,2025-10,Q4,Andina,Manizales,Web,PyME,Laptop Pro 14,Tecnología,Laura Gómez,1,4704000,10,4704000,470400,4233600,3554000,3554000,679600,16.05,Entregado,Efectivo,5,7,No,No
ORD-02889,2024-03-26,2024,2024-03,Q1,Andina,Pereira,Tienda física,Emprendedor,Laptop Air 13,Tecnología,Laura Gómez,2,3500000,8,7000000,560000,6440000,2723000,5446000,994000,15.43,Entregado,Tarjeta crédito,4,4,No,Sí
ORD-02890,2026-06-25,2026,2026-06,Q2,Caribe,Santa Marta,Web,Emprendedor,Dock USB-C,Accesorios,Laura Gómez,4,426000,5,1704000,85200,1618800,233000,932000,686800,42.43,Cancelado,PSE,,,No,Sí
ORD-02891,2026-01-01,2026,2026-01,Q1,Andina,Pereira,Tienda física,Corporativo,Escritorio Ajustable,Mobiliario,Valentina Rojas,6,2100000,8,12600000,1008000,11592000,1480000,8880000,2712000,23.4,Entregado,Efectivo,5,4,No,No
ORD-02892,2024-02-16,2024,2024-02,Q1,Pacífica,Cali,Tienda física,Emprendedor,Headset Pro,Audio,Sofía Herrera,3,520000,10,1560000,156000,1404000,275000,825000,579000,41.24,Entregado,Tarjeta crédito,3,5,No,No
ORD-02893,2025-01-01,2025,2025-01,Q1,Andina,Bogotá,Web,Corporativo,Dock USB-C,Accesorios,Ana Torres,1,402000,5,402000,20100,381900,235000,235000,146900,38.47,Entregado,Transferencia,5,2,No,No
ORD-02894,2026-07-25,2026,2026-07,Q3,Andina,Bucaramanga,Web,Corporativo,Monitor 24,Tecnología,Juan Castro,6,764000,8,4584000,366720,4217280,503000,3018000,1199280,28.44,Entregado,Tarjeta débito,1,2,No,No
ORD-02895,2026-07-13,2026,2026-07,Q3,Amazonía,Mocoa,Tienda física,Emprendedor,Audífonos Bluetooth,Audio,Juan Castro,2,390000,8,780000,62400,717600,208000,416000,301600,42.03,Entregado,Tarjeta débito,5,6,No,No
ORD-02896,2026-09-14,2026,2026-09,Q3,Caribe,Cartagena,Web,PyME,Monitor 24,Tecnología,Diego Martínez,5,764000,5,3820000,191000,3629000,538000,2690000,939000,25.87,Cancelado,Tarjeta débito,,,No,No
ORD-02897,2025-05-21,2025,2025-05,Q2,Caribe,Santa Marta,Tienda física,Emprendedor,Teclado Mecánico,Accesorios,Valentina Rojas,1,339000,3,339000,10170,328830,181000,181000,147830,44.96,Entregado,Transferencia,4,4,No,No
ORD-02898,2026-01-19,2026,2026-01,Q1,Andina,Bogotá,Ventas corporativas,Consumidor,Teclado Mecánico,Accesorios,Diego Martínez,16,298000,0,4768000,0,4768000,179000,2864000,1904000,39.93,En tránsito,PSE,5,5,No,Sí
ORD-02899,2026-03-25,2026,2026-03,Q1,Andina,Manizales,Ventas corporativas,PyME,Headset Pro,Audio,Ana Torres,5,484000,0,2420000,0,2420000,291000,1455000,965000,39.88,En tránsito,Efectivo,5,2,No,No
ORD-02900,2025-08-15,2025,2025-08,Q3,Caribe,Barranquilla,Tienda física,Consumidor,Dock USB-C,Accesorios,Ana Torres,1,410000,0,410000,0,410000,229000,229000,181000,44.15,Entregado,PSE,5,1,No,No
ORD-02901,2024-03-14,2024,2024-03,Q1,Andina,Bucaramanga,Tienda física,PyME,Webcam HD,Accesorios,Juan Castro,3,270000,5,810000,40500,769500,152000,456000,313500,40.74,Procesando,Transferencia,5,4,No,No
ORD-02902,2024-04-29,2024,2024-04,Q2,Caribe,Cartagena,Web,PyME,Teclado Mecánico,Accesorios,Laura Gómez,1,314000,0,314000,0,314000,183000,183000,131000,41.72,Cancelado,Transferencia,,,No,No
ORD-02903,2024-08-09,2024,2024-08,Q3,Andina,Medellín,Web,Corporativo,Escritorio Ajustable,Mobiliario,Laura Gómez,3,2058000,3,6174000,185220,5988780,1496000,4488000,1500780,25.06,Procesando,Transferencia,5,4,No,Sí
ORD-02904,2025-12-08,2025,2025-12,Q4,Pacífica,Cali,Tienda física,PyME,Monitor 27,Tecnología,Carlos Ruiz,1,1400000,0,1400000,0,1400000,793000,793000,607000,43.36,En tránsito,PSE,4,2,No,Sí
ORD-02905,2026-02-25,2026,2026-02,Q1,Caribe,Valledupar,Tienda física,Emprendedor,Silla Ergonómica,Mobiliario,Laura Gómez,4,1450000,8,5800000,464000,5336000,935000,3740000,1596000,29.91,En tránsito,Transferencia,2,4,No,No
ORD-02906,2025-01-29,2025,2025-01,Q1,Pacífica,Buenaventura,Web,PyME,Webcam HD,Accesorios,Andrés Moreno,8,265000,10,2120000,212000,1908000,152000,1216000,692000,36.27,Entregado,Efectivo,4,3,No,No
ORD-02907,2024-09-18,2024,2024-09,Q3,Pacífica,Cali,Tienda física,Corporativo,Webcam HD,Accesorios,Diego Martínez,10,270000,10,2700000,270000,2430000,148000,1480000,950000,39.09,En tránsito,Efectivo,5,1,No,No
ORD-02908,2025-03-21,2025,2025-03,Q1,Pacífica,Buenaventura,Tienda física,Emprendedor,Dock USB-C,Accesorios,Diego Martínez,1,410000,5,410000,20500,389500,234000,234000,155500,39.92,Entregado,Efectivo,5,3,No,No
ORD-02909,2025-04-08,2025,2025-04,Q2,Amazonía,Mocoa,Tienda física,Emprendedor,Monitor 27,Tecnología,Ana Torres,2,1250000,0,2500000,0,2500000,837000,1674000,826000,33.04,Entregado,Transferencia,5,5,No,No
ORD-02910,2025-04-02,2025,2025-04,Q2,Pacífica,Quibdó,Ventas corporativas,Emprendedor,Audífonos Bluetooth,Audio,Diego Martínez,14,363000,8,5082000,406560,4675440,212000,2968000,1707440,36.52,Entregado,Tarjeta crédito,3,5,No,No
ORD-02911,2024-08-06,2024,2024-08,Q3,Caribe,Montería,Ventas corporativas,Consumidor,Mouse Inalámbrico,Accesorios,Laura Gómez,21,167000,10,3507000,350700,3156300,88000,1848000,1308300,41.45,En tránsito,Tarjeta crédito,4,3,No,Sí
ORD-02912,2025-06-25,2025,2025-06,Q2,Caribe,Valledupar,Web,PyME,Escritorio Ajustable,Mobiliario,Carlos Ruiz,5,2181000,5,10905000,545250,10359750,1493000,7465000,2894750,27.94,En tránsito,Tarjeta débito,2,4,No,No
ORD-02913,2024-08-20,2024,2024-08,Q3,Caribe,Barranquilla,Marketplace,PyME,Headset Pro,Audio,Andrés Moreno,1,499000,8,499000,39920,459080,274000,274000,185080,40.32,Entregado,Efectivo,5,1,No,No
ORD-02914,2025-12-01,2025,2025-12,Q4,Andina,Manizales,Marketplace,Corporativo,Teclado Mecánico,Accesorios,Diego Martínez,4,344000,10,1376000,137600,1238400,171000,684000,554400,44.77,Procesando,Tarjeta crédito,5,5,No,Sí
ORD-02915,2026-06-21,2026,2026-06,Q2,Andina,Bucaramanga,Tienda física,Emprendedor,Monitor 24,Tecnología,Sofía Herrera,1,827000,8,827000,66160,760840,512000,512000,248840,32.71,En tránsito,Efectivo,5,3,No,Sí
ORD-02916,2026-03-12,2026,2026-03,Q1,Pacífica,Quibdó,Tienda física,Corporativo,Audífonos Bluetooth,Audio,Sofía Herrera,3,390000,3,1170000,35100,1134900,211000,633000,501900,44.22,Cancelado,Tarjeta débito,,,No,No
ORD-02917,2024-01-07,2024,2024-01,Q1,Amazonía,Mocoa,Marketplace,PyME,Monitor 27,Tecnología,Valentina Rojas,2,1200000,8,2400000,192000,2208000,856000,1712000,496000,22.46,En tránsito,Efectivo,5,2,No,No
ORD-02918,2025-10-24,2025,2025-10,Q4,Caribe,Santa Marta,Web,Corporativo,Headset Pro,Audio,Laura Gómez,3,510000,5,1530000,76500,1453500,292000,876000,577500,39.73,Entregado,Transferencia,5,6,No,No
ORD-02919,2024-04-17,2024,2024-04,Q2,Andina,Bucaramanga,Tienda física,Corporativo,Dock USB-C,Accesorios,Valentina Rojas,6,410000,8,2460000,196800,2263200,245000,1470000,793200,35.05,Cancelado,Tarjeta crédito,,,No,No
ORD-02920,2026-01-07,2026,2026-01,Q1,Andina,Bucaramanga,Web,Corporativo,Monitor 24,Tecnología,Valentina Rojas,1,764000,0,764000,0,764000,540000,540000,224000,29.32,En tránsito,PSE,5,5,No,No
ORD-02921,2025-03-05,2025,2025-03,Q1,Pacífica,Popayán,Marketplace,Corporativo,Mouse Inalámbrico,Accesorios,Valentina Rojas,6,173000,10,1038000,103800,934200,87000,522000,412200,44.12,En tránsito,Efectivo,4,2,No,No
ORD-02922,2024-01-22,2024,2024-01,Q1,Pacífica,Buenaventura,Web,PyME,Monitor 24,Tecnología,Sofía Herrera,3,764000,3,2292000,68760,2223240,534000,1602000,621240,27.94,Cancelado,Transferencia,,,No,No
ORD-02923,2026-06-03,2026,2026-06,Q2,Andina,Bogotá,Ventas corporativas,Consumidor,Dock USB-C,Accesorios,Ana Torres,12,404000,0,4848000,0,4848000,245000,2940000,1908000,39.36,Entregado,Efectivo,5,6,No,No
ORD-02924,2026-08-31,2026,2026-08,Q3,Caribe,Valledupar,Tienda física,PyME,Laptop Air 13,Tecnología,Carlos Ruiz,5,3500000,0,17500000,0,17500000,2549000,12745000,4755000,27.17,Procesando,Tarjeta crédito,5,2,No,No
ORD-02925,2024-05-04,2024,2024-05,Q2,Andina,Bogotá,Tienda física,Consumidor,Monitor 24,Tecnología,Andrés Moreno,6,827000,0,4962000,0,4962000,519000,3114000,1848000,37.24,Entregado,Transferencia,4,4,No,No
ORD-02926,2025-11-21,2025,2025-11,Q4,Andina,Pereira,Ventas corporativas,PyME,Escritorio Ajustable,Mobiliario,Andrés Moreno,4,2187000,5,8748000,437400,8310600,1452000,5808000,2502600,30.11,Cancelado,PSE,,,No,No
ORD-02927,2026-04-27,2026,2026-04,Q2,Andina,Medellín,Tienda física,Consumidor,Monitor 27,Tecnología,Ana Torres,8,1250000,0,10000000,0,10000000,829000,6632000,3368000,33.68,En tránsito,PSE,5,2,No,No
ORD-02928,2025-04-11,2025,2025-04,Q2,Andina,Manizales,Marketplace,Emprendedor,Silla Ergonómica,Mobiliario,Laura Gómez,2,1392000,5,2784000,139200,2644800,909000,1818000,826800,31.26,Entregado,Tarjeta crédito,3,5,No,No
ORD-02929,2025-03-26,2025,2025-03,Q1,Andina,Bucaramanga,Tienda física,PyME,Teclado Mecánico,Accesorios,Carlos Ruiz,2,320000,20,640000,128000,512000,168000,336000,176000,34.38,Entregado,Tarjeta crédito,5,4,No,No
ORD-02930,2025-01-26,2025,2025-01,Q1,Caribe,Valledupar,Web,Consumidor,Laptop Air 13,Tecnología,Carlos Ruiz,2,3430000,15,6860000,1029000,5831000,2543000,5086000,745000,12.78,Entregado,Tarjeta débito,4,6,No,No
ORD-02931,2025-03-06,2025,2025-03,Q1,Pacífica,Cali,Web,PyME,Escritorio Ajustable,Mobiliario,Valentina Rojas,3,2058000,8,6174000,493920,5680080,1474000,4422000,1258080,22.15,Cancelado,Tarjeta débito,,,No,No
ORD-02932,2025-07-05,2025,2025-07,Q3,Andina,Medellín,Ventas corporativas,PyME,Laptop Air 13,Tecnología,Andrés Moreno,7,3255000,5,22785000,1139250,21645750,2629000,18403000,3242750,14.98,Entregado,Efectivo,4,3,No,Sí
ORD-02933,2025-03-18,2025,2025-03,Q1,Pacífica,Pasto,Web,Emprendedor,Escritorio Ajustable,Mobiliario,Ana Torres,4,2058000,8,8232000,658560,7573440,1441000,5764000,1809440,23.89,Entregado,Transferencia,5,4,No,No
ORD-02934,2026-06-26,2026,2026-06,Q2,Andina,Bogotá,Ventas corporativas,Emprendedor,Escritorio Ajustable,Mobiliario,Carlos Ruiz,16,2070000,8,33120000,2649600,30470400,1366000,21856000,8614400,28.27,Procesando,PSE,5,1,No,Sí
ORD-02935,2024-03-23,2024,2024-03,Q1,Caribe,Montería,Web,Consumidor,Audífonos Bluetooth,Audio,Valentina Rojas,1,382000,10,382000,38200,343800,211000,211000,132800,38.63,Procesando,Transferencia,4,6,No,Sí
ORD-02936,2026-09-19,2026,2026-09,Q3,Andina,Pereira,Ventas corporativas,Consumidor,Audífonos Bluetooth,Audio,Juan Castro,9,363000,20,3267000,653400,2613600,197000,1773000,840600,32.16,Procesando,Transferencia,5,1,No,Sí
ORD-02937,2024-01-07,2024,2024-01,Q1,Andina,Bogotá,Web,Emprendedor,Monitor 24,Tecnología,Ana Torres,1,764000,10,764000,76400,687600,534000,534000,153600,22.34,Entregado,Tarjeta débito,5,5,No,No
ORD-02938,2025-09-17,2025,2025-09,Q3,Andina,Manizales,Web,Emprendedor,Dock USB-C,Accesorios,Laura Gómez,8,402000,8,3216000,257280,2958720,239000,1912000,1046720,35.38,Entregado,Tarjeta crédito,5,5,No,Sí
ORD-02939,2026-05-31,2026,2026-05,Q2,Orinoquía,Yopal,Web,Corporativo,Monitor 24,Tecnología,Andrés Moreno,8,810000,10,6480000,648000,5832000,540000,4320000,1512000,25.93,En tránsito,Tarjeta crédito,5,6,No,No
ORD-02940,2025-08-14,2025,2025-08,Q3,Andina,Medellín,Tienda física,PyME,Dock USB-C,Accesorios,Laura Gómez,1,410000,8,410000,32800,377200,234000,234000,143200,37.96,Entregado,Tarjeta crédito,5,3,No,Sí
ORD-02941,2025-10-25,2025,2025-10,Q4,Pacífica,Popayán,Tienda física,Consumidor,Dock USB-C,Accesorios,Juan Castro,4,410000,8,1640000,131200,1508800,234000,936000,572800,37.96,Entregado,Tarjeta débito,5,6,No,Sí
ORD-02942,2026-08-15,2026,2026-08,Q3,Andina,Bucaramanga,Tienda física,PyME,Laptop Pro 14,Tecnología,Sofía Herrera,1,4800000,5,4800000,240000,4560000,3450000,3450000,1110000,24.34,Entregado,Tarjeta débito,5,6,No,Sí
ORD-02943,2024-05-28,2024,2024-05,Q2,Andina,Medellín,Web,PyME,Escritorio Ajustable,Mobiliario,Diego Martínez,4,2181000,10,8724000,872400,7851600,1489000,5956000,1895600,24.14,Entregado,Tarjeta débito,3,8,No,No
ORD-02944,2024-01-13,2024,2024-01,Q1,Caribe,Santa Marta,Web,Consumidor,Audífonos Bluetooth,Audio,Ana Torres,2,382000,5,764000,38200,725800,217000,434000,291800,40.2,Entregado,Efectivo,3,5,No,No
ORD-02945,2025-01-09,2025,2025-01,Q1,Pacífica,Quibdó,Marketplace,PyME,Webcam HD,Accesorios,Juan Castro,3,259000,10,777000,77700,699300,150000,450000,249300,35.65,Entregado,Efectivo,5,3,No,No
ORD-02946,2026-01-11,2026,2026-01,Q1,Andina,Bogotá,Web,PyME,Silla Ergonómica,Mobiliario,Valentina Rojas,2,1421000,0,2842000,0,2842000,956000,1912000,930000,32.72,En tránsito,Transferencia,3,5,No,No
ORD-02947,2024-01-21,2024,2024-01,Q1,Andina,Bucaramanga,Ventas corporativas,Consumidor,Monitor 24,Tecnología,Sofía Herrera,13,725000,10,9425000,942500,8482500,540000,7020000,1462500,17.24,Entregado,Transferencia,5,6,No,No
ORD-02948,2024-12-11,2024,2024-12,Q4,Pacífica,Quibdó,Marketplace,Corporativo,Silla Ergonómica,Mobiliario,Juan Castro,2,1559000,10,3118000,311800,2806200,901000,1802000,1004200,35.79,En tránsito,Tarjeta débito,5,1,No,No
ORD-02949,2025-07-06,2025,2025-07,Q3,Orinoquía,Arauca,Ventas corporativas,Consumidor,Audífonos Bluetooth,Audio,Valentina Rojas,8,363000,8,2904000,232320,2671680,213000,1704000,967680,36.22,Cancelado,PSE,,,No,No
ORD-02950,2026-02-04,2026,2026-02,Q1,Andina,Medellín,Tienda física,Corporativo,Headset Pro,Audio,Ana Torres,4,520000,3,2080000,62400,2017600,282000,1128000,889600,44.09,Entregado,Tarjeta débito,4,2,No,Sí
ORD-02951,2026-09-14,2026,2026-09,Q3,Orinoquía,Villavicencio,Marketplace,PyME,Teclado Mecánico,Accesorios,Carlos Ruiz,5,307000,8,1535000,122800,1412200,182000,910000,502200,35.56,Entregado,Efectivo,5,2,No,No
ORD-02952,2026-08-23,2026,2026-08,Q3,Andina,Manizales,Tienda física,Consumidor,Escritorio Ajustable,Mobiliario,Diego Martínez,3,2100000,8,6300000,504000,5796000,1401000,4203000,1593000,27.48,Entregado,Efectivo,4,4,Sí,No
ORD-02953,2025-09-23,2025,2025-09,Q3,Andina,Manizales,Ventas corporativas,PyME,Monitor 27,Tecnología,Laura Gómez,12,1162000,0,13944000,0,13944000,844000,10128000,3816000,27.37,En tránsito,Tarjeta débito,4,2,No,No
ORD-02954,2024-07-14,2024,2024-07,Q3,Caribe,Santa Marta,Tienda física,Emprendedor,Dock USB-C,Accesorios,Sofía Herrera,3,410000,8,1230000,98400,1131600,235000,705000,426600,37.7,Entregado,Tarjeta crédito,2,1,No,Sí
ORD-02955,2024-11-22,2024,2024-11,Q4,Andina,Pereira,Tienda física,Corporativo,Silla Ergonómica,Mobiliario,Laura Gómez,3,1624000,10,4872000,487200,4384800,956000,2868000,1516800,34.59,Procesando,Efectivo,5,3,No,Sí
ORD-02956,2026-06-24,2026,2026-06,Q2,Orinoquía,Yopal,Web,Consumidor,Laptop Air 13,Tecnología,Valentina Rojas,4,3636000,15,14544000,2181600,12362400,2549000,10196000,2166400,17.52,En tránsito,Efectivo,2,2,No,Sí
ORD-02957,2025-10-27,2025,2025-10,Q4,Andina,Pereira,Tienda física,Corporativo,Headset Pro,Audio,Andrés Moreno,1,520000,10,520000,52000,468000,280000,280000,188000,40.17,En tránsito,Transferencia,3,4,No,No
ORD-02958,2024-08-05,2024,2024-08,Q3,Orinoquía,Villavicencio,Marketplace,Emprendedor,Laptop Air 13,Tecnología,Laura Gómez,1,3360000,15,3360000,504000,2856000,2510000,2510000,346000,12.11,Entregado,Efectivo,5,4,No,No
ORD-02959,2025-08-06,2025,2025-08,Q3,Amazonía,Florencia,Tienda física,Consumidor,Dock USB-C,Accesorios,Andrés Moreno,4,410000,0,1640000,0,1640000,239000,956000,684000,41.71,Procesando,PSE,5,6,No,No
ORD-02960,2025-09-04,2025,2025-09,Q3,Andina,Medellín,Web,PyME,Laptop Air 13,Tecnología,Diego Martínez,10,3430000,5,34300000,1715000,32585000,2676000,26760000,5825000,17.88,Entregado,Tarjeta crédito,4,5,No,Sí
ORD-02961,2025-05-16,2025,2025-05,Q2,Caribe,Montería,Web,Emprendedor,Laptop Pro 14,Tecnología,Ana Torres,4,4986000,10,19944000,1994400,17949600,3583000,14332000,3617600,20.15,Entregado,Tarjeta crédito,5,6,No,No
ORD-02962,2024-01-25,2024,2024-01,Q1,Pacífica,Cali,Web,PyME,Dock USB-C,Accesorios,Juan Castro,5,402000,0,2010000,0,2010000,235000,1175000,835000,41.54,Procesando,Tarjeta débito,5,3,No,Sí
ORD-02963,2024-02-13,2024,2024-02,Q1,Andina,Bogotá,Tienda física,Emprendedor,Webcam HD,Accesorios,Carlos Ruiz,5,270000,10,1350000,135000,1215000,140000,700000,515000,42.39,En tránsito,Tarjeta débito,5,4,No,No
ORD-02964,2026-09-04,2026,2026-09,Q3,Andina,Bogotá,Marketplace,Consumidor,Escritorio Ajustable,Mobiliario,Valentina Rojas,3,2016000,10,6048000,604800,5443200,1481000,4443000,1000200,18.38,Entregado,Efectivo,5,4,Sí,No
ORD-02965,2026-06-05,2026,2026-06,Q2,Pacífica,Popayán,Ventas corporativas,Corporativo,Laptop Pro 14,Tecnología,Diego Martínez,12,4732000,0,56784000,0,56784000,3633000,43596000,13188000,23.22,Entregado,PSE,5,1,No,Sí
ORD-02966,2026-09-10,2026,2026-09,Q3,Andina,Bogotá,Ventas corporativas,PyME,Laptop Air 13,Tecnología,Carlos Ruiz,14,3255000,0,45570000,0,45570000,2749000,38486000,7084000,15.55,Entregado,Transferencia,5,2,No,Sí
ORD-02967,2026-06-18,2026,2026-06,Q2,Orinoquía,Arauca,Marketplace,Consumidor,Laptop Air 13,Tecnología,Ana Torres,8,3562000,0,28496000,0,28496000,2554000,20432000,8064000,28.3,Entregado,PSE,4,4,Sí,No
ORD-02968,2025-05-04,2025,2025-05,Q2,Andina,Medellín,Tienda física,Consumidor,Mouse Inalámbrico,Accesorios,Diego Martínez,3,191000,5,573000,28650,544350,84000,252000,292350,53.71,Procesando,Efectivo,2,7,No,No
ORD-02969,2025-01-05,2025,2025-01,Q1,Caribe,Cartagena,Tienda física,Corporativo,Monitor 24,Tecnología,Juan Castro,3,780000,15,2340000,351000,1989000,491000,1473000,516000,25.94,Entregado,Tarjeta crédito,5,4,Sí,Sí
ORD-02970,2024-11-13,2024,2024-11,Q4,Caribe,Cartagena,Web,Emprendedor,Headset Pro,Audio,Juan Castro,2,571000,0,1142000,0,1142000,297000,594000,548000,47.99,Entregado,PSE,4,5,No,No
ORD-02971,2025-11-22,2025,2025-11,Q4,Pacífica,Pasto,Ventas corporativas,Consumidor,Dock USB-C,Accesorios,Laura Gómez,5,427000,0,2135000,0,2135000,237000,1185000,950000,44.5,Cancelado,Tarjeta débito,,,No,Sí
ORD-02972,2024-01-03,2024,2024-01,Q1,Andina,Bucaramanga,Tienda física,Corporativo,Laptop Air 13,Tecnología,Juan Castro,3,3500000,8,10500000,840000,9660000,2602000,7806000,1854000,19.19,Entregado,Tarjeta crédito,3,2,No,No
ORD-02973,2026-01-30,2026,2026-01,Q1,Caribe,Cartagena,Marketplace,Emprendedor,Dock USB-C,Accesorios,Ana Torres,2,394000,8,788000,63040,724960,244000,488000,236960,32.69,Entregado,Efectivo,5,3,No,No
ORD-02974,2024-10-17,2024,2024-10,Q4,Amazonía,Mocoa,Marketplace,Emprendedor,Escritorio Ajustable,Mobiliario,Andrés Moreno,2,2016000,5,4032000,201600,3830400,1469000,2938000,892400,23.3,Cancelado,Tarjeta débito,,,No,Sí
ORD-02975,2026-06-28,2026,2026-06,Q2,Andina,Pereira,Web,PyME,Webcam HD,Accesorios,Ana Torres,1,280000,3,280000,8400,271600,151000,151000,120600,44.4,Entregado,Transferencia,4,4,No,Sí
ORD-02976,2026-07-17,2026,2026-07,Q3,Caribe,Montería,Web,PyME,Teclado Mecánico,Accesorios,Ana Torres,1,314000,3,314000,9420,304580,178000,178000,126580,41.56,Entregado,Efectivo,5,4,Sí,No
ORD-02977,2026-09-30,2026,2026-09,Q3,Caribe,Valledupar,Web,Corporativo,Mouse Inalámbrico,Accesorios,Carlos Ruiz,1,176000,3,176000,5280,170720,89000,89000,81720,47.87,Entregado,Tarjeta crédito,4,5,No,No
ORD-02978,2025-09-16,2025,2025-09,Q3,Andina,Pereira,Web,Corporativo,Monitor 27,Tecnología,Ana Torres,1,1225000,5,1225000,61250,1163750,809000,809000,354750,30.48,En tránsito,Tarjeta débito,5,5,No,No
ORD-02979,2025-03-26,2025,2025-03,Q1,Andina,Manizales,Marketplace,Consumidor,Laptop Pro 14,Tecnología,Andrés Moreno,1,4608000,0,4608000,0,4608000,3468000,3468000,1140000,24.74,Entregado,Transferencia,4,3,No,Sí
ORD-02980,2024-07-10,2024,2024-07,Q3,Caribe,Valledupar,Web,Corporativo,Mouse Inalámbrico,Accesorios,Laura Gómez,1,176000,5,176000,8800,167200,87000,87000,80200,47.97,Entregado,PSE,5,3,No,No
ORD-02981,2024-10-01,2024,2024-10,Q4,Caribe,Valledupar,Tienda física,Corporativo,Laptop Air 13,Tecnología,Carlos Ruiz,3,3500000,0,10500000,0,10500000,2716000,8148000,2352000,22.4,Cancelado,Tarjeta crédito,,,No,No
ORD-02982,2026-09-09,2026,2026-09,Q3,Pacífica,Quibdó,Marketplace,Corporativo,Monitor 27,Tecnología,Valentina Rojas,2,1200000,8,2400000,192000,2208000,816000,1632000,576000,26.09,Entregado,Transferencia,3,4,No,No
ORD-02983,2025-04-19,2025,2025-04,Q2,Caribe,Santa Marta,Web,Consumidor,Dock USB-C,Accesorios,Sofía Herrera,6,402000,5,2412000,120600,2291400,247000,1482000,809400,35.32,Entregado,Tarjeta débito,3,3,No,No
ORD-02984,2026-04-28,2026,2026-04,Q2,Amazonía,Mocoa,Web,Corporativo,Escritorio Ajustable,Mobiliario,Carlos Ruiz,2,2058000,0,4116000,0,4116000,1446000,2892000,1224000,29.74,Entregado,PSE,3,5,No,Sí
ORD-02985,2025-11-23,2025,2025-11,Q4,Pacífica,Pasto,Web,Emprendedor,Headset Pro,Audio,Valentina Rojas,1,571000,0,571000,0,571000,300000,300000,271000,47.46,Cancelado,PSE,,,No,No
ORD-02986,2024-04-30,2024,2024-04,Q2,Caribe,Barranquilla,Marketplace,Consumidor,Escritorio Ajustable,Mobiliario,Juan Castro,2,2016000,10,4032000,403200,3628800,1390000,2780000,848800,23.39,Entregado,Tarjeta débito,5,5,No,Sí
ORD-02987,2025-03-19,2025,2025-03,Q1,Caribe,Barranquilla,Marketplace,Corporativo,Audífonos Bluetooth,Audio,Valentina Rojas,1,374000,0,374000,0,374000,208000,208000,166000,44.39,Procesando,Efectivo,4,5,No,Sí
ORD-02988,2025-12-06,2025,2025-12,Q4,Orinoquía,Arauca,Web,Corporativo,Headset Pro,Audio,Andrés Moreno,1,571000,0,571000,0,571000,288000,288000,283000,49.56,Entregado,PSE,2,5,No,No
ORD-02989,2026-02-16,2026,2026-02,Q1,Andina,Bucaramanga,Marketplace,Emprendedor,Laptop Pro 14,Tecnología,Diego Martínez,3,4608000,20,13824000,2764800,11059200,3449000,10347000,712200,6.44,Entregado,Tarjeta crédito,4,2,No,No
ORD-02990,2026-08-05,2026,2026-08,Q3,Caribe,Santa Marta,Tienda física,Corporativo,Dock USB-C,Accesorios,Ana Torres,3,410000,8,1230000,98400,1131600,236000,708000,423600,37.43,Entregado,Transferencia,3,4,No,Sí
ORD-02991,2026-09-13,2026,2026-09,Q3,Andina,Medellín,Marketplace,Consumidor,Webcam HD,Accesorios,Carlos Ruiz,1,259000,10,259000,25900,233100,148000,148000,85100,36.51,Procesando,PSE,5,5,No,Sí
ORD-02992,2024-08-27,2024,2024-08,Q3,Andina,Bogotá,Web,Consumidor,Webcam HD,Accesorios,Carlos Ruiz,3,265000,3,795000,23850,771150,153000,459000,312150,40.48,Procesando,Transferencia,4,5,No,Sí
ORD-02993,2024-12-28,2024,2024-12,Q4,Pacífica,Cali,Web,Corporativo,Escritorio Ajustable,Mobiliario,Laura Gómez,4,2305000,0,9220000,0,9220000,1401000,5604000,3616000,39.22,Entregado,Tarjeta crédito,4,4,No,Sí
ORD-02994,2024-03-18,2024,2024-03,Q1,Caribe,Santa Marta,Web,PyME,Monitor 24,Tecnología,Carlos Ruiz,1,764000,10,764000,76400,687600,514000,514000,173600,25.25,Entregado,Tarjeta crédito,5,7,No,Sí
ORD-02995,2024-10-20,2024,2024-10,Q4,Caribe,Cartagena,Tienda física,Consumidor,Laptop Pro 14,Tecnología,Valentina Rojas,1,4800000,5,4800000,240000,4560000,3722000,3722000,838000,18.38,Entregado,PSE,4,2,No,No
ORD-02996,2026-08-17,2026,2026-08,Q3,Amazonía,Leticia,Web,Corporativo,Headset Pro,Audio,Laura Gómez,2,510000,5,1020000,51000,969000,290000,580000,389000,40.14,En tránsito,Tarjeta crédito,4,9,No,No
ORD-02997,2025-10-24,2025,2025-10,Q4,Caribe,Valledupar,Web,Consumidor,Teclado Mecánico,Accesorios,Laura Gómez,1,314000,0,314000,0,314000,178000,178000,136000,43.31,Entregado,Efectivo,5,6,No,No
ORD-02998,2024-02-18,2024,2024-02,Q1,Orinoquía,Yopal,Tienda física,Emprendedor,Laptop Air 13,Tecnología,Ana Torres,3,3500000,10,10500000,1050000,9450000,2670000,8010000,1440000,15.24,Entregado,Transferencia,4,2,No,Sí
ORD-02999,2024-07-29,2024,2024-07,Q3,Andina,Manizales,Ventas corporativas,PyME,Laptop Pro 14,Tecnología,Ana Torres,15,4464000,0,66960000,0,66960000,3695000,55425000,11535000,17.23,Entregado,Tarjeta débito,5,2,No,No
ORD-03000,2024-07-25,2024,2024-07,Q3,Caribe,Barranquilla,Web,PyME,Teclado Mecánico,Accesorios,Carlos Ruiz,3,314000,0,942000,0,942000,184000,552000,390000,41.4,Procesando,Tarjeta crédito,5,2,No,No
ORD-03001,2025-05-16,2025,2025-05,Q2,Andina,Pereira,Marketplace,Consumidor,Monitor 27,Tecnología,Ana Torres,1,1272000,8,1272000,101760,1170240,821000,821000,349240,29.84,Entregado,Transferencia,4,3,No,No
ORD-03002,2026-03-10,2026,2026-03,Q1,Caribe,Valledupar,Web,Corporativo,Laptop Air 13,Tecnología,Diego Martínez,6,3430000,8,20580000,1646400,18933600,2544000,15264000,3669600,19.38,Cancelado,Tarjeta crédito,,,No,No
ORD-03003,2024-03-31,2024,2024-03,Q1,Andina,Manizales,Web,Corporativo,Laptop Air 13,Tecnología,Andrés Moreno,3,3430000,3,10290000,308700,9981300,2577000,7731000,2250300,22.55,Cancelado,Transferencia,,,No,Sí
ORD-03004,2025-06-07,2025,2025-06,Q2,Caribe,Valledupar,Tienda física,Corporativo,Laptop Pro 14,Tecnología,Laura Gómez,2,5088000,8,10176000,814080,9361920,3497000,6994000,2367920,25.29,Procesando,Tarjeta débito,3,1,No,No
ORD-03005,2025-03-03,2025,2025-03,Q1,Caribe,Barranquilla,Tienda física,PyME,Monitor 27,Tecnología,Laura Gómez,3,1250000,5,3750000,187500,3562500,839000,2517000,1045500,29.35,Procesando,Efectivo,5,2,No,No
ORD-03006,2026-09-15,2026,2026-09,Q3,Amazonía,Leticia,Tienda física,Consumidor,Webcam HD,Accesorios,Ana Torres,2,270000,3,540000,16200,523800,147000,294000,229800,43.87,Entregado,Tarjeta débito,4,5,No,No
ORD-03007,2026-03-05,2026,2026-03,Q1,Andina,Manizales,Tienda física,Consumidor,Monitor 27,Tecnología,Diego Martínez,5,1250000,5,6250000,312500,5937500,858000,4290000,1647500,27.75,Entregado,Tarjeta crédito,5,2,No,No
ORD-03008,2025-02-02,2025,2025-02,Q1,Caribe,Barranquilla,Marketplace,PyME,Laptop Air 13,Tecnología,Laura Gómez,1,3360000,5,3360000,168000,3192000,2755000,2755000,437000,13.69,Entregado,PSE,3,1,No,Sí
ORD-03009,2024-04-17,2024,2024-04,Q2,Amazonía,Leticia,Ventas corporativas,Emprendedor,Laptop Pro 14,Tecnología,Valentina Rojas,11,4464000,0,49104000,0,49104000,3603000,39633000,9471000,19.29,Entregado,Tarjeta crédito,4,4,No,No
ORD-03010,2024-08-14,2024,2024-08,Q3,Pacífica,Buenaventura,Tienda física,Corporativo,Webcam HD,Accesorios,Carlos Ruiz,2,270000,8,540000,43200,496800,153000,306000,190800,38.41,Entregado,Tarjeta débito,5,5,No,No
ORD-03011,2025-08-05,2025,2025-08,Q3,Pacífica,Cali,Web,Corporativo,Dock USB-C,Accesorios,Diego Martínez,2,402000,0,804000,0,804000,235000,470000,334000,41.54,Procesando,Tarjeta débito,4,5,No,No
ORD-03012,2026-05-04,2026,2026-05,Q2,Pacífica,Popayán,Ventas corporativas,Consumidor,Laptop Air 13,Tecnología,Juan Castro,8,3450000,3,27600000,828000,26772000,2621000,20968000,5804000,21.68,En tránsito,Efectivo,5,7,No,Sí
ORD-03013,2025-09-16,2025,2025-09,Q3,Andina,Bucaramanga,Web,Emprendedor,Silla Ergonómica,Mobiliario,Ana Torres,1,1421000,20,1421000,284200,1136800,979000,979000,157800,13.88,Procesando,Tarjeta débito,5,5,No,No
ORD-03014,2026-06-26,2026,2026-06,Q2,Amazonía,Leticia,Web,PyME,Teclado Mecánico,Accesorios,Carlos Ruiz,1,332000,0,332000,0,332000,174000,174000,158000,47.59,En tránsito,Transferencia,4,6,No,No
ORD-03015,2024-06-26,2024,2024-06,Q2,Caribe,Valledupar,Tienda física,Emprendedor,Silla Ergonómica,Mobiliario,Laura Gómez,1,1537000,5,1537000,76850,1460150,903000,903000,557150,38.16,Entregado,Tarjeta débito,4,1,No,No
ORD-03016,2025-06-04,2025,2025-06,Q2,Amazonía,Mocoa,Web,Emprendedor,Laptop Pro 14,Tecnología,Laura Gómez,2,4986000,0,9972000,0,9972000,3464000,6928000,3044000,30.53,Procesando,Efectivo,5,6,No,No
ORD-03017,2024-11-22,2024,2024-11,Q4,Andina,Bogotá,Tienda física,Emprendedor,Laptop Pro 14,Tecnología,Diego Martínez,4,5376000,0,21504000,0,21504000,3701000,14804000,6700000,31.16,En tránsito,Efectivo,5,5,No,No
ORD-03018,2025-11-25,2025,2025-11,Q4,Andina,Medellín,Web,PyME,Escritorio Ajustable,Mobiliario,Valentina Rojas,1,2305000,5,2305000,115250,2189750,1415000,1415000,774750,35.38,Entregado,PSE,5,4,No,No
ORD-03019,2025-01-08,2025,2025-01,Q1,Andina,Bucaramanga,Web,Consumidor,Silla Ergonómica,Mobiliario,Andrés Moreno,3,1421000,5,4263000,213150,4049850,983000,2949000,1100850,27.18,Cancelado,Tarjeta crédito,,,No,No
ORD-03020,2025-02-07,2025,2025-02,Q1,Andina,Bucaramanga,Tienda física,Corporativo,Mouse Inalámbrico,Accesorios,Valentina Rojas,2,180000,8,360000,28800,331200,90000,180000,151200,45.65,Entregado,Tarjeta crédito,5,4,No,No
ORD-03021,2026-09-24,2026,2026-09,Q3,Pacífica,Cali,Web,PyME,Headset Pro,Audio,Sofía Herrera,10,510000,5,5100000,255000,4845000,285000,2850000,1995000,41.18,Cancelado,PSE,,,No,No
ORD-03022,2025-04-19,2025,2025-04,Q2,Pacífica,Cali,Web,Consumidor,Silla Ergonómica,Mobiliario,Juan Castro,1,1421000,10,1421000,142100,1278900,976000,976000,302900,23.68,En tránsito,Transferencia,5,4,No,No
ORD-03023,2026-03-22,2026,2026-03,Q1,Andina,Manizales,Web,Emprendedor,Laptop Pro 14,Tecnología,Valentina Rojas,1,4704000,10,4704000,470400,4233600,3472000,3472000,761600,17.99,Entregado,Efectivo,4,3,No,No
ORD-03024,2026-01-13,2026,2026-01,Q1,Andina,Bogotá,Tienda física,Consumidor,Silla Ergonómica,Mobiliario,Sofía Herrera,2,1450000,5,2900000,145000,2755000,920000,1840000,915000,33.21,Entregado,Efectivo,4,3,No,No
ORD-03025,2024-12-07,2024,2024-12,Q4,Andina,Manizales,Ventas corporativas,Emprendedor,Laptop Air 13,Tecnología,Sofía Herrera,16,3646000,8,58336000,4666880,53669120,2721000,43536000,10133120,18.88,Entregado,PSE,5,3,No,Sí
ORD-03026,2026-08-20,2026,2026-08,Q3,Andina,Medellín,Marketplace,Emprendedor,Laptop Air 13,Tecnología,Laura Gómez,1,3360000,10,3360000,336000,3024000,2580000,2580000,444000,14.68,En tránsito,Transferencia,5,4,No,Sí
ORD-03027,2025-02-14,2025,2025-02,Q1,Andina,Pereira,Web,Corporativo,Webcam HD,Accesorios,Carlos Ruiz,1,265000,5,265000,13250,251750,142000,142000,109750,43.59,En tránsito,PSE,4,8,No,Sí
ORD-03028,2026-03-17,2026,2026-03,Q1,Andina,Bogotá,Web,Emprendedor,Monitor 24,Tecnología,Diego Martínez,2,764000,15,1528000,229200,1298800,540000,1080000,218800,16.85,Procesando,Tarjeta débito,4,1,No,No
ORD-03029,2024-05-15,2024,2024-05,Q2,Andina,Pereira,Tienda física,Consumidor,Dock USB-C,Accesorios,Sofía Herrera,2,435000,8,870000,69600,800400,237000,474000,326400,40.78,Entregado,PSE,5,4,No,Sí
ORD-03030,2024-01-25,2024,2024-01,Q1,Orinoquía,Arauca,Tienda física,Corporativo,Audífonos Bluetooth,Audio,Valentina Rojas,3,390000,15,1170000,175500,994500,201000,603000,391500,39.37,Cancelado,Efectivo,,,No,No
ORD-03031,2025-08-08,2025,2025-08,Q3,Andina,Bogotá,Marketplace,Emprendedor,Monitor 24,Tecnología,Valentina Rojas,2,749000,3,1498000,44940,1453060,517000,1034000,419060,28.84,En tránsito,Efectivo,5,4,No,No
ORD-03032,2025-06-15,2025,2025-06,Q2,Pacífica,Quibdó,Web,Emprendedor,Dock USB-C,Accesorios,Sofía Herrera,6,426000,20,2556000,511200,2044800,233000,1398000,646800,31.63,Procesando,Efectivo,5,4,No,Sí
ORD-03033,2024-10-15,2024,2024-10,Q4,Pacífica,Pasto,Web,Emprendedor,Webcam HD,Accesorios,Carlos Ruiz,2,265000,5,530000,26500,503500,144000,288000,215500,42.8,Entregado,Tarjeta crédito,3,5,No,No
ORD-03034,2024-09-15,2024,2024-09,Q3,Caribe,Cartagena,Tienda física,Consumidor,Silla Ergonómica,Mobiliario,Diego Martínez,6,1450000,5,8700000,435000,8265000,984000,5904000,2361000,28.57,Procesando,Transferencia,4,4,No,No
ORD-03035,2025-07-26,2025,2025-07,Q3,Amazonía,Leticia,Web,Consumidor,Monitor 24,Tecnología,Juan Castro,2,764000,8,1528000,122240,1405760,525000,1050000,355760,25.31,Cancelado,Efectivo,,,No,No
ORD-03036,2025-04-15,2025,2025-04,Q2,Andina,Manizales,Web,Consumidor,Mouse Inalámbrico,Accesorios,Valentina Rojas,1,176000,8,176000,14080,161920,87000,87000,74920,46.27,Procesando,Transferencia,5,5,No,No
ORD-03037,2026-08-10,2026,2026-08,Q3,Amazonía,Florencia,Marketplace,PyME,Audífonos Bluetooth,Audio,Valentina Rojas,4,374000,10,1496000,149600,1346400,213000,852000,494400,36.72,Entregado,Transferencia,4,1,No,No
ORD-03038,2026-05-21,2026,2026-05,Q2,Caribe,Barranquilla,Ventas corporativas,PyME,Dock USB-C,Accesorios,Valentina Rojas,19,404000,5,7676000,383800,7292200,244000,4636000,2656200,36.43,Entregado,Tarjeta débito,5,3,No,Sí
ORD-03039,2026-04-18,2026,2026-04,Q2,Caribe,Montería,Web,PyME,Teclado Mecánico,Accesorios,Diego Martínez,1,314000,5,314000,15700,298300,182000,182000,116300,38.99,Entregado,PSE,4,5,No,No
ORD-03040,2025-10-27,2025,2025-10,Q4,Andina,Bogotá,Web,PyME,Monitor 27,Tecnología,Carlos Ruiz,2,1225000,0,2450000,0,2450000,861000,1722000,728000,29.71,Cancelado,Tarjeta débito,,,No,No
ORD-03041,2025-09-22,2025,2025-09,Q3,Andina,Bucaramanga,Web,Consumidor,Silla Ergonómica,Mobiliario,Juan Castro,1,1421000,0,1421000,0,1421000,955000,955000,466000,32.79,Entregado,Tarjeta crédito,4,3,No,Sí
ORD-03042,2024-12-29,2024,2024-12,Q4,Andina,Manizales,Web,PyME,Escritorio Ajustable,Mobiliario,Sofía Herrera,1,2305000,15,2305000,345750,1959250,1449000,1449000,510250,26.04,Entregado,Tarjeta crédito,5,3,No,No
ORD-03043,2025-10-14,2025,2025-10,Q4,Caribe,Valledupar,Web,Corporativo,Audífonos Bluetooth,Audio,Diego Martínez,5,382000,5,1910000,95500,1814500,207000,1035000,779500,42.96,Entregado,Tarjeta débito,3,7,No,Sí
ORD-03044,2026-04-28,2026,2026-04,Q2,Andina,Pereira,Ventas corporativas,Consumidor,Teclado Mecánico,Accesorios,Ana Torres,16,298000,3,4768000,143040,4624960,182000,2912000,1712960,37.04,En tránsito,Efectivo,4,2,No,No
ORD-03045,2026-07-24,2026,2026-07,Q3,Pacífica,Pasto,Marketplace,Consumidor,Laptop Pro 14,Tecnología,Andrés Moreno,1,4608000,0,4608000,0,4608000,3436000,3436000,1172000,25.43,Entregado,Tarjeta débito,5,4,No,No
ORD-03046,2025-10-15,2025,2025-10,Q4,Andina,Medellín,Web,PyME,Monitor 24,Tecnología,Sofía Herrera,10,764000,5,7640000,382000,7258000,535000,5350000,1908000,26.29,Entregado,Transferencia,5,6,No,No
ORD-03047,2024-06-26,2024,2024-06,Q2,Caribe,Santa Marta,Web,Consumidor,Headset Pro,Audio,Carlos Ruiz,6,540000,15,3240000,486000,2754000,295000,1770000,984000,35.73,Procesando,PSE,3,6,No,No
ORD-03048,2026-04-27,2026,2026-04,Q2,Andina,Medellín,Ventas corporativas,Corporativo,Mouse Inalámbrico,Accesorios,Laura Gómez,7,167000,5,1169000,58450,1110550,88000,616000,494550,44.53,En tránsito,Transferencia,3,6,No,No
ORD-03049,2025-06-07,2025,2025-06,Q2,Andina,Medellín,Web,PyME,Silla Ergonómica,Mobiliario,Sofía Herrera,4,1506000,10,6024000,602400,5421600,972000,3888000,1533600,28.29,Entregado,Efectivo,4,4,No,Sí
ORD-03050,2026-06-09,2026,2026-06,Q2,Pacífica,Cali,Marketplace,Emprendedor,Mouse Inalámbrico,Accesorios,Carlos Ruiz,2,183000,20,366000,73200,292800,87000,174000,118800,40.57,Entregado,Tarjeta débito,5,3,No,Sí
ORD-03051,2025-09-23,2025,2025-09,Q3,Andina,Manizales,Web,Corporativo,Laptop Air 13,Tecnología,Juan Castro,8,3430000,10,27440000,2744000,24696000,2697000,21576000,3120000,12.63,En tránsito,Tarjeta débito,4,6,No,No
ORD-03052,2024-08-25,2024,2024-08,Q3,Andina,Pereira,Web,PyME,Teclado Mecánico,Accesorios,Laura Gómez,1,314000,10,314000,31400,282600,182000,182000,100600,35.6,Entregado,Tarjeta crédito,5,2,No,No
ORD-03053,2024-06-17,2024,2024-06,Q2,Pacífica,Buenaventura,Tienda física,Consumidor,Laptop Air 13,Tecnología,Juan Castro,8,3710000,0,29680000,0,29680000,2619000,20952000,8728000,29.41,En tránsito,Tarjeta débito,4,2,No,No
ORD-03054,2026-05-19,2026,2026-05,Q2,Andina,Bucaramanga,Marketplace,Consumidor,Headset Pro,Audio,Juan Castro,3,529000,15,1587000,238050,1348950,295000,885000,463950,34.39,Entregado,PSE,3,5,No,No
ORD-03055,2026-01-12,2026,2026-01,Q1,Amazonía,Leticia,Web,PyME,Silla Ergonómica,Mobiliario,Diego Martínez,2,1421000,5,2842000,142100,2699900,925000,1850000,849900,31.48,En tránsito,Efectivo,5,3,No,Sí
ORD-03056,2025-08-17,2025,2025-08,Q3,Pacífica,Buenaventura,Web,Consumidor,Laptop Air 13,Tecnología,Laura Gómez,3,3430000,0,10290000,0,10290000,2636000,7908000,2382000,23.15,Procesando,Efectivo,4,2,No,No
ORD-03057,2024-07-03,2024,2024-07,Q3,Pacífica,Quibdó,Tienda física,Corporativo,Monitor 24,Tecnología,Juan Castro,2,780000,0,1560000,0,1560000,533000,1066000,494000,31.67,Procesando,Efectivo,5,4,No,No
ORD-03058,2025-11-27,2025,2025-11,Q4,Caribe,Montería,Marketplace,Emprendedor,Headset Pro,Audio,Laura Gómez,1,559000,5,559000,27950,531050,282000,282000,249050,46.9,En tránsito,Tarjeta débito,3,2,No,No
ORD-03059,2025-04-03,2025,2025-04,Q2,Andina,Pereira,Tienda física,PyME,Headset Pro,Audio,Ana Torres,2,520000,5,1040000,52000,988000,283000,566000,422000,42.71,Procesando,Tarjeta crédito,5,6,No,No
ORD-03060,2026-06-26,2026,2026-06,Q2,Amazonía,Leticia,Web,Corporativo,Laptop Pro 14,Tecnología,Sofía Herrera,4,4986000,8,19944000,1595520,18348480,3425000,13700000,4648480,25.33,En tránsito,Efectivo,5,4,No,Sí
ORD-03061,2025-05-21,2025,2025-05,Q2,Andina,Medellín,Web,Emprendedor,Laptop Pro 14,Tecnología,Andrés Moreno,3,4986000,3,14958000,448740,14509260,3726000,11178000,3331260,22.96,Entregado,Tarjeta crédito,4,5,Sí,No
ORD-03062,2025-10-30,2025,2025-10,Q4,Caribe,Barranquilla,Web,Consumidor,Laptop Air 13,Tecnología,Sofía Herrera,1,3430000,0,3430000,0,3430000,2599000,2599000,831000,24.23,Entregado,Tarjeta débito,5,6,No,No
ORD-03063,2024-03-25,2024,2024-03,Q1,Amazonía,Florencia,Marketplace,Emprendedor,Dock USB-C,Accesorios,Juan Castro,1,394000,0,394000,0,394000,226000,226000,168000,42.64,Cancelado,Tarjeta débito,,,No,No
ORD-03064,2025-03-06,2025,2025-03,Q1,Andina,Bogotá,Web,Consumidor,Silla Ergonómica,Mobiliario,Carlos Ruiz,8,1421000,15,11368000,1705200,9662800,964000,7712000,1950800,20.19,Entregado,Efectivo,1,5,Sí,Sí
ORD-03065,2024-04-02,2024,2024-04,Q2,Andina,Pereira,Web,Consumidor,Laptop Pro 14,Tecnología,Valentina Rojas,8,4704000,3,37632000,1128960,36503040,3695000,29560000,6943040,19.02,En tránsito,Tarjeta crédito,5,4,No,No
ORD-03066,2024-05-31,2024,2024-05,Q2,Caribe,Cartagena,Web,PyME,Laptop Air 13,Tecnología,Sofía Herrera,1,3636000,0,3636000,0,3636000,2754000,2754000,882000,24.26,En tránsito,Transferencia,5,3,No,Sí
ORD-03067,2025-01-24,2025,2025-01,Q1,Andina,Manizales,Tienda física,PyME,Laptop Pro 14,Tecnología,Carlos Ruiz,8,4800000,3,38400000,1152000,37248000,3730000,29840000,7408000,19.89,Procesando,Tarjeta crédito,4,3,No,Sí
ORD-03068,2024-06-13,2024,2024-06,Q2,Pacífica,Cali,Marketplace,PyME,Silla Ergonómica,Mobiliario,Carlos Ruiz,2,1476000,10,2952000,295200,2656800,970000,1940000,716800,26.98,Cancelado,Tarjeta crédito,,,No,No
ORD-03069,2026-01-22,2026,2026-01,Q1,Andina,Manizales,Tienda física,Corporativo,Teclado Mecánico,Accesorios,Juan Castro,5,320000,5,1600000,80000,1520000,174000,870000,650000,42.76,Cancelado,Transferencia,,,No,No
ORD-03070,2026-06-26,2026,2026-06,Q2,Andina,Medellín,Tienda física,Consumidor,Dock USB-C,Accesorios,Andrés Moreno,6,435000,3,2610000,78300,2531700,239000,1434000,1097700,43.36,Cancelado,Efectivo,,,No,No
ORD-03071,2026-05-03,2026,2026-05,Q2,Amazonía,Mocoa,Marketplace,Emprendedor,Escritorio Ajustable,Mobiliario,Valentina Rojas,3,2137000,8,6411000,512880,5898120,1469000,4407000,1491120,25.28,En tránsito,PSE,4,3,No,Sí
ORD-03072,2026-02-28,2026,2026-02,Q1,Andina,Bogotá,Web,PyME,Teclado Mecánico,Accesorios,Laura Gómez,1,314000,3,314000,9420,304580,172000,172000,132580,43.53,Entregado,Tarjeta débito,5,6,No,No
ORD-03073,2026-02-26,2026,2026-02,Q1,Caribe,Santa Marta,Tienda física,Corporativo,Teclado Mecánico,Accesorios,Ana Torres,1,320000,8,320000,25600,294400,179000,179000,115400,39.2,Entregado,PSE,3,4,No,Sí
ORD-03074,2025-04-27,2025,2025-04,Q2,Pacífica,Buenaventura,Web,Emprendedor,Headset Pro,Audio,Laura Gómez,1,510000,10,510000,51000,459000,288000,288000,171000,37.25,Entregado,Efectivo,5,9,No,No
ORD-03075,2024-02-24,2024,2024-02,Q1,Pacífica,Pasto,Ventas corporativas,Corporativo,Silla Ergonómica,Mobiliario,Carlos Ruiz,7,1348000,5,9436000,471800,8964200,957000,6699000,2265200,25.27,Cancelado,Tarjeta crédito,,,No,Sí
ORD-03076,2025-01-11,2025,2025-01,Q1,Caribe,Santa Marta,Marketplace,PyME,Teclado Mecánico,Accesorios,Carlos Ruiz,1,307000,5,307000,15350,291650,174000,174000,117650,40.34,En tránsito,Tarjeta débito,5,3,No,No
ORD-03077,2025-12-20,2025,2025-12,Q4,Andina,Bogotá,Tienda física,Consumidor,Laptop Pro 14,Tecnología,Ana Torres,6,5376000,20,32256000,6451200,25804800,3710000,22260000,3544800,13.74,En tránsito,Tarjeta crédito,5,7,No,No
ORD-03078,2026-08-12,2026,2026-08,Q3,Andina,Medellín,Tienda física,Corporativo,Headset Pro,Audio,Valentina Rojas,1,520000,5,520000,26000,494000,274000,274000,220000,44.53,En tránsito,PSE,4,1,No,No
ORD-03079,2026-01-25,2026,2026-01,Q1,Pacífica,Cali,Tienda física,PyME,Teclado Mecánico,Accesorios,Ana Torres,1,320000,15,320000,48000,272000,183000,183000,89000,32.72,En tránsito,PSE,5,2,No,Sí
ORD-03080,2025-04-15,2025,2025-04,Q2,Caribe,Montería,Tienda física,PyME,Silla Ergonómica,Mobiliario,Valentina Rojas,3,1450000,8,4350000,348000,4002000,960000,2880000,1122000,28.04,Entregado,Tarjeta crédito,5,5,No,Sí
ORD-03081,2024-06-13,2024,2024-06,Q2,Amazonía,Mocoa,Marketplace,PyME,Monitor 24,Tecnología,Juan Castro,4,794000,0,3176000,0,3176000,503000,2012000,1164000,36.65,Cancelado,Tarjeta crédito,,,No,No
ORD-03082,2026-03-26,2026,2026-03,Q1,Caribe,Barranquilla,Tienda física,Emprendedor,Mouse Inalámbrico,Accesorios,Diego Martínez,4,180000,8,720000,57600,662400,90000,360000,302400,45.65,Cancelado,Tarjeta débito,,,No,Sí
ORD-03083,2025-10-28,2025,2025-10,Q4,Andina,Manizales,Web,Consumidor,Monitor 27,Tecnología,Juan Castro,3,1225000,0,3675000,0,3675000,795000,2385000,1290000,35.1,Cancelado,Tarjeta débito,,,No,Sí
ORD-03084,2026-03-07,2026,2026-03,Q1,Caribe,Santa Marta,Web,Consumidor,Laptop Air 13,Tecnología,Laura Gómez,8,3430000,20,27440000,5488000,21952000,2708000,21664000,288000,1.31,Cancelado,Transferencia,,,No,Sí
ORD-03085,2026-01-22,2026,2026-01,Q1,Pacífica,Cali,Marketplace,PyME,Mouse Inalámbrico,Accesorios,Diego Martínez,4,173000,5,692000,34600,657400,87000,348000,309400,47.06,Entregado,PSE,5,2,Sí,No
ORD-03086,2024-10-07,2024,2024-10,Q4,Pacífica,Buenaventura,Web,Emprendedor,Dock USB-C,Accesorios,Diego Martínez,2,402000,0,804000,0,804000,249000,498000,306000,38.06,Procesando,PSE,4,4,No,No
ORD-03087,2024-10-28,2024,2024-10,Q4,Orinoquía,Yopal,Marketplace,PyME,Laptop Air 13,Tecnología,Sofía Herrera,2,3360000,0,6720000,0,6720000,2704000,5408000,1312000,19.52,En tránsito,Tarjeta débito,5,3,No,No
ORD-03088,2024-07-24,2024,2024-07,Q3,Andina,Pereira,Marketplace,PyME,Monitor 24,Tecnología,Juan Castro,2,749000,0,1498000,0,1498000,526000,1052000,446000,29.77,Cancelado,Tarjeta crédito,,,No,No
ORD-03089,2024-06-21,2024,2024-06,Q2,Caribe,Valledupar,Tienda física,PyME,Laptop Pro 14,Tecnología,Ana Torres,2,5088000,5,10176000,508800,9667200,3463000,6926000,2741200,28.36,Entregado,PSE,5,6,No,No
ORD-03090,2024-05-13,2024,2024-05,Q2,Pacífica,Quibdó,Web,Consumidor,Webcam HD,Accesorios,Valentina Rojas,2,280000,3,560000,16800,543200,143000,286000,257200,47.35,Entregado,PSE,5,4,No,No
ORD-03091,2026-05-20,2026,2026-05,Q2,Pacífica,Pasto,Marketplace,Corporativo,Dock USB-C,Accesorios,Carlos Ruiz,2,417000,10,834000,83400,750600,248000,496000,254600,33.92,Entregado,Transferencia,3,2,No,Sí
ORD-03092,2025-01-15,2025,2025-01,Q1,Pacífica,Buenaventura,Tienda física,Consumidor,Headset Pro,Audio,Laura Gómez,2,520000,8,1040000,83200,956800,274000,548000,408800,42.73,Cancelado,Tarjeta crédito,,,No,No
ORD-03093,2026-06-24,2026,2026-06,Q2,Caribe,Santa Marta,Tienda física,PyME,Audífonos Bluetooth,Audio,Ana Torres,1,413000,5,413000,20650,392350,203000,203000,189350,48.26,En tránsito,Transferencia,4,5,No,No
ORD-03094,2025-05-22,2025,2025-05,Q2,Caribe,Cartagena,Web,PyME,Monitor 24,Tecnología,Carlos Ruiz,1,810000,0,810000,0,810000,536000,536000,274000,33.83,Entregado,Transferencia,4,6,No,No
ORD-03095,2025-11-10,2025,2025-11,Q4,Andina,Bucaramanga,Web,Consumidor,Monitor 24,Tecnología,Carlos Ruiz,2,856000,8,1712000,136960,1575040,508000,1016000,559040,35.49,En tránsito,Tarjeta crédito,3,4,No,No
ORD-03096,2024-10-26,2024,2024-10,Q4,Pacífica,Popayán,Tienda física,Emprendedor,Monitor 24,Tecnología,Juan Castro,3,780000,15,2340000,351000,1989000,522000,1566000,423000,21.27,Procesando,Efectivo,4,4,No,Sí
ORD-03097,2025-07-27,2025,2025-07,Q3,Amazonía,Mocoa,Marketplace,Corporativo,Laptop Pro 14,Tecnología,Juan Castro,1,4608000,5,4608000,230400,4377600,3456000,3456000,921600,21.05,En tránsito,Tarjeta débito,5,2,No,No
ORD-03098,2025-09-08,2025,2025-09,Q3,Andina,Pereira,Marketplace,Emprendedor,Laptop Air 13,Tecnología,Laura Gómez,1,3360000,5,3360000,168000,3192000,2733000,2733000,459000,14.38,Entregado,Efectivo,4,1,Sí,No
ORD-03099,2024-06-12,2024,2024-06,Q2,Andina,Bogotá,Web,PyME,Dock USB-C,Accesorios,Valentina Rojas,1,426000,8,426000,34080,391920,235000,235000,156920,40.04,Procesando,PSE,5,7,No,No
ORD-03100,2026-04-21,2026,2026-04,Q2,Andina,Bucaramanga,Tienda física,Corporativo,Silla Ergonómica,Mobiliario,Ana Torres,1,1450000,0,1450000,0,1450000,908000,908000,542000,37.38,Procesando,Transferencia,5,4,No,Sí
ORD-03101,2024-01-14,2024,2024-01,Q1,Caribe,Santa Marta,Tienda física,PyME,Escritorio Ajustable,Mobiliario,Diego Martínez,3,2100000,0,6300000,0,6300000,1438000,4314000,1986000,31.52,Procesando,Transferencia,4,5,No,No
ORD-03102,2025-07-13,2025,2025-07,Q3,Amazonía,Mocoa,Tienda física,PyME,Audífonos Bluetooth,Audio,Andrés Moreno,1,390000,10,390000,39000,351000,214000,214000,137000,39.03,Entregado,Tarjeta crédito,5,3,Sí,Sí
ORD-03103,2026-05-29,2026,2026-05,Q2,Caribe,Montería,Marketplace,Corporativo,Escritorio Ajustable,Mobiliario,Carlos Ruiz,8,2137000,0,17096000,0,17096000,1464000,11712000,5384000,31.49,En tránsito,PSE,4,3,No,No
ORD-03104,2025-12-14,2025,2025-12,Q4,Andina,Pereira,Web,Emprendedor,Silla Ergonómica,Mobiliario,Ana Torres,1,1592000,10,1592000,159200,1432800,976000,976000,456800,31.88,En tránsito,Efectivo,5,3,No,Sí
ORD-03105,2026-04-21,2026,2026-04,Q2,Orinoquía,Arauca,Web,Emprendedor,Silla Ergonómica,Mobiliario,Andrés Moreno,2,1421000,10,2842000,284200,2557800,915000,1830000,727800,28.45,Procesando,PSE,3,5,No,No
ORD-03106,2024-12-25,2024,2024-12,Q4,Caribe,Barranquilla,Web,Corporativo,Escritorio Ajustable,Mobiliario,Ana Torres,4,2305000,3,9220000,276600,8943400,1397000,5588000,3355400,37.52,Entregado,Efectivo,4,3,No,No
ORD-03107,2024-09-25,2024,2024-09,Q3,Andina,Medellín,Tienda física,Corporativo,Headset Pro,Audio,Diego Martínez,3,520000,15,1560000,234000,1326000,276000,828000,498000,37.56,Procesando,Tarjeta crédito,2,1,No,No
ORD-03108,2024-06-02,2024,2024-06,Q2,Caribe,Barranquilla,Marketplace,Consumidor,Teclado Mecánico,Accesorios,Sofía Herrera,3,326000,10,978000,97800,880200,185000,555000,325200,36.95,Cancelado,Tarjeta crédito,,,No,No
ORD-03109,2025-08-02,2025,2025-08,Q3,Andina,Medellín,Web,Consumidor,Headset Pro,Audio,Carlos Ruiz,2,510000,10,1020000,102000,918000,288000,576000,342000,37.25,Cancelado,PSE,,,No,No
ORD-03110,2024-09-26,2024,2024-09,Q3,Orinoquía,Villavicencio,Tienda física,Consumidor,Laptop Air 13,Tecnología,Sofía Herrera,3,3500000,0,10500000,0,10500000,2659000,7977000,2523000,24.03,Procesando,Efectivo,4,7,No,No
ORD-03111,2024-10-03,2024,2024-10,Q4,Caribe,Barranquilla,Tienda física,PyME,Laptop Pro 14,Tecnología,Andrés Moreno,1,4800000,0,4800000,0,4800000,3732000,3732000,1068000,22.25,Procesando,Tarjeta débito,5,2,No,No
ORD-03112,2026-04-28,2026,2026-04,Q2,Andina,Bogotá,Tienda física,Consumidor,Mouse Inalámbrico,Accesorios,Andrés Moreno,1,180000,5,180000,9000,171000,86000,86000,85000,49.71,Entregado,PSE,5,5,No,No
ORD-03113,2025-11-04,2025,2025-11,Q4,Orinoquía,Villavicencio,Web,Corporativo,Mouse Inalámbrico,Accesorios,Laura Gómez,5,198000,8,990000,79200,910800,85000,425000,485800,53.34,Cancelado,Efectivo,,,No,Sí
ORD-03114,2026-04-17,2026,2026-04,Q2,Caribe,Barranquilla,Web,Emprendedor,Laptop Pro 14,Tecnología,Sofía Herrera,3,4704000,5,14112000,705600,13406400,3453000,10359000,3047400,22.73,Entregado,Transferencia,3,4,No,No
ORD-03115,2024-01-05,2024,2024-01,Q1,Andina,Bucaramanga,Tienda física,Corporativo,Laptop Air 13,Tecnología,Juan Castro,1,3500000,15,3500000,525000,2975000,2613000,2613000,362000,12.17,Entregado,Transferencia,4,2,No,No
ORD-03116,2026-07-08,2026,2026-07,Q3,Andina,Bucaramanga,Tienda física,Emprendedor,Silla Ergonómica,Mobiliario,Laura Gómez,1,1450000,5,1450000,72500,1377500,981000,981000,396500,28.78,Entregado,Efectivo,4,3,No,Sí
ORD-03117,2026-03-14,2026,2026-03,Q1,Pacífica,Cali,Marketplace,Consumidor,Audífonos Bluetooth,Audio,Carlos Ruiz,2,374000,3,748000,22440,725560,206000,412000,313560,43.22,Cancelado,Efectivo,,,No,Sí
ORD-03118,2024-09-27,2024,2024-09,Q3,Orinoquía,Villavicencio,Marketplace,Corporativo,Laptop Pro 14,Tecnología,Diego Martínez,1,4608000,0,4608000,0,4608000,3685000,3685000,923000,20.03,Procesando,Tarjeta débito,4,4,No,No
ORD-03119,2026-04-25,2026,2026-04,Q2,Caribe,Valledupar,Marketplace,Corporativo,Headset Pro,Audio,Juan Castro,8,499000,10,3992000,399200,3592800,284000,2272000,1320800,36.76,En tránsito,Transferencia,4,3,No,No
ORD-03120,2025-01-03,2025,2025-01,Q1,Andina,Manizales,Web,Consumidor,Dock USB-C,Accesorios,Andrés Moreno,10,402000,5,4020000,201000,3819000,230000,2300000,1519000,39.77,En tránsito,Tarjeta crédito,4,5,No,Sí
ORD-03121,2024-02-22,2024,2024-02,Q1,Andina,Bucaramanga,Web,Emprendedor,Mouse Inalámbrico,Accesorios,Sofía Herrera,3,176000,5,528000,26400,501600,84000,252000,249600,49.76,Entregado,PSE,4,5,No,No
ORD-03122,2024-10-20,2024,2024-10,Q4,Pacífica,Pasto,Web,Emprendedor,Mouse Inalámbrico,Accesorios,Juan Castro,3,176000,5,528000,26400,501600,88000,264000,237600,47.37,En tránsito,Tarjeta crédito,2,5,No,No
ORD-03123,2025-06-19,2025,2025-06,Q2,Andina,Manizales,Web,Emprendedor,Headset Pro,Audio,Juan Castro,2,540000,5,1080000,54000,1026000,299000,598000,428000,41.72,Cancelado,Efectivo,,,No,Sí
ORD-03124,2024-07-01,2024,2024-07,Q3,Caribe,Barranquilla,Web,Corporativo,Headset Pro,Audio,Carlos Ruiz,6,510000,8,3060000,244800,2815200,282000,1692000,1123200,39.9,Procesando,Tarjeta crédito,5,1,No,No
ORD-03125,2026-05-31,2026,2026-05,Q2,Andina,Manizales,Marketplace,Consumidor,Webcam HD,Accesorios,Juan Castro,2,275000,15,550000,82500,467500,142000,284000,183500,39.25,Entregado,Efectivo,5,4,No,Sí
ORD-03126,2024-04-11,2024,2024-04,Q2,Amazonía,Leticia,Web,Corporativo,Headset Pro,Audio,Diego Martínez,4,510000,5,2040000,102000,1938000,302000,1208000,730000,37.67,Entregado,Efectivo,4,2,No,No
ORD-03127,2025-02-04,2025,2025-02,Q1,Caribe,Barranquilla,Ventas corporativas,PyME,Audífonos Bluetooth,Audio,Carlos Ruiz,13,363000,5,4719000,235950,4483050,217000,2821000,1662050,37.07,Entregado,Efectivo,2,4,No,No
ORD-03128,2024-11-21,2024,2024-11,Q4,Andina,Bogotá,Tienda física,Corporativo,Audífonos Bluetooth,Audio,Andrés Moreno,3,437000,0,1311000,0,1311000,213000,639000,672000,51.26,Entregado,PSE,3,4,No,Sí
ORD-03129,2026-07-17,2026,2026-07,Q3,Caribe,Valledupar,Ventas corporativas,Corporativo,Teclado Mecánico,Accesorios,Carlos Ruiz,18,298000,10,5364000,536400,4827600,184000,3312000,1515600,31.39,En tránsito,Tarjeta débito,5,3,No,No
ORD-03130,2024-04-02,2024,2024-04,Q2,Andina,Manizales,Web,PyME,Silla Ergonómica,Mobiliario,Sofía Herrera,5,1421000,0,7105000,0,7105000,941000,4705000,2400000,33.78,Cancelado,Tarjeta crédito,,,No,Sí
ORD-03131,2024-08-29,2024,2024-08,Q3,Pacífica,Pasto,Tienda física,Corporativo,Mouse Inalámbrico,Accesorios,Andrés Moreno,1,180000,0,180000,0,180000,85000,85000,95000,52.78,Procesando,Tarjeta crédito,2,3,No,No
ORD-03132,2026-02-23,2026,2026-02,Q1,Andina,Medellín,Tienda física,Corporativo,Audífonos Bluetooth,Audio,Ana Torres,4,390000,3,1560000,46800,1513200,215000,860000,653200,43.17,Entregado,Transferencia,4,2,No,No
ORD-03133,2024-06-06,2024,2024-06,Q2,Andina,Manizales,Tienda física,PyME,Teclado Mecánico,Accesorios,Sofía Herrera,8,339000,0,2712000,0,2712000,181000,1448000,1264000,46.61,Entregado,PSE,1,2,No,Sí
ORD-03134,2024-10-13,2024,2024-10,Q4,Pacífica,Cali,Tienda física,PyME,Monitor 27,Tecnología,Valentina Rojas,10,1250000,10,12500000,1250000,11250000,867000,8670000,2580000,22.93,Entregado,Tarjeta débito,4,2,No,No
ORD-03135,2025-07-14,2025,2025-07,Q3,Pacífica,Popayán,Marketplace,Consumidor,Laptop Pro 14,Tecnología,Carlos Ruiz,2,4608000,0,9216000,0,9216000,3664000,7328000,1888000,20.49,Entregado,Transferencia,5,3,No,Sí
ORD-03136,2024-07-21,2024,2024-07,Q3,Pacífica,Quibdó,Web,Consumidor,Mouse Inalámbrico,Accesorios,Ana Torres,4,176000,10,704000,70400,633600,84000,336000,297600,46.97,Entregado,Tarjeta débito,2,1,No,No
ORD-03137,2025-11-01,2025,2025-11,Q4,Caribe,Cartagena,Web,PyME,Teclado Mecánico,Accesorios,Laura Gómez,2,351000,10,702000,70200,631800,174000,348000,283800,44.92,Entregado,Tarjeta crédito,4,5,Sí,Sí
ORD-03138,2025-11-02,2025,2025-11,Q4,Caribe,Valledupar,Tienda física,Consumidor,Monitor 27,Tecnología,Valentina Rojas,5,1400000,0,7000000,0,7000000,809000,4045000,2955000,42.21,Procesando,Efectivo,4,4,No,No
ORD-03139,2026-09-30,2026,2026-09,Q3,Amazonía,Leticia,Web,PyME,Monitor 24,Tecnología,Diego Martínez,8,764000,5,6112000,305600,5806400,516000,4128000,1678400,28.91,Procesando,Efectivo,5,3,No,No
ORD-03140,2025-03-25,2025,2025-03,Q1,Andina,Manizales,Tienda física,Consumidor,Escritorio Ajustable,Mobiliario,Diego Martínez,1,2100000,5,2100000,105000,1995000,1414000,1414000,581000,29.12,Cancelado,Efectivo,,,No,Sí
ORD-03141,2025-09-30,2025,2025-09,Q3,Amazonía,Leticia,Tienda física,PyME,Dock USB-C,Accesorios,Andrés Moreno,1,410000,8,410000,32800,377200,226000,226000,151200,40.08,Entregado,PSE,5,3,No,Sí
ORD-03142,2025-02-26,2025,2025-02,Q1,Pacífica,Popayán,Marketplace,PyME,Mouse Inalámbrico,Accesorios,Valentina Rojas,2,173000,10,346000,34600,311400,87000,174000,137400,44.12,Cancelado,PSE,,,No,No
ORD-03143,2025-02-10,2025,2025-02,Q1,Orinoquía,Yopal,Marketplace,Emprendedor,Audífonos Bluetooth,Audio,Laura Gómez,1,374000,0,374000,0,374000,203000,203000,171000,45.72,Entregado,Transferencia,1,1,No,No
ORD-03144,2025-04-25,2025,2025-04,Q2,Pacífica,Cali,Marketplace,Consumidor,Audífonos Bluetooth,Audio,Carlos Ruiz,2,374000,3,748000,22440,725560,209000,418000,307560,42.39,Cancelado,PSE,,,No,No
ORD-03145,2024-05-30,2024,2024-05,Q2,Pacífica,Buenaventura,Web,Consumidor,Silla Ergonómica,Mobiliario,Carlos Ruiz,1,1506000,0,1506000,0,1506000,907000,907000,599000,39.77,En tránsito,PSE,5,6,No,Sí
ORD-03146,2026-02-28,2026,2026-02,Q1,Andina,Bucaramanga,Web,PyME,Mouse Inalámbrico,Accesorios,Laura Gómez,1,176000,10,176000,17600,158400,83000,83000,75400,47.6,Entregado,Tarjeta crédito,3,3,No,Sí
ORD-03147,2025-04-03,2025,2025-04,Q2,Caribe,Valledupar,Tienda física,Emprendedor,Monitor 27,Tecnología,Diego Martínez,3,1250000,3,3750000,112500,3637500,807000,2421000,1216500,33.44,Entregado,PSE,5,1,No,Sí
ORD-03148,2024-06-14,2024,2024-06,Q2,Caribe,Montería,Tienda física,Emprendedor,Laptop Air 13,Tecnología,Sofía Herrera,2,3710000,5,7420000,371000,7049000,2649000,5298000,1751000,24.84,Cancelado,Transferencia,,,No,No
ORD-03149,2026-03-30,2026,2026-03,Q1,Andina,Bogotá,Marketplace,PyME,Silla Ergonómica,Mobiliario,Diego Martínez,6,1392000,8,8352000,668160,7683840,935000,5610000,2073840,26.99,Procesando,Tarjeta crédito,5,3,No,No
ORD-03150,2024-02-10,2024,2024-02,Q1,Caribe,Montería,Ventas corporativas,Corporativo,Monitor 24,Tecnología,Ana Torres,3,725000,0,2175000,0,2175000,538000,1614000,561000,25.79,Entregado,Transferencia,4,4,No,Sí
ORD-03151,2026-02-02,2026,2026-02,Q1,Orinoquía,Villavicencio,Web,PyME,Dock USB-C,Accesorios,Ana Torres,1,402000,3,402000,12060,389940,240000,240000,149940,38.45,Procesando,PSE,5,3,No,Sí
ORD-03152,2025-05-29,2025,2025-05,Q2,Andina,Bucaramanga,Web,PyME,Dock USB-C,Accesorios,Carlos Ruiz,1,426000,0,426000,0,426000,229000,229000,197000,46.24,Procesando,Tarjeta débito,5,1,No,No
ORD-03153,2026-08-08,2026,2026-08,Q3,Andina,Medellín,Web,Consumidor,Monitor 24,Tecnología,Carlos Ruiz,10,764000,5,7640000,382000,7258000,514000,5140000,2118000,29.18,Entregado,PSE,5,3,No,Sí
ORD-03154,2024-06-24,2024,2024-06,Q2,Andina,Medellín,Tienda física,PyME,Monitor 27,Tecnología,Diego Martínez,1,1325000,10,1325000,132500,1192500,819000,819000,373500,31.32,Cancelado,Efectivo,,,No,No
ORD-03155,2026-07-15,2026,2026-07,Q3,Orinoquía,Arauca,Web,PyME,Mouse Inalámbrico,Accesorios,Andrés Moreno,2,176000,0,352000,0,352000,90000,180000,172000,48.86,Cancelado,PSE,,,No,Sí
ORD-03156,2026-08-03,2026,2026-08,Q3,Andina,Bucaramanga,Marketplace,Corporativo,Silla Ergonómica,Mobiliario,Juan Castro,4,1392000,15,5568000,835200,4732800,915000,3660000,1072800,22.67,Cancelado,Efectivo,,,No,Sí
ORD-03157,2026-07-16,2026,2026-07,Q3,Pacífica,Quibdó,Web,Corporativo,Laptop Pro 14,Tecnología,Ana Torres,4,4704000,8,18816000,1505280,17310720,3672000,14688000,2622720,15.15,Entregado,PSE,4,9,No,No
ORD-03158,2025-05-03,2025,2025-05,Q2,Andina,Medellín,Marketplace,Consumidor,Audífonos Bluetooth,Audio,Sofía Herrera,1,397000,0,397000,0,397000,197000,197000,200000,50.38,En tránsito,Transferencia,5,5,No,No
ORD-03159,2024-10-18,2024,2024-10,Q4,Caribe,Santa Marta,Marketplace,Corporativo,Monitor 27,Tecnología,Juan Castro,1,1200000,5,1200000,60000,1140000,848000,848000,292000,25.61,Cancelado,Tarjeta crédito,,,No,No
ORD-03160,2026-02-28,2026,2026-02,Q1,Andina,Medellín,Marketplace,PyME,Headset Pro,Audio,Juan Castro,2,499000,15,998000,149700,848300,300000,600000,248300,29.27,Entregado,PSE,4,4,No,No
ORD-03161,2024-04-15,2024,2024-04,Q2,Pacífica,Cali,Web,PyME,Mouse Inalámbrico,Accesorios,Sofía Herrera,2,176000,8,352000,28160,323840,90000,180000,143840,44.42,Entregado,Tarjeta crédito,4,2,No,No
ORD-03162,2025-08-05,2025,2025-08,Q3,Andina,Manizales,Web,PyME,Laptop Pro 14,Tecnología,Valentina Rojas,2,4704000,3,9408000,282240,9125760,3707000,7414000,1711760,18.76,Entregado,PSE,5,6,No,Sí
ORD-03163,2026-01-13,2026,2026-01,Q1,Pacífica,Buenaventura,Tienda física,Emprendedor,Dock USB-C,Accesorios,Diego Martínez,1,410000,3,410000,12300,397700,246000,246000,151700,38.14,Cancelado,Transferencia,,,No,Sí
ORD-03164,2024-06-01,2024,2024-06,Q2,Orinoquía,Arauca,Web,Consumidor,Teclado Mecánico,Accesorios,Juan Castro,1,332000,8,332000,26560,305440,174000,174000,131440,43.03,En tránsito,Tarjeta débito,4,4,No,No
ORD-03165,2026-08-28,2026,2026-08,Q3,Andina,Medellín,Ventas corporativas,PyME,Monitor 27,Tecnología,Andrés Moreno,11,1162000,3,12782000,383460,12398540,824000,9064000,3334540,26.89,En tránsito,Transferencia,5,3,No,Sí
ORD-03166,2024-06-16,2024,2024-06,Q2,Caribe,Cartagena,Tienda física,PyME,Laptop Pro 14,Tecnología,Carlos Ruiz,3,5088000,0,15264000,0,15264000,3594000,10782000,4482000,29.36,Cancelado,Tarjeta crédito,,,No,Sí
ORD-03167,2024-10-28,2024,2024-10,Q4,Amazonía,Florencia,Marketplace,Emprendedor,Silla Ergonómica,Mobiliario,Laura Gómez,2,1392000,8,2784000,222720,2561280,920000,1840000,721280,28.16,Entregado,PSE,5,1,No,Sí
ORD-03168,2024-03-12,2024,2024-03,Q1,Pacífica,Cali,Web,PyME,Webcam HD,Accesorios,Diego Martínez,1,265000,0,265000,0,265000,151000,151000,114000,43.02,Entregado,Tarjeta crédito,3,5,No,No
ORD-03169,2025-02-28,2025,2025-02,Q1,Andina,Bucaramanga,Web,Consumidor,Laptop Air 13,Tecnología,Carlos Ruiz,1,3430000,0,3430000,0,3430000,2716000,2716000,714000,20.82,Cancelado,Tarjeta crédito,,,No,No
ORD-03170,2025-01-14,2025,2025-01,Q1,Pacífica,Buenaventura,Web,Consumidor,Laptop Air 13,Tecnología,Carlos Ruiz,2,3430000,5,6860000,343000,6517000,2578000,5156000,1361000,20.88,En tránsito,PSE,4,5,No,Sí
ORD-03171,2025-06-18,2025,2025-06,Q2,Andina,Bogotá,Web,Emprendedor,Mouse Inalámbrico,Accesorios,Carlos Ruiz,3,187000,0,561000,0,561000,88000,264000,297000,52.94,En tránsito,PSE,4,2,No,No
ORD-03172,2025-07-06,2025,2025-07,Q3,Andina,Bogotá,Web,Corporativo,Mouse Inalámbrico,Accesorios,Carlos Ruiz,1,176000,8,176000,14080,161920,83000,83000,78920,48.74,Cancelado,PSE,,,No,Sí
ORD-03173,2025-01-13,2025,2025-01,Q1,Caribe,Santa Marta,Web,Corporativo,Laptop Air 13,Tecnología,Diego Martínez,1,3430000,10,3430000,343000,3087000,2747000,2747000,340000,11.01,Entregado,Tarjeta crédito,5,5,No,No
ORD-03174,2024-02-06,2024,2024-02,Q1,Caribe,Montería,Web,Corporativo,Laptop Air 13,Tecnología,Ana Torres,1,3430000,0,3430000,0,3430000,2687000,2687000,743000,21.66,Procesando,PSE,5,3,No,No
ORD-03175,2025-07-15,2025,2025-07,Q3,Caribe,Barranquilla,Tienda física,Consumidor,Audífonos Bluetooth,Audio,Diego Martínez,3,390000,0,1170000,0,1170000,212000,636000,534000,45.64,Entregado,Tarjeta crédito,4,3,No,No
ORD-03176,2025-08-27,2025,2025-08,Q3,Amazonía,Mocoa,Marketplace,Emprendedor,Teclado Mecánico,Accesorios,Carlos Ruiz,1,307000,8,307000,24560,282440,180000,180000,102440,36.27,Entregado,Efectivo,5,3,No,Sí
ORD-03177,2025-12-18,2025,2025-12,Q4,Pacífica,Buenaventura,Tienda física,Emprendedor,Silla Ergonómica,Mobiliario,Sofía Herrera,5,1624000,3,8120000,243600,7876400,900000,4500000,3376400,42.87,Cancelado,Efectivo,,,No,Sí
ORD-03178,2024-12-30,2024,2024-12,Q4,Andina,Medellín,Marketplace,PyME,Teclado Mecánico,Accesorios,Diego Martínez,5,344000,0,1720000,0,1720000,175000,875000,845000,49.13,Cancelado,Efectivo,,,No,No
ORD-03179,2025-03-19,2025,2025-03,Q1,Caribe,Montería,Ventas corporativas,Consumidor,Dock USB-C,Accesorios,Diego Martínez,5,381000,0,1905000,0,1905000,227000,1135000,770000,40.42,Entregado,Tarjeta crédito,5,3,No,No
ORD-03180,2025-05-19,2025,2025-05,Q2,Caribe,Valledupar,Web,Emprendedor,Silla Ergonómica,Mobiliario,Ana Torres,2,1506000,5,3012000,150600,2861400,899000,1798000,1063400,37.16,En tránsito,PSE,1,2,No,No
ORD-03181,2025-05-30,2025,2025-05,Q2,Caribe,Cartagena,Web,Consumidor,Headset Pro,Audio,Juan Castro,4,540000,10,2160000,216000,1944000,280000,1120000,824000,42.39,Cancelado,Transferencia,,,No,No
ORD-03182,2024-02-26,2024,2024-02,Q1,Caribe,Cartagena,Web,Corporativo,Dock USB-C,Accesorios,Carlos Ruiz,5,402000,5,2010000,100500,1909500,229000,1145000,764500,40.04,Entregado,Tarjeta débito,5,6,No,No
ORD-03183,2026-05-12,2026,2026-05,Q2,Orinoquía,Villavicencio,Tienda física,PyME,Headset Pro,Audio,Sofía Herrera,5,551000,15,2755000,413250,2341750,286000,1430000,911750,38.93,Entregado,Tarjeta crédito,5,6,No,No
ORD-03184,2025-10-01,2025,2025-10,Q4,Andina,Pereira,Marketplace,Corporativo,Monitor 27,Tecnología,Diego Martínez,3,1200000,20,3600000,720000,2880000,819000,2457000,423000,14.69,En tránsito,Tarjeta débito,4,1,No,No
ORD-03185,2025-09-01,2025,2025-09,Q3,Caribe,Santa Marta,Web,PyME,Laptop Pro 14,Tecnología,Laura Gómez,4,4704000,8,18816000,1505280,17310720,3583000,14332000,2978720,17.21,Entregado,Tarjeta crédito,4,6,No,No
ORD-03186,2026-08-01,2026,2026-08,Q3,Andina,Pereira,Tienda física,Consumidor,Laptop Pro 14,Tecnología,Juan Castro,1,4800000,8,4800000,384000,4416000,3474000,3474000,942000,21.33,Entregado,Transferencia,5,3,No,No
ORD-03187,2024-11-15,2024,2024-11,Q4,Pacífica,Quibdó,Marketplace,PyME,Escritorio Ajustable,Mobiliario,Laura Gómez,4,2258000,10,9032000,903200,8128800,1400000,5600000,2528800,31.11,En tránsito,Tarjeta débito,3,3,No,No
ORD-03188,2026-02-08,2026,2026-02,Q1,Amazonía,Mocoa,Tienda física,Corporativo,Laptop Pro 14,Tecnología,Sofía Herrera,1,4800000,0,4800000,0,4800000,3632000,3632000,1168000,24.33,Entregado,Efectivo,5,1,No,Sí
ORD-03189,2024-05-17,2024,2024-05,Q2,Pacífica,Cali,Tienda física,Corporativo,Webcam HD,Accesorios,Laura Gómez,3,286000,15,858000,128700,729300,141000,423000,306300,42.0,Entregado,Tarjeta crédito,4,2,No,Sí
ORD-03190,2026-04-25,2026,2026-04,Q2,Caribe,Cartagena,Ventas corporativas,Consumidor,Audífonos Bluetooth,Audio,Valentina Rojas,12,363000,5,4356000,217800,4138200,216000,2592000,1546200,37.36,Entregado,Tarjeta crédito,5,5,No,No
ORD-03191,2026-08-27,2026,2026-08,Q3,Caribe,Cartagena,Tienda física,Corporativo,Dock USB-C,Accesorios,Diego Martínez,3,410000,5,1230000,61500,1168500,234000,702000,466500,39.92,En tránsito,PSE,4,4,No,No
ORD-03192,2026-06-28,2026,2026-06,Q2,Andina,Bucaramanga,Marketplace,PyME,Headset Pro,Audio,Laura Gómez,10,529000,3,5290000,158700,5131300,291000,2910000,2221300,43.29,Entregado,Tarjeta débito,4,4,No,No
ORD-03193,2024-04-01,2024,2024-04,Q2,Pacífica,Cali,Web,Consumidor,Laptop Pro 14,Tecnología,Laura Gómez,1,4704000,10,4704000,470400,4233600,3586000,3586000,647600,15.3,Entregado,Efectivo,3,6,No,No
ORD-03194,2024-01-26,2024,2024-01,Q1,Caribe,Santa Marta,Marketplace,Corporativo,Webcam HD,Accesorios,Sofía Herrera,2,259000,10,518000,51800,466200,141000,282000,184200,39.51,En tránsito,PSE,4,1,No,No
ORD-03195,2024-02-19,2024,2024-02,Q1,Andina,Pereira,Marketplace,PyME,Teclado Mecánico,Accesorios,Ana Torres,4,307000,15,1228000,184200,1043800,181000,724000,319800,30.64,En tránsito,Transferencia,5,2,No,No
ORD-03196,2026-06-21,2026,2026-06,Q2,Caribe,Montería,Web,Emprendedor,Laptop Air 13,Tecnología,Valentina Rojas,1,3636000,8,3636000,290880,3345120,2719000,2719000,626120,18.72,Entregado,PSE,4,4,No,No
ORD-03197,2025-08-21,2025,2025-08,Q3,Andina,Bogotá,Tienda física,Consumidor,Audífonos Bluetooth,Audio,Diego Martínez,2,390000,5,780000,39000,741000,213000,426000,315000,42.51,Entregado,Efectivo,5,2,No,No
ORD-03198,2024-10-08,2024,2024-10,Q4,Andina,Pereira,Tienda física,PyME,Laptop Air 13,Tecnología,Diego Martínez,1,3500000,5,3500000,175000,3325000,2641000,2641000,684000,20.57,En tránsito,Transferencia,3,2,No,No
ORD-03199,2025-01-21,2025,2025-01,Q1,Pacífica,Cali,Ventas corporativas,Corporativo,Escritorio Ajustable,Mobiliario,Sofía Herrera,7,1953000,5,13671000,683550,12987450,1395000,9765000,3222450,24.81,Cancelado,Transferencia,,,No,No
ORD-03200,2024-08-09,2024,2024-08,Q3,Andina,Medellín,Web,Corporativo,Headset Pro,Audio,Juan Castro,4,510000,0,2040000,0,2040000,278000,1112000,928000,45.49,Procesando,Tarjeta débito,3,3,No,No
ORD-03201,2024-10-29,2024,2024-10,Q4,Andina,Bogotá,Web,Consumidor,Mouse Inalámbrico,Accesorios,Valentina Rojas,10,176000,15,1760000,264000,1496000,83000,830000,666000,44.52,En tránsito,Tarjeta crédito,4,4,No,Sí
ORD-03202,2025-01-22,2025,2025-01,Q1,Amazonía,Florencia,Tienda física,Corporativo,Mouse Inalámbrico,Accesorios,Ana Torres,3,180000,5,540000,27000,513000,83000,249000,264000,51.46,Entregado,Efectivo,4,1,No,Sí
ORD-03203,2026-04-17,2026,2026-04,Q2,Andina,Bogotá,Marketplace,PyME,Headset Pro,Audio,Sofía Herrera,4,499000,8,1996000,159680,1836320,274000,1096000,740320,40.32,Entregado,Transferencia,5,4,No,No
ORD-03204,2025-02-03,2025,2025-02,Q1,Caribe,Barranquilla,Web,Consumidor,Silla Ergonómica,Mobiliario,Diego Martínez,1,1421000,8,1421000,113680,1307320,929000,929000,378320,28.94,Entregado,Tarjeta débito,5,8,No,No
ORD-03205,2025-12-27,2025,2025-12,Q4,Orinoquía,Villavicencio,Marketplace,PyME,Mouse Inalámbrico,Accesorios,Andrés Moreno,1,194000,5,194000,9700,184300,86000,86000,98300,53.34,Procesando,Efectivo,5,4,No,No
ORD-03206,2024-01-24,2024,2024-01,Q1,Andina,Bogotá,Marketplace,Emprendedor,Silla Ergonómica,Mobiliario,Ana Torres,3,1392000,3,4176000,125280,4050720,982000,2946000,1104720,27.27,Entregado,Efectivo,3,4,No,No
ORD-03207,2026-01-31,2026,2026-01,Q1,Andina,Bucaramanga,Tienda física,Corporativo,Laptop Air 13,Tecnología,Andrés Moreno,1,3500000,5,3500000,175000,3325000,2631000,2631000,694000,20.87,Entregado,PSE,5,3,No,Sí
ORD-03208,2026-05-14,2026,2026-05,Q2,Andina,Medellín,Web,Corporativo,Escritorio Ajustable,Mobiliario,Juan Castro,3,2181000,8,6543000,523440,6019560,1477000,4431000,1588560,26.39,En tránsito,PSE,4,3,No,Sí
ORD-03209,2026-03-06,2026,2026-03,Q1,Andina,Bucaramanga,Marketplace,PyME,Webcam HD,Accesorios,Diego Martínez,5,259000,8,1295000,103600,1191400,151000,755000,436400,36.63,Cancelado,Transferencia,,,No,No
ORD-03210,2024-08-01,2024,2024-08,Q3,Andina,Manizales,Web,Emprendedor,Laptop Air 13,Tecnología,Valentina Rojas,10,3430000,5,34300000,1715000,32585000,2518000,25180000,7405000,22.73,Entregado,Transferencia,3,3,No,No
ORD-03211,2025-10-18,2025,2025-10,Q4,Andina,Medellín,Web,Emprendedor,Audífonos Bluetooth,Audio,Juan Castro,1,382000,3,382000,11460,370540,204000,204000,166540,44.95,En tránsito,Transferencia,4,5,No,No
ORD-03212,2024-03-02,2024,2024-03,Q1,Pacífica,Cali,Ventas corporativas,Consumidor,Teclado Mecánico,Accesorios,Ana Torres,4,298000,5,1192000,59600,1132400,172000,688000,444400,39.24,Entregado,PSE,4,4,No,No
ORD-03213,2025-06-07,2025,2025-06,Q2,Pacífica,Pasto,Marketplace,Consumidor,Escritorio Ajustable,Mobiliario,Andrés Moreno,2,2137000,0,4274000,0,4274000,1437000,2874000,1400000,32.76,Cancelado,Transferencia,,,No,No
ORD-03214,2024-12-02,2024,2024-12,Q4,Andina,Medellín,Web,Emprendedor,Monitor 24,Tecnología,Laura Gómez,10,856000,10,8560000,856000,7704000,504000,5040000,2664000,34.58,Entregado,Tarjeta débito,4,4,No,No
ORD-03215,2026-03-11,2026,2026-03,Q1,Andina,Bucaramanga,Marketplace,Corporativo,Headset Pro,Audio,Juan Castro,10,499000,0,4990000,0,4990000,280000,2800000,2190000,43.89,Cancelado,Transferencia,,,No,Sí
ORD-03216,2025-01-13,2025,2025-01,Q1,Pacífica,Pasto,Marketplace,Corporativo,Headset Pro,Audio,Juan Castro,1,499000,10,499000,49900,449100,290000,290000,159100,35.43,Procesando,PSE,5,5,No,Sí
ORD-03217,2025-11-03,2025,2025-11,Q4,Andina,Medellín,Marketplace,Corporativo,Monitor 27,Tecnología,Diego Martínez,5,1344000,3,6720000,201600,6518400,790000,3950000,2568400,39.4,Entregado,Efectivo,4,3,No,No
ORD-03218,2026-02-24,2026,2026-02,Q1,Pacífica,Cali,Ventas corporativas,PyME,Laptop Air 13,Tecnología,Juan Castro,14,3255000,5,45570000,2278500,43291500,2676000,37464000,5827500,13.46,Procesando,Tarjeta débito,3,2,No,No
ORD-03219,2025-06-15,2025,2025-06,Q2,Caribe,Santa Marta,Tienda física,Emprendedor,Audífonos Bluetooth,Audio,Andrés Moreno,1,413000,20,413000,82600,330400,213000,213000,117400,35.53,Entregado,Tarjeta débito,5,4,Sí,No
ORD-03220,2024-11-14,2024,2024-11,Q4,Andina,Medellín,Web,Corporativo,Teclado Mecánico,Accesorios,Laura Gómez,3,351000,20,1053000,210600,842400,173000,519000,323400,38.39,Procesando,Efectivo,5,4,No,No
ORD-03221,2025-02-14,2025,2025-02,Q1,Andina,Bucaramanga,Web,PyME,Headset Pro,Audio,Carlos Ruiz,1,510000,5,510000,25500,484500,287000,287000,197500,40.76,Entregado,PSE,5,6,No,No
ORD-03222,2024-05-05,2024,2024-05,Q2,Pacífica,Popayán,Web,PyME,Monitor 27,Tecnología,Diego Martínez,2,1298000,5,2596000,129800,2466200,826000,1652000,814200,33.01,Entregado,Tarjeta crédito,4,4,No,No
ORD-03223,2026-05-13,2026,2026-05,Q2,Andina,Manizales,Ventas corporativas,Corporativo,Dock USB-C,Accesorios,Valentina Rojas,14,404000,0,5656000,0,5656000,243000,3402000,2254000,39.85,Cancelado,Transferencia,,,No,No
ORD-03224,2025-02-06,2025,2025-02,Q1,Andina,Bogotá,Web,Emprendedor,Silla Ergonómica,Mobiliario,Valentina Rojas,2,1421000,5,2842000,142100,2699900,951000,1902000,797900,29.55,Entregado,Transferencia,4,4,No,Sí
ORD-03225,2025-12-04,2025,2025-12,Q4,Caribe,Montería,Web,PyME,Webcam HD,Accesorios,Juan Castro,1,296000,8,296000,23680,272320,144000,144000,128320,47.12,Procesando,Tarjeta débito,3,3,No,No
ORD-03226,2024-02-26,2024,2024-02,Q1,Amazonía,Leticia,Web,PyME,Escritorio Ajustable,Mobiliario,Carlos Ruiz,4,2058000,3,8232000,246960,7985040,1426000,5704000,2281040,28.57,Entregado,Tarjeta crédito,3,5,No,No
ORD-03227,2024-11-18,2024,2024-11,Q4,Caribe,Cartagena,Ventas corporativas,Corporativo,Monitor 27,Tecnología,Valentina Rojas,18,1302000,3,23436000,703080,22732920,824000,14832000,7900920,34.76,Procesando,Efectivo,5,3,No,Sí
ORD-03228,2026-06-10,2026,2026-06,Q2,Andina,Bogotá,Ventas corporativas,PyME,Dock USB-C,Accesorios,Diego Martínez,5,404000,5,2020000,101000,1919000,230000,1150000,769000,40.07,Entregado,PSE,4,3,No,Sí
ORD-03229,2025-12-12,2025,2025-12,Q4,Orinoquía,Arauca,Ventas corporativas,PyME,Audífonos Bluetooth,Audio,Juan Castro,7,406000,0,2842000,0,2842000,200000,1400000,1442000,50.74,Entregado,Efectivo,4,3,No,No
ORD-03230,2026-02-13,2026,2026-02,Q1,Caribe,Barranquilla,Web,Emprendedor,Monitor 24,Tecnología,Juan Castro,5,764000,0,3820000,0,3820000,511000,2555000,1265000,33.12,Cancelado,Efectivo,,,No,Sí
ORD-03231,2024-02-12,2024,2024-02,Q1,Andina,Bucaramanga,Web,Emprendedor,Monitor 24,Tecnología,Diego Martínez,2,764000,10,1528000,152800,1375200,534000,1068000,307200,22.34,En tránsito,Transferencia,5,2,No,No
ORD-03232,2024-08-28,2024,2024-08,Q3,Andina,Bucaramanga,Web,Corporativo,Headset Pro,Audio,Andrés Moreno,2,510000,8,1020000,81600,938400,299000,598000,340400,36.27,Entregado,Tarjeta débito,5,5,No,No
ORD-03233,2025-10-10,2025,2025-10,Q4,Andina,Bogotá,Web,Consumidor,Teclado Mecánico,Accesorios,Sofía Herrera,10,314000,3,3140000,94200,3045800,179000,1790000,1255800,41.23,Entregado,Transferencia,3,5,No,Sí
ORD-03234,2024-08-05,2024,2024-08,Q3,Caribe,Santa Marta,Tienda física,Consumidor,Laptop Pro 14,Tecnología,Carlos Ruiz,3,4800000,5,14400000,720000,13680000,3468000,10404000,3276000,23.95,Procesando,Tarjeta débito,5,4,No,No
ORD-03235,2024-08-08,2024,2024-08,Q3,Caribe,Valledupar,Tienda física,Consumidor,Escritorio Ajustable,Mobiliario,Juan Castro,3,2100000,10,6300000,630000,5670000,1448000,4344000,1326000,23.39,Entregado,Efectivo,5,5,No,No
ORD-03236,2024-11-01,2024,2024-11,Q4,Caribe,Montería,Tienda física,Emprendedor,Laptop Air 13,Tecnología,Laura Gómez,10,3920000,0,39200000,0,39200000,2659000,26590000,12610000,32.17,En tránsito,Tarjeta crédito,4,4,No,No
ORD-03237,2024-11-30,2024,2024-11,Q4,Pacífica,Pasto,Tienda física,PyME,Dock USB-C,Accesorios,Juan Castro,1,459000,8,459000,36720,422280,230000,230000,192280,45.53,Entregado,Transferencia,4,3,No,Sí
ORD-03238,2024-07-09,2024,2024-07,Q3,Andina,Bogotá,Ventas corporativas,Emprendedor,Laptop Air 13,Tecnología,Ana Torres,17,3255000,3,55335000,1660050,53674950,2660000,45220000,8454950,15.75,Cancelado,Efectivo,,,No,Sí
ORD-03239,2025-11-30,2025,2025-11,Q4,Caribe,Barranquilla,Web,Emprendedor,Escritorio Ajustable,Mobiliario,Juan Castro,10,2305000,15,23050000,3457500,19592500,1477000,14770000,4822500,24.61,Entregado,Efectivo,3,4,No,Sí
ORD-03240,2026-07-19,2026,2026-07,Q3,Pacífica,Pasto,Web,Consumidor,Escritorio Ajustable,Mobiliario,Carlos Ruiz,3,2058000,10,6174000,617400,5556600,1367000,4101000,1455600,26.2,Procesando,Transferencia,5,5,No,No
ORD-03241,2024-01-14,2024,2024-01,Q1,Andina,Bogotá,Ventas corporativas,Emprendedor,Mouse Inalámbrico,Accesorios,Diego Martínez,9,167000,20,1503000,300600,1202400,85000,765000,437400,36.38,Procesando,PSE,4,4,No,No
ORD-03242,2025-05-19,2025,2025-05,Q2,Andina,Bogotá,Ventas corporativas,Consumidor,Laptop Pro 14,Tecnología,Laura Gómez,4,4732000,5,18928000,946400,17981600,3527000,14108000,3873600,21.54,Cancelado,PSE,,,No,Sí
ORD-03243,2026-03-24,2026,2026-03,Q1,Pacífica,Popayán,Web,Consumidor,Audífonos Bluetooth,Audio,Laura Gómez,2,382000,20,764000,152800,611200,208000,416000,195200,31.94,Cancelado,PSE,,,No,No
ORD-03244,2025-05-22,2025,2025-05,Q2,Andina,Manizales,Tienda física,PyME,Teclado Mecánico,Accesorios,Sofía Herrera,4,339000,3,1356000,40680,1315320,185000,740000,575320,43.74,Entregado,Tarjeta crédito,5,5,No,No
ORD-03245,2026-07-02,2026,2026-07,Q3,Pacífica,Popayán,Ventas corporativas,Consumidor,Headset Pro,Audio,Carlos Ruiz,3,484000,15,1452000,217800,1234200,290000,870000,364200,29.51,Entregado,Transferencia,3,5,No,No
ORD-03246,2025-02-13,2025,2025-02,Q1,Caribe,Barranquilla,Ventas corporativas,Corporativo,Escritorio Ajustable,Mobiliario,Laura Gómez,14,1953000,0,27342000,0,27342000,1435000,20090000,7252000,26.52,Entregado,PSE,5,3,No,No
ORD-03247,2024-07-12,2024,2024-07,Q3,Caribe,Cartagena,Web,Emprendedor,Escritorio Ajustable,Mobiliario,Juan Castro,10,2058000,5,20580000,1029000,19551000,1457000,14570000,4981000,25.48,Procesando,Transferencia,5,2,No,No
ORD-03248,2024-07-23,2024,2024-07,Q3,Caribe,Valledupar,Web,Emprendedor,Laptop Pro 14,Tecnología,Valentina Rojas,1,4704000,5,4704000,235200,4468800,3481000,3481000,987800,22.1,Entregado,Efectivo,4,8,No,No
ORD-03249,2024-11-09,2024,2024-11,Q4,Caribe,Cartagena,Web,PyME,Audífonos Bluetooth,Audio,Sofía Herrera,1,428000,5,428000,21400,406600,208000,208000,198600,48.84,Entregado,Tarjeta crédito,2,2,No,No
ORD-03250,2026-01-31,2026,2026-01,Q1,Andina,Bogotá,Marketplace,Consumidor,Monitor 24,Tecnología,Sofía Herrera,4,749000,0,2996000,0,2996000,534000,2136000,860000,28.7,Entregado,Tarjeta crédito,4,2,Sí,No
ORD-03251,2026-02-28,2026,2026-02,Q1,Amazonía,Leticia,Web,Emprendedor,Headset Pro,Audio,Juan Castro,1,510000,15,510000,76500,433500,274000,274000,159500,36.79,Cancelado,Tarjeta débito,,,No,No
ORD-03252,2026-06-24,2026,2026-06,Q2,Andina,Pereira,Web,Consumidor,Dock USB-C,Accesorios,Andrés Moreno,5,426000,5,2130000,106500,2023500,232000,1160000,863500,42.67,Entregado,Tarjeta crédito,5,4,No,Sí
ORD-03253,2026-05-10,2026,2026-05,Q2,Andina,Medellín,Web,PyME,Headset Pro,Audio,Sofía Herrera,2,540000,8,1080000,86400,993600,277000,554000,439600,44.24,En tránsito,Efectivo,3,2,No,No
ORD-03254,2024-06-10,2024,2024-06,Q2,Andina,Bogotá,Web,Consumidor,Escritorio Ajustable,Mobiliario,Sofía Herrera,2,2181000,10,4362000,436200,3925800,1495000,2990000,935800,23.84,En tránsito,Efectivo,5,6,No,Sí
ORD-03255,2025-12-20,2025,2025-12,Q4,Pacífica,Cali,Web,Consumidor,Laptop Pro 14,Tecnología,Juan Castro,1,5268000,0,5268000,0,5268000,3755000,3755000,1513000,28.72,Entregado,PSE,4,6,No,No
ORD-03256,2025-02-03,2025,2025-02,Q1,Caribe,Cartagena,Web,PyME,Monitor 27,Tecnología,Ana Torres,4,1225000,10,4900000,490000,4410000,868000,3472000,938000,21.27,En tránsito,Tarjeta débito,4,5,No,No
ORD-03257,2024-01-24,2024,2024-01,Q1,Pacífica,Pasto,Tienda física,Emprendedor,Headset Pro,Audio,Laura Gómez,1,520000,20,520000,104000,416000,288000,288000,128000,30.77,Cancelado,PSE,,,No,No
ORD-03258,2025-01-11,2025,2025-01,Q1,Andina,Bucaramanga,Tienda física,PyME,Monitor 27,Tecnología,Andrés Moreno,1,1250000,5,1250000,62500,1187500,820000,820000,367500,30.95,Entregado,Tarjeta débito,4,4,No,No
ORD-03259,2026-09-03,2026,2026-09,Q3,Orinoquía,Villavicencio,Tienda física,Corporativo,Mouse Inalámbrico,Accesorios,Juan Castro,6,180000,15,1080000,162000,918000,88000,528000,390000,42.48,Procesando,Tarjeta crédito,4,5,No,No
ORD-03260,2025-08-30,2025,2025-08,Q3,Andina,Bucaramanga,Tienda física,Corporativo,Monitor 27,Tecnología,Sofía Herrera,1,1250000,8,1250000,100000,1150000,799000,799000,351000,30.52,Entregado,Efectivo,3,1,No,No
ORD-03261,2025-10-20,2025,2025-10,Q4,Pacífica,Quibdó,Web,Consumidor,Silla Ergonómica,Mobiliario,Ana Torres,1,1421000,15,1421000,213150,1207850,950000,950000,257850,21.35,Cancelado,Transferencia,,,No,No
ORD-03262,2024-04-18,2024,2024-04,Q2,Caribe,Cartagena,Web,PyME,Audífonos Bluetooth,Audio,Valentina Rojas,1,382000,8,382000,30560,351440,214000,214000,137440,39.11,Procesando,Tarjeta débito,5,6,No,No
ORD-03263,2024-08-20,2024,2024-08,Q3,Andina,Bogotá,Web,Consumidor,Monitor 27,Tecnología,Ana Torres,1,1225000,0,1225000,0,1225000,797000,797000,428000,34.94,Entregado,Tarjeta crédito,4,4,No,Sí
ORD-03264,2025-04-21,2025,2025-04,Q2,Caribe,Valledupar,Ventas corporativas,Emprendedor,Headset Pro,Audio,Valentina Rojas,7,484000,3,3388000,101640,3286360,299000,2093000,1193360,36.31,Entregado,Tarjeta crédito,5,4,No,No
ORD-03265,2025-07-30,2025,2025-07,Q3,Caribe,Valledupar,Tienda física,PyME,Headset Pro,Audio,Valentina Rojas,3,520000,20,1560000,312000,1248000,300000,900000,348000,27.88,Cancelado,Efectivo,,,No,No
ORD-03266,2026-03-09,2026,2026-03,Q1,Andina,Bogotá,Web,Corporativo,Monitor 24,Tecnología,Andrés Moreno,5,764000,8,3820000,305600,3514400,530000,2650000,864400,24.6,Procesando,Transferencia,5,4,No,Sí
ORD-03267,2025-08-01,2025,2025-08,Q3,Andina,Bogotá,Tienda física,PyME,Laptop Pro 14,Tecnología,Carlos Ruiz,6,4800000,8,28800000,2304000,26496000,3508000,21048000,5448000,20.56,Entregado,Tarjeta débito,5,2,Sí,No
ORD-03268,2026-03-18,2026,2026-03,Q1,Pacífica,Cali,Web,PyME,Audífonos Bluetooth,Audio,Ana Torres,1,382000,8,382000,30560,351440,216000,216000,135440,38.54,Cancelado,Tarjeta débito,,,No,No
ORD-03269,2024-03-28,2024,2024-03,Q1,Pacífica,Buenaventura,Web,Emprendedor,Monitor 24,Tecnología,Andrés Moreno,6,764000,15,4584000,687600,3896400,512000,3072000,824400,21.16,En tránsito,PSE,5,5,No,No
ORD-03270,2026-07-22,2026,2026-07,Q3,Orinoquía,Arauca,Web,Emprendedor,Webcam HD,Accesorios,Carlos Ruiz,1,265000,8,265000,21200,243800,147000,147000,96800,39.7,Cancelado,Tarjeta crédito,,,No,Sí
ORD-03271,2025-05-20,2025,2025-05,Q2,Caribe,Montería,Web,Corporativo,Monitor 27,Tecnología,Valentina Rojas,1,1298000,0,1298000,0,1298000,797000,797000,501000,38.6,Cancelado,Tarjeta crédito,,,No,Sí
ORD-03272,2024-11-04,2024,2024-11,Q4,Andina,Manizales,Marketplace,Consumidor,Monitor 27,Tecnología,Andrés Moreno,2,1344000,10,2688000,268800,2419200,831000,1662000,757200,31.3,Entregado,Efectivo,5,4,No,No
ORD-03273,2026-06-04,2026,2026-06,Q2,Andina,Bogotá,Tienda física,Emprendedor,Mouse Inalámbrico,Accesorios,Sofía Herrera,2,191000,0,382000,0,382000,89000,178000,204000,53.4,En tránsito,Tarjeta crédito,4,2,No,Sí
ORD-03274,2026-01-20,2026,2026-01,Q1,Caribe,Santa Marta,Tienda física,PyME,Silla Ergonómica,Mobiliario,Sofía Herrera,1,1450000,3,1450000,43500,1406500,914000,914000,492500,35.02,Procesando,Efectivo,5,2,No,No
ORD-03275,2026-03-15,2026,2026-03,Q1,Amazonía,Florencia,Web,Corporativo,Laptop Air 13,Tecnología,Andrés Moreno,2,3430000,5,6860000,343000,6517000,2633000,5266000,1251000,19.2,Cancelado,Tarjeta débito,,,No,Sí
ORD-03276,2025-04-01,2025,2025-04,Q2,Caribe,Valledupar,Tienda física,Emprendedor,Dock USB-C,Accesorios,Diego Martínez,2,410000,3,820000,24600,795400,242000,484000,311400,39.15,En tránsito,Tarjeta crédito,5,4,No,No
ORD-03277,2026-04-29,2026,2026-04,Q2,Pacífica,Quibdó,Web,Corporativo,Laptop Air 13,Tecnología,Andrés Moreno,2,3430000,10,6860000,686000,6174000,2527000,5054000,1120000,18.14,Entregado,Efectivo,4,5,No,No
ORD-03278,2026-04-06,2026,2026-04,Q2,Andina,Manizales,Marketplace,Consumidor,Escritorio Ajustable,Mobiliario,Laura Gómez,1,2016000,15,2016000,302400,1713600,1454000,1454000,259600,15.15,Entregado,Tarjeta crédito,4,1,No,Sí
ORD-03279,2024-07-19,2024,2024-07,Q3,Andina,Bucaramanga,Web,PyME,Laptop Air 13,Tecnología,Juan Castro,1,3430000,5,3430000,171500,3258500,2542000,2542000,716500,21.99,Cancelado,Transferencia,,,No,No
ORD-03280,2024-05-10,2024,2024-05,Q2,Andina,Bucaramanga,Web,PyME,Mouse Inalámbrico,Accesorios,Valentina Rojas,3,187000,8,561000,44880,516120,84000,252000,264120,51.17,Entregado,PSE,4,2,No,No
ORD-03281,2026-02-16,2026,2026-02,Q1,Orinoquía,Yopal,Tienda física,PyME,Monitor 24,Tecnología,Valentina Rojas,1,780000,10,780000,78000,702000,529000,529000,173000,24.64,Entregado,PSE,2,3,No,No
ORD-03282,2025-02-19,2025,2025-02,Q1,Andina,Medellín,Web,Corporativo,Dock USB-C,Accesorios,Diego Martínez,4,402000,15,1608000,241200,1366800,246000,984000,382800,28.01,Entregado,Transferencia,4,2,No,Sí
ORD-03283,2024-02-04,2024,2024-02,Q1,Andina,Medellín,Ventas corporativas,PyME,Monitor 27,Tecnología,Juan Castro,10,1162000,5,11620000,581000,11039000,856000,8560000,2479000,22.46,Procesando,Tarjeta crédito,4,4,No,No
ORD-03284,2024-12-21,2024,2024-12,Q4,Andina,Pereira,Ventas corporativas,PyME,Dock USB-C,Accesorios,Carlos Ruiz,7,427000,15,2989000,448350,2540650,238000,1666000,874650,34.43,Entregado,Tarjeta crédito,3,1,No,No
ORD-03285,2026-03-24,2026,2026-03,Q1,Orinoquía,Villavicencio,Tienda física,PyME,Laptop Pro 14,Tecnología,Ana Torres,2,4800000,5,9600000,480000,9120000,3420000,6840000,2280000,25.0,Entregado,Tarjeta crédito,4,5,No,No
ORD-03286,2024-05-02,2024,2024-05,Q2,Pacífica,Popayán,Web,PyME,Mouse Inalámbrico,Accesorios,Sofía Herrera,2,187000,8,374000,29920,344080,83000,166000,178080,51.76,Procesando,Tarjeta débito,4,3,No,Sí
ORD-03287,2024-07-01,2024,2024-07,Q3,Andina,Manizales,Ventas corporativas,Emprendedor,Laptop Pro 14,Tecnología,Juan Castro,3,4464000,15,13392000,2008800,11383200,3570000,10710000,673200,5.91,Entregado,Efectivo,4,5,No,No
ORD-03288,2026-01-21,2026,2026-01,Q1,Andina,Bucaramanga,Tienda física,Emprendedor,Monitor 27,Tecnología,Andrés Moreno,2,1250000,0,2500000,0,2500000,851000,1702000,798000,31.92,Cancelado,Tarjeta débito,,,No,No
ORD-03289,2026-02-20,2026,2026-02,Q1,Orinoquía,Villavicencio,Web,Consumidor,Laptop Air 13,Tecnología,Ana Torres,5,3430000,0,17150000,0,17150000,2587000,12935000,4215000,24.58,Cancelado,Tarjeta débito,,,No,No
ORD-03290,2025-01-07,2025,2025-01,Q1,Orinoquía,Villavicencio,Web,PyME,Monitor 27,Tecnología,Sofía Herrera,2,1225000,0,2450000,0,2450000,811000,1622000,828000,33.8,Procesando,Efectivo,5,3,No,No
ORD-03291,2025-02-12,2025,2025-02,Q1,Caribe,Montería,Web,Corporativo,Laptop Pro 14,Tecnología,Sofía Herrera,1,4704000,15,4704000,705600,3998400,3468000,3468000,530400,13.27,Entregado,Tarjeta débito,5,5,No,No
ORD-03292,2024-09-10,2024,2024-09,Q3,Andina,Pereira,Tienda física,Consumidor,Escritorio Ajustable,Mobiliario,Sofía Herrera,1,2100000,15,2100000,315000,1785000,1405000,1405000,380000,21.29,En tránsito,Transferencia,3,1,No,No
ORD-03293,2024-03-15,2024,2024-03,Q1,Andina,Pereira,Marketplace,Consumidor,Dock USB-C,Accesorios,Diego Martínez,3,394000,20,1182000,236400,945600,232000,696000,249600,26.4,Entregado,Transferencia,2,5,No,No
ORD-03294,2024-02-03,2024,2024-02,Q1,Andina,Manizales,Ventas corporativas,Corporativo,Webcam HD,Accesorios,Sofía Herrera,3,251000,0,753000,0,753000,145000,435000,318000,42.23,Entregado,PSE,4,4,No,No
ORD-03295,2026-04-07,2026,2026-04,Q2,Andina,Bucaramanga,Marketplace,Corporativo,Silla Ergonómica,Mobiliario,Valentina Rojas,6,1392000,15,8352000,1252800,7099200,901000,5406000,1693200,23.85,Procesando,Tarjeta débito,2,6,No,Sí
ORD-03296,2024-07-09,2024,2024-07,Q3,Pacífica,Popayán,Web,Consumidor,Escritorio Ajustable,Mobiliario,Carlos Ruiz,1,2058000,10,2058000,205800,1852200,1435000,1435000,417200,22.52,Entregado,Transferencia,5,5,No,No
ORD-03297,2026-08-24,2026,2026-08,Q3,Andina,Medellín,Ventas corporativas,Consumidor,Monitor 27,Tecnología,Andrés Moreno,9,1162000,3,10458000,313740,10144260,808000,7272000,2872260,28.31,Procesando,Transferencia,4,5,No,Sí
ORD-03298,2025-02-18,2025,2025-02,Q1,Andina,Manizales,Web,PyME,Monitor 27,Tecnología,Valentina Rojas,1,1225000,15,1225000,183750,1041250,817000,817000,224250,21.54,Procesando,Tarjeta crédito,5,1,No,No
ORD-03299,2025-07-27,2025,2025-07,Q3,Andina,Bucaramanga,Tienda física,Corporativo,Laptop Pro 14,Tecnología,Ana Torres,4,4800000,10,19200000,1920000,17280000,3576000,14304000,2976000,17.22,Entregado,Transferencia,5,3,No,No
ORD-03300,2025-02-19,2025,2025-02,Q1,Andina,Pereira,Tienda física,Corporativo,Laptop Pro 14,Tecnología,Diego Martínez,1,4800000,8,4800000,384000,4416000,3556000,3556000,860000,19.47,Entregado,Transferencia,2,4,Sí,No
ORD-03301,2024-01-17,2024,2024-01,Q1,Andina,Bogotá,Web,PyME,Escritorio Ajustable,Mobiliario,Andrés Moreno,1,2058000,15,2058000,308700,1749300,1427000,1427000,322300,18.42,Entregado,PSE,5,2,No,No
ORD-03302,2024-06-29,2024,2024-06,Q2,Caribe,Valledupar,Tienda física,Corporativo,Monitor 24,Tecnología,Sofía Herrera,3,827000,8,2481000,198480,2282520,540000,1620000,662520,29.03,Cancelado,Efectivo,,,No,No
ORD-03303,2024-06-10,2024,2024-06,Q2,Caribe,Montería,Ventas corporativas,Corporativo,Audífonos Bluetooth,Audio,Carlos Ruiz,7,384000,15,2688000,403200,2284800,212000,1484000,800800,35.05,Procesando,Efectivo,4,3,No,No
ORD-03304,2025-09-18,2025,2025-09,Q3,Caribe,Montería,Marketplace,PyME,Laptop Air 13,Tecnología,Laura Gómez,1,3360000,10,3360000,336000,3024000,2709000,2709000,315000,10.42,Entregado,Efectivo,5,3,No,Sí
ORD-03305,2025-02-07,2025,2025-02,Q1,Pacífica,Popayán,Ventas corporativas,Emprendedor,Monitor 27,Tecnología,Andrés Moreno,10,1162000,10,11620000,1162000,10458000,802000,8020000,2438000,23.31,Entregado,Tarjeta débito,3,1,No,Sí
ORD-03306,2024-05-31,2024,2024-05,Q2,Andina,Bucaramanga,Web,Consumidor,Mouse Inalámbrico,Accesorios,Andrés Moreno,2,187000,10,374000,37400,336600,85000,170000,166600,49.49,Procesando,PSE,3,5,No,No
ORD-03307,2024-03-28,2024,2024-03,Q1,Pacífica,Popayán,Marketplace,Emprendedor,Mouse Inalámbrico,Accesorios,Juan Castro,10,173000,10,1730000,173000,1557000,85000,850000,707000,45.41,Procesando,Tarjeta crédito,4,3,No,Sí
ORD-03308,2025-08-18,2025,2025-08,Q3,Caribe,Barranquilla,Ventas corporativas,Corporativo,Audífonos Bluetooth,Audio,Andrés Moreno,11,363000,10,3993000,399300,3593700,210000,2310000,1283700,35.72,En tránsito,Tarjeta crédito,4,2,No,No
ORD-03309,2024-04-05,2024,2024-04,Q2,Caribe,Cartagena,Marketplace,Corporativo,Monitor 27,Tecnología,Juan Castro,2,1200000,0,2400000,0,2400000,834000,1668000,732000,30.5,Procesando,Tarjeta crédito,5,1,No,No
ORD-03310,2026-08-17,2026,2026-08,Q3,Andina,Pereira,Marketplace,Consumidor,Audífonos Bluetooth,Audio,Valentina Rojas,2,374000,20,748000,149600,598400,213000,426000,172400,28.81,En tránsito,PSE,4,2,No,No
ORD-03311,2025-09-25,2025,2025-09,Q3,Orinoquía,Arauca,Ventas corporativas,PyME,Laptop Air 13,Tecnología,Diego Martínez,13,3255000,8,42315000,3385200,38929800,2602000,33826000,5103800,13.11,Cancelado,Transferencia,,,No,Sí
ORD-03312,2024-11-09,2024,2024-11,Q4,Caribe,Valledupar,Marketplace,PyME,Mouse Inalámbrico,Accesorios,Sofía Herrera,5,194000,3,970000,29100,940900,87000,435000,505900,53.77,Cancelado,Tarjeta débito,,,No,Sí
ORD-03313,2024-04-16,2024,2024-04,Q2,Pacífica,Buenaventura,Web,PyME,Dock USB-C,Accesorios,Carlos Ruiz,2,402000,5,804000,40200,763800,232000,464000,299800,39.25,Entregado,Efectivo,3,6,No,No
ORD-03314,2024-07-15,2024,2024-07,Q3,Amazonía,Leticia,Marketplace,Corporativo,Headset Pro,Audio,Laura Gómez,5,499000,8,2495000,199600,2295400,300000,1500000,795400,34.65,Entregado,Tarjeta débito,3,1,No,No
ORD-03315,2025-01-09,2025,2025-01,Q1,Caribe,Valledupar,Web,PyME,Mouse Inalámbrico,Accesorios,Valentina Rojas,4,176000,3,704000,21120,682880,86000,344000,338880,49.63,Entregado,Tarjeta débito,4,5,No,No
ORD-03316,2025-12-26,2025,2025-12,Q4,Andina,Medellín,Marketplace,Consumidor,Laptop Air 13,Tecnología,Diego Martínez,10,3763000,8,37630000,3010400,34619600,2747000,27470000,7149600,20.65,Entregado,PSE,4,3,No,Sí
ORD-03317,2025-10-05,2025,2025-10,Q4,Andina,Bucaramanga,Ventas corporativas,Emprendedor,Teclado Mecánico,Accesorios,Ana Torres,16,298000,15,4768000,715200,4052800,171000,2736000,1316800,32.49,Entregado,Tarjeta crédito,5,1,No,No
ORD-03318,2025-07-06,2025,2025-07,Q3,Andina,Pereira,Web,Corporativo,Audífonos Bluetooth,Audio,Carlos Ruiz,4,382000,8,1528000,122240,1405760,200000,800000,605760,43.09,Procesando,Efectivo,5,3,No,No
ORD-03319,2026-09-04,2026,2026-09,Q3,Pacífica,Cali,Marketplace,Corporativo,Escritorio Ajustable,Mobiliario,Valentina Rojas,2,2016000,0,4032000,0,4032000,1469000,2938000,1094000,27.13,Entregado,PSE,5,5,No,Sí
ORD-03320,2024-08-10,2024,2024-08,Q3,Orinoquía,Yopal,Marketplace,PyME,Laptop Air 13,Tecnología,Sofía Herrera,2,3360000,8,6720000,537600,6182400,2717000,5434000,748400,12.11,Entregado,Tarjeta débito,4,7,No,Sí
ORD-03321,2025-11-29,2025,2025-11,Q4,Andina,Medellín,Tienda física,PyME,Dock USB-C,Accesorios,Carlos Ruiz,1,459000,8,459000,36720,422280,237000,237000,185280,43.88,En tránsito,Tarjeta débito,5,5,No,Sí
ORD-03322,2026-03-19,2026,2026-03,Q1,Caribe,Valledupar,Ventas corporativas,Consumidor,Teclado Mecánico,Accesorios,Laura Gómez,13,298000,8,3874000,309920,3564080,176000,2288000,1276080,35.8,Procesando,PSE,4,2,No,Sí
ORD-03323,2025-03-16,2025,2025-03,Q1,Andina,Medellín,Tienda física,Emprendedor,Laptop Air 13,Tecnología,Valentina Rojas,10,3500000,8,35000000,2800000,32200000,2727000,27270000,4930000,15.31,Procesando,PSE,5,2,No,No
ORD-03324,2024-09-21,2024,2024-09,Q3,Andina,Bogotá,Marketplace,Corporativo,Escritorio Ajustable,Mobiliario,Laura Gómez,3,2016000,5,6048000,302400,5745600,1488000,4464000,1281600,22.31,En tránsito,PSE,5,2,No,No
ORD-03325,2024-04-15,2024,2024-04,Q2,Caribe,Santa Marta,Web,PyME,Audífonos Bluetooth,Audio,Andrés Moreno,5,382000,15,1910000,286500,1623500,202000,1010000,613500,37.79,Entregado,Transferencia,4,5,No,No
ORD-03326,2025-10-09,2025,2025-10,Q4,Andina,Bucaramanga,Web,Consumidor,Laptop Air 13,Tecnología,Diego Martínez,2,3430000,8,6860000,548800,6311200,2512000,5024000,1287200,20.4,Entregado,Efectivo,4,3,No,No
ORD-03327,2024-11-25,2024,2024-11,Q4,Andina,Pereira,Web,Corporativo,Monitor 27,Tecnología,Juan Castro,8,1372000,0,10976000,0,10976000,838000,6704000,4272000,38.92,En tránsito,Efectivo,4,5,No,No
ORD-03328,2025-11-18,2025,2025-11,Q4,Andina,Pereira,Ventas corporativas,Emprendedor,Laptop Air 13,Tecnología,Ana Torres,12,3646000,5,43752000,2187600,41564400,2629000,31548000,10016400,24.1,Procesando,Tarjeta débito,5,6,No,No
ORD-03329,2025-10-24,2025,2025-10,Q4,Pacífica,Pasto,Tienda física,Consumidor,Monitor 24,Tecnología,Juan Castro,2,780000,5,1560000,78000,1482000,499000,998000,484000,32.66,En tránsito,Tarjeta débito,3,2,No,No
ORD-03330,2024-12-16,2024,2024-12,Q4,Caribe,Santa Marta,Ventas corporativas,Corporativo,Mouse Inalámbrico,Accesorios,Ana Torres,9,187000,10,1683000,168300,1514700,85000,765000,749700,49.49,Procesando,Efectivo,4,3,No,Sí
ORD-03331,2025-02-26,2025,2025-02,Q1,Andina,Bogotá,Tienda física,Emprendedor,Escritorio Ajustable,Mobiliario,Carlos Ruiz,2,2100000,0,4200000,0,4200000,1411000,2822000,1378000,32.81,Cancelado,Transferencia,,,No,No
ORD-03332,2025-12-18,2025,2025-12,Q4,Pacífica,Quibdó,Ventas corporativas,Emprendedor,Teclado Mecánico,Accesorios,Andrés Moreno,16,333000,8,5328000,426240,4901760,173000,2768000,2133760,43.53,Entregado,Transferencia,4,6,No,Sí
ORD-03333,2026-07-20,2026,2026-07,Q3,Andina,Bucaramanga,Web,Emprendedor,Webcam HD,Accesorios,Andrés Moreno,2,265000,15,530000,79500,450500,145000,290000,160500,35.63,Cancelado,Transferencia,,,No,No
ORD-03334,2026-03-20,2026,2026-03,Q1,Andina,Bucaramanga,Ventas corporativas,Consumidor,Teclado Mecánico,Accesorios,Andrés Moreno,6,298000,0,1788000,0,1788000,176000,1056000,732000,40.94,Cancelado,PSE,,,No,Sí
ORD-03335,2025-10-22,2025,2025-10,Q4,Andina,Bogotá,Marketplace,PyME,Dock USB-C,Accesorios,Ana Torres,2,394000,10,788000,78800,709200,247000,494000,215200,30.34,Procesando,Tarjeta débito,5,1,No,Sí
ORD-03336,2026-04-04,2026,2026-04,Q2,Andina,Bucaramanga,Web,PyME,Audífonos Bluetooth,Audio,Juan Castro,1,382000,10,382000,38200,343800,207000,207000,136800,39.79,Procesando,Tarjeta crédito,3,5,No,No
ORD-03337,2024-08-03,2024,2024-08,Q3,Caribe,Barranquilla,Tienda física,Consumidor,Monitor 27,Tecnología,Andrés Moreno,2,1250000,0,2500000,0,2500000,848000,1696000,804000,32.16,Entregado,Tarjeta débito,5,4,No,No
ORD-03338,2024-02-26,2024,2024-02,Q1,Pacífica,Pasto,Web,PyME,Mouse Inalámbrico,Accesorios,Valentina Rojas,2,176000,0,352000,0,352000,87000,174000,178000,50.57,Entregado,Efectivo,5,3,No,Sí
ORD-03339,2024-05-19,2024,2024-05,Q2,Pacífica,Buenaventura,Web,Corporativo,Monitor 24,Tecnología,Valentina Rojas,8,810000,10,6480000,648000,5832000,533000,4264000,1568000,26.89,Procesando,PSE,5,7,No,Sí
ORD-03340,2026-07-29,2026,2026-07,Q3,Andina,Bucaramanga,Web,PyME,Silla Ergonómica,Mobiliario,Sofía Herrera,1,1421000,0,1421000,0,1421000,901000,901000,520000,36.59,Entregado,Efectivo,5,2,No,Sí
ORD-03341,2025-01-09,2025,2025-01,Q1,Caribe,Valledupar,Ventas corporativas,Consumidor,Monitor 24,Tecnología,Diego Martínez,3,725000,20,2175000,435000,1740000,524000,1572000,168000,9.66,Cancelado,Tarjeta débito,,,No,Sí
ORD-03342,2025-12-04,2025,2025-12,Q4,Caribe,Barranquilla,Marketplace,Consumidor,Audífonos Bluetooth,Audio,Ana Torres,6,419000,0,2514000,0,2514000,212000,1272000,1242000,49.4,Entregado,Tarjeta crédito,3,5,No,No
ORD-03343,2025-11-17,2025,2025-11,Q4,Andina,Manizales,Web,Emprendedor,Headset Pro,Audio,Laura Gómez,1,571000,0,571000,0,571000,289000,289000,282000,49.39,En tránsito,Efectivo,4,3,No,No
ORD-03344,2026-08-09,2026,2026-08,Q3,Andina,Medellín,Tienda física,Consumidor,Silla Ergonómica,Mobiliario,Juan Castro,6,1450000,20,8700000,1740000,6960000,956000,5736000,1224000,17.59,Entregado,Transferencia,3,2,No,No
ORD-03345,2024-11-20,2024,2024-11,Q4,Andina,Bucaramanga,Web,PyME,Dock USB-C,Accesorios,Sofía Herrera,3,450000,15,1350000,202500,1147500,240000,720000,427500,37.25,Cancelado,Transferencia,,,No,No
ORD-03346,2025-06-19,2025,2025-06,Q2,Andina,Pereira,Marketplace,PyME,Escritorio Ajustable,Mobiliario,Juan Castro,1,2137000,10,2137000,213700,1923300,1457000,1457000,466300,24.24,Entregado,Efectivo,4,3,No,Sí
ORD-03347,2024-11-24,2024,2024-11,Q4,Andina,Bogotá,Tienda física,Consumidor,Escritorio Ajustable,Mobiliario,Diego Martínez,3,2352000,8,7056000,564480,6491520,1415000,4245000,2246520,34.61,En tránsito,Efectivo,3,3,No,No
ORD-03348,2025-08-13,2025,2025-08,Q3,Amazonía,Leticia,Web,Consumidor,Laptop Pro 14,Tecnología,Sofía Herrera,4,4704000,3,18816000,564480,18251520,3484000,13936000,4315520,23.64,Procesando,Efectivo,3,1,No,No
ORD-03349,2026-05-29,2026,2026-05,Q2,Andina,Bucaramanga,Web,Corporativo,Escritorio Ajustable,Mobiliario,Juan Castro,2,2181000,8,4362000,348960,4013040,1388000,2776000,1237040,30.83,Procesando,Tarjeta débito,4,8,No,Sí
ORD-03350,2024-01-02,2024,2024-01,Q1,Pacífica,Cali,Marketplace,Corporativo,Headset Pro,Audio,Sofía Herrera,6,499000,15,2994000,449100,2544900,293000,1758000,786900,30.92,Cancelado,Efectivo,,,No,No
ORD-03351,2025-05-18,2025,2025-05,Q2,Caribe,Barranquilla,Web,Emprendedor,Webcam HD,Accesorios,Ana Torres,2,280000,10,560000,56000,504000,151000,302000,202000,40.08,Procesando,Tarjeta crédito,5,1,No,No
ORD-03352,2025-04-07,2025,2025-04,Q2,Caribe,Valledupar,Web,Corporativo,Escritorio Ajustable,Mobiliario,Carlos Ruiz,2,2058000,3,4116000,123480,3992520,1491000,2982000,1010520,25.31,Procesando,Tarjeta crédito,5,5,No,No
ORD-03353,2024-08-01,2024,2024-08,Q3,Andina,Bucaramanga,Marketplace,PyME,Laptop Air 13,Tecnología,Juan Castro,1,3360000,5,3360000,168000,3192000,2628000,2628000,564000,17.67,Entregado,Transferencia,3,3,Sí,No
ORD-03354,2024-12-31,2024,2024-12,Q4,Orinoquía,Villavicencio,Tienda física,Consumidor,Monitor 27,Tecnología,Diego Martínez,2,1400000,8,2800000,224000,2576000,828000,1656000,920000,35.71,Procesando,Tarjeta débito,4,1,No,No
ORD-03355,2026-03-26,2026,2026-03,Q1,Andina,Bucaramanga,Tienda física,Consumidor,Laptop Air 13,Tecnología,Diego Martínez,2,3500000,10,7000000,700000,6300000,2658000,5316000,984000,15.62,Entregado,PSE,3,3,No,No
ORD-03356,2026-06-30,2026,2026-06,Q2,Pacífica,Quibdó,Tienda física,Emprendedor,Monitor 27,Tecnología,Ana Torres,8,1325000,20,10600000,2120000,8480000,864000,6912000,1568000,18.49,En tránsito,Efectivo,3,4,No,No
ORD-03357,2024-11-29,2024,2024-11,Q4,Pacífica,Cali,Ventas corporativas,Corporativo,Escritorio Ajustable,Mobiliario,Ana Torres,9,2187000,0,19683000,0,19683000,1406000,12654000,7029000,35.71,Entregado,PSE,5,2,No,No
ORD-03358,2026-08-15,2026,2026-08,Q3,Andina,Pereira,Tienda física,Emprendedor,Mouse Inalámbrico,Accesorios,Andrés Moreno,6,180000,20,1080000,216000,864000,85000,510000,354000,40.97,Procesando,Transferencia,4,4,No,No
ORD-03359,2024-11-25,2024,2024-11,Q4,Andina,Manizales,Ventas corporativas,Corporativo,Mouse Inalámbrico,Accesorios,Laura Gómez,11,187000,8,2057000,164560,1892440,88000,968000,924440,48.85,En tránsito,PSE,5,4,No,No
ORD-03360,2026-06-13,2026,2026-06,Q2,Amazonía,Florencia,Tienda física,Corporativo,Dock USB-C,Accesorios,Juan Castro,1,435000,15,435000,65250,369750,236000,236000,133750,36.17,En tránsito,Tarjeta crédito,5,3,No,No
ORD-03361,2025-07-12,2025,2025-07,Q3,Andina,Bucaramanga,Web,PyME,Audífonos Bluetooth,Audio,Sofía Herrera,5,382000,8,1910000,152800,1757200,210000,1050000,707200,40.25,Entregado,Tarjeta crédito,5,5,No,No
ORD-03362,2026-02-20,2026,2026-02,Q1,Caribe,Barranquilla,Tienda física,Consumidor,Headset Pro,Audio,Laura Gómez,1,520000,8,520000,41600,478400,279000,279000,199400,41.68,Entregado,Tarjeta débito,5,1,No,No
ORD-03363,2025-11-19,2025,2025-11,Q4,Pacífica,Pasto,Marketplace,Consumidor,Audífonos Bluetooth,Audio,Sofía Herrera,10,419000,15,4190000,628500,3561500,200000,2000000,1561500,43.84,En tránsito,Efectivo,4,2,No,No
ORD-03364,2025-08-27,2025,2025-08,Q3,Pacífica,Cali,Marketplace,PyME,Mouse Inalámbrico,Accesorios,Juan Castro,1,173000,8,173000,13840,159160,84000,84000,75160,47.22,Entregado,Tarjeta débito,5,6,No,No
ORD-03365,2026-06-05,2026,2026-06,Q2,Andina,Pereira,Web,Emprendedor,Headset Pro,Audio,Juan Castro,3,540000,10,1620000,162000,1458000,293000,879000,579000,39.71,Entregado,Tarjeta débito,4,8,No,Sí
ORD-03366,2026-01-02,2026,2026-01,Q1,Caribe,Santa Marta,Web,Emprendedor,Laptop Air 13,Tecnología,Diego Martínez,1,3430000,8,3430000,274400,3155600,2513000,2513000,642600,20.36,Entregado,Tarjeta crédito,4,3,No,Sí
ORD-03367,2024-10-21,2024,2024-10,Q4,Orinoquía,Yopal,Web,Consumidor,Monitor 24,Tecnología,Juan Castro,5,764000,5,3820000,191000,3629000,521000,2605000,1024000,28.22,Entregado,Efectivo,2,4,No,No
ORD-03368,2025-10-12,2025,2025-10,Q4,Pacífica,Quibdó,Tienda física,Corporativo,Headset Pro,Audio,Andrés Moreno,3,520000,3,1560000,46800,1513200,274000,822000,691200,45.68,Cancelado,PSE,,,No,No
ORD-03369,2024-07-31,2024,2024-07,Q3,Andina,Bucaramanga,Tienda física,PyME,Mouse Inalámbrico,Accesorios,Carlos Ruiz,1,180000,0,180000,0,180000,88000,88000,92000,51.11,Entregado,Efectivo,4,2,Sí,Sí
ORD-03370,2025-10-04,2025,2025-10,Q4,Orinoquía,Yopal,Web,Consumidor,Mouse Inalámbrico,Accesorios,Laura Gómez,1,176000,5,176000,8800,167200,85000,85000,82200,49.16,Entregado,Efectivo,5,4,No,Sí
ORD-03371,2025-01-13,2025,2025-01,Q1,Pacífica,Popayán,Ventas corporativas,PyME,Laptop Pro 14,Tecnología,Valentina Rojas,20,4464000,20,89280000,17856000,71424000,3641000,72820000,-1396000,-1.95,Entregado,Efectivo,5,5,No,Sí
ORD-03372,2024-08-04,2024,2024-08,Q3,Pacífica,Cali,Marketplace,Consumidor,Monitor 27,Tecnología,Ana Torres,1,1200000,10,1200000,120000,1080000,804000,804000,276000,25.56,Procesando,Transferencia,4,3,No,No
ORD-03373,2024-03-04,2024,2024-03,Q1,Pacífica,Quibdó,Marketplace,Emprendedor,Escritorio Ajustable,Mobiliario,Sofía Herrera,6,2016000,5,12096000,604800,11491200,1482000,8892000,2599200,22.62,Entregado,Efectivo,4,2,No,Sí
ORD-03374,2026-06-26,2026,2026-06,Q2,Andina,Pereira,Web,Consumidor,Headset Pro,Audio,Sofía Herrera,2,540000,0,1080000,0,1080000,278000,556000,524000,48.52,Entregado,PSE,3,7,No,No
ORD-03375,2025-12-26,2025,2025-12,Q4,Pacífica,Quibdó,Web,Consumidor,Laptop Air 13,Tecnología,Valentina Rojas,4,3842000,0,15368000,0,15368000,2564000,10256000,5112000,33.26,Entregado,Tarjeta débito,5,7,No,Sí
ORD-03376,2025-01-02,2025,2025-01,Q1,Caribe,Valledupar,Marketplace,Corporativo,Audífonos Bluetooth,Audio,Andrés Moreno,3,374000,0,1122000,0,1122000,212000,636000,486000,43.32,Cancelado,Tarjeta crédito,,,No,Sí
ORD-03377,2025-06-12,2025,2025-06,Q2,Andina,Bogotá,Marketplace,Consumidor,Laptop Air 13,Tecnología,Diego Martínez,1,3562000,5,3562000,178100,3383900,2581000,2581000,802900,23.73,Cancelado,Tarjeta débito,,,No,Sí
ORD-03378,2024-08-28,2024,2024-08,Q3,Andina,Bogotá,Ventas corporativas,Consumidor,Headset Pro,Audio,Andrés Moreno,11,484000,15,5324000,798600,4525400,295000,3245000,1280400,28.29,Entregado,Efectivo,4,2,No,No
ORD-03379,2026-05-11,2026,2026-05,Q2,Caribe,Barranquilla,Marketplace,PyME,Monitor 24,Tecnología,Sofía Herrera,1,794000,10,794000,79400,714600,532000,532000,182600,25.55,Entregado,Tarjeta débito,2,2,No,No
ORD-03380,2024-04-24,2024,2024-04,Q2,Caribe,Valledupar,Web,Emprendedor,Silla Ergonómica,Mobiliario,Laura Gómez,6,1421000,8,8526000,682080,7843920,937000,5622000,2221920,28.33,Entregado,Tarjeta crédito,5,3,No,No
ORD-03381,2026-06-05,2026,2026-06,Q2,Caribe,Valledupar,Web,Consumidor,Teclado Mecánico,Accesorios,Diego Martínez,1,332000,0,332000,0,332000,169000,169000,163000,49.1,Entregado,Tarjeta crédito,5,3,No,Sí
ORD-03382,2025-05-19,2025,2025-05,Q2,Pacífica,Buenaventura,Web,Emprendedor,Teclado Mecánico,Accesorios,Ana Torres,10,332000,15,3320000,498000,2822000,183000,1830000,992000,35.15,Cancelado,PSE,,,No,No
ORD-03383,2025-10-16,2025,2025-10,Q4,Andina,Medellín,Web,PyME,Monitor 24,Tecnología,Andrés Moreno,2,764000,0,1528000,0,1528000,510000,1020000,508000,33.25,Entregado,Efectivo,2,3,No,No
ORD-03384,2025-01-11,2025,2025-01,Q1,Amazonía,Florencia,Web,Corporativo,Monitor 27,Tecnología,Carlos Ruiz,2,1225000,5,2450000,122500,2327500,839000,1678000,649500,27.91,En tránsito,Tarjeta débito,3,3,No,Sí
ORD-03385,2025-04-13,2025,2025-04,Q2,Pacífica,Popayán,Web,Emprendedor,Dock USB-C,Accesorios,Juan Castro,3,402000,3,1206000,36180,1169820,245000,735000,434820,37.17,En tránsito,Tarjeta crédito,3,4,No,No
ORD-03386,2024-04-12,2024,2024-04,Q2,Andina,Bucaramanga,Ventas corporativas,Consumidor,Teclado Mecánico,Accesorios,Sofía Herrera,17,298000,3,5066000,151980,4914020,178000,3026000,1888020,38.42,Procesando,Efectivo,3,3,No,No
ORD-03387,2026-08-10,2026,2026-08,Q3,Caribe,Santa Marta,Marketplace,PyME,Teclado Mecánico,Accesorios,Andrés Moreno,4,307000,3,1228000,36840,1191160,178000,712000,479160,40.23,Entregado,PSE,4,6,No,No
ORD-03388,2024-11-09,2024,2024-11,Q4,Amazonía,Mocoa,Tienda física,Corporativo,Laptop Air 13,Tecnología,Sofía Herrera,2,3920000,3,7840000,235200,7604800,2563000,5126000,2478800,32.6,Entregado,PSE,5,6,No,Sí
ORD-03389,2025-03-06,2025,2025-03,Q1,Pacífica,Pasto,Web,Consumidor,Webcam HD,Accesorios,Sofía Herrera,1,265000,3,265000,7950,257050,144000,144000,113050,43.98,Entregado,Transferencia,5,4,No,No
ORD-03390,2024-01-18,2024,2024-01,Q1,Orinoquía,Arauca,Ventas corporativas,PyME,Monitor 24,Tecnología,Valentina Rojas,3,725000,5,2175000,108750,2066250,518000,1554000,512250,24.79,Entregado,Efectivo,5,1,No,No
ORD-03391,2025-05-26,2025,2025-05,Q2,Andina,Pereira,Tienda física,Consumidor,Monitor 24,Tecnología,Andrés Moreno,2,827000,5,1654000,82700,1571300,541000,1082000,489300,31.14,Cancelado,Tarjeta crédito,,,No,No
ORD-03392,2024-09-14,2024,2024-09,Q3,Pacífica,Buenaventura,Web,PyME,Teclado Mecánico,Accesorios,Sofía Herrera,10,314000,20,3140000,628000,2512000,185000,1850000,662000,26.35,Entregado,Transferencia,5,4,No,Sí
ORD-03393,2024-08-23,2024,2024-08,Q3,Amazonía,Florencia,Web,Emprendedor,Monitor 27,Tecnología,Valentina Rojas,1,1225000,0,1225000,0,1225000,827000,827000,398000,32.49,Entregado,Tarjeta débito,2,3,No,Sí
ORD-03394,2025-09-02,2025,2025-09,Q3,Orinoquía,Arauca,Marketplace,Consumidor,Silla Ergonómica,Mobiliario,Diego Martínez,3,1392000,5,4176000,208800,3967200,935000,2805000,1162200,29.3,Entregado,Transferencia,3,5,No,No
ORD-03395,2025-11-29,2025,2025-11,Q4,Orinoquía,Villavicencio,Ventas corporativas,Emprendedor,Dock USB-C,Accesorios,Juan Castro,3,427000,5,1281000,64050,1216950,232000,696000,520950,42.81,Entregado,Efectivo,5,3,No,No
ORD-03396,2025-12-06,2025,2025-12,Q4,Caribe,Barranquilla,Web,PyME,Silla Ergonómica,Mobiliario,Laura Gómez,1,1592000,15,1592000,238800,1353200,950000,950000,403200,29.8,Entregado,Transferencia,4,6,No,Sí
ORD-03397,2024-07-24,2024,2024-07,Q3,Caribe,Valledupar,Marketplace,Corporativo,Audífonos Bluetooth,Audio,Carlos Ruiz,10,374000,3,3740000,112200,3627800,213000,2130000,1497800,41.29,Entregado,Efectivo,5,2,No,No
ORD-03398,2025-10-02,2025,2025-10,Q4,Andina,Bogotá,Marketplace,PyME,Escritorio Ajustable,Mobiliario,Carlos Ruiz,1,2016000,3,2016000,60480,1955520,1403000,1403000,552520,28.25,Entregado,Transferencia,5,3,No,Sí
ORD-03399,2025-01-20,2025,2025-01,Q1,Andina,Medellín,Tienda física,PyME,Teclado Mecánico,Accesorios,Sofía Herrera,1,320000,5,320000,16000,304000,182000,182000,122000,40.13,En tránsito,Transferencia,5,3,No,No
ORD-03400,2026-05-09,2026,2026-05,Q2,Caribe,Barranquilla,Web,Consumidor,Webcam HD,Accesorios,Carlos Ruiz,1,280000,15,280000,42000,238000,142000,142000,96000,40.34,En tránsito,Tarjeta crédito,5,2,No,Sí
ORD-03401,2026-05-21,2026,2026-05,Q2,Andina,Pereira,Web,Consumidor,Headset Pro,Audio,Andrés Moreno,4,540000,20,2160000,432000,1728000,282000,1128000,600000,34.72,Procesando,Transferencia,4,4,No,No
ORD-03402,2025-10-05,2025,2025-10,Q4,Pacífica,Pasto,Marketplace,Corporativo,Monitor 27,Tecnología,Juan Castro,3,1200000,0,3600000,0,3600000,864000,2592000,1008000,28.0,Procesando,Tarjeta crédito,4,2,No,No
ORD-03403,2026-06-19,2026,2026-06,Q2,Caribe,Barranquilla,Web,Emprendedor,Mouse Inalámbrico,Accesorios,Ana Torres,10,187000,10,1870000,187000,1683000,86000,860000,823000,48.9,En tránsito,Tarjeta débito,2,4,No,Sí
ORD-03404,2024-05-20,2024,2024-05,Q2,Andina,Manizales,Web,PyME,Mouse Inalámbrico,Accesorios,Andrés Moreno,10,187000,0,1870000,0,1870000,85000,850000,1020000,54.55,En tránsito,Tarjeta débito,5,2,No,No
ORD-03405,2026-05-28,2026,2026-05,Q2,Pacífica,Cali,Marketplace,PyME,Audífonos Bluetooth,Audio,Ana Torres,1,397000,15,397000,59550,337450,207000,207000,130450,38.66,En tránsito,Tarjeta crédito,4,6,No,Sí
ORD-03406,2026-04-04,2026,2026-04,Q2,Andina,Medellín,Web,Consumidor,Monitor 24,Tecnología,Carlos Ruiz,10,764000,5,7640000,382000,7258000,496000,4960000,2298000,31.66,Entregado,Tarjeta crédito,5,4,No,Sí
ORD-03407,2024-06-05,2024,2024-06,Q2,Andina,Bogotá,Web,Consumidor,Mouse Inalámbrico,Accesorios,Ana Torres,4,187000,8,748000,59840,688160,86000,344000,344160,50.01,Entregado,PSE,3,4,No,Sí
ORD-03408,2026-06-30,2026,2026-06,Q2,Pacífica,Pasto,Marketplace,Consumidor,Audífonos Bluetooth,Audio,Laura Gómez,2,397000,3,794000,23820,770180,198000,396000,374180,48.58,Procesando,Tarjeta débito,3,1,No,No
ORD-03409,2024-08-18,2024,2024-08,Q3,Andina,Bucaramanga,Marketplace,Consumidor,Monitor 27,Tecnología,Ana Torres,1,1200000,0,1200000,0,1200000,867000,867000,333000,27.75,En tránsito,Tarjeta débito,4,6,No,No
ORD-03410,2025-12-15,2025,2025-12,Q4,Caribe,Barranquilla,Web,Emprendedor,Webcam HD,Accesorios,Juan Castro,2,296000,0,592000,0,592000,151000,302000,290000,48.99,Entregado,Efectivo,5,3,No,No
ORD-03411,2024-09-23,2024,2024-09,Q3,Amazonía,Leticia,Web,Consumidor,Mouse Inalámbrico,Accesorios,Valentina Rojas,2,176000,0,352000,0,352000,84000,168000,184000,52.27,En tránsito,Tarjeta crédito,3,7,No,No
ORD-03412,2024-07-12,2024,2024-07,Q3,Andina,Pereira,Tienda física,Emprendedor,Escritorio Ajustable,Mobiliario,Ana Torres,8,2100000,0,16800000,0,16800000,1424000,11392000,5408000,32.19,Entregado,Tarjeta crédito,5,4,No,Sí
ORD-03413,2026-01-29,2026,2026-01,Q1,Caribe,Santa Marta,Marketplace,PyME,Teclado Mecánico,Accesorios,Andrés Moreno,1,307000,0,307000,0,307000,168000,168000,139000,45.28,Cancelado,Efectivo,,,No,No
ORD-03414,2024-03-03,2024,2024-03,Q1,Pacífica,Popayán,Web,Corporativo,Silla Ergonómica,Mobiliario,Juan Castro,5,1421000,3,7105000,213150,6891850,942000,4710000,2181850,31.66,Cancelado,Efectivo,,,No,No
ORD-03415,2026-08-30,2026,2026-08,Q3,Andina,Bucaramanga,Web,Consumidor,Mouse Inalámbrico,Accesorios,Andrés Moreno,3,176000,5,528000,26400,501600,87000,261000,240600,47.97,Procesando,PSE,5,8,No,Sí
ORD-03416,2026-01-21,2026,2026-01,Q1,Andina,Medellín,Tienda física,PyME,Headset Pro,Audio,Andrés Moreno,10,520000,10,5200000,520000,4680000,298000,2980000,1700000,36.32,Entregado,Efectivo,3,1,No,No
ORD-03417,2026-04-06,2026,2026-04,Q2,Pacífica,Popayán,Ventas corporativas,Corporativo,Silla Ergonómica,Mobiliario,Laura Gómez,16,1348000,15,21568000,3235200,18332800,964000,15424000,2908800,15.87,Entregado,Efectivo,4,3,No,No
ORD-03418,2026-09-13,2026,2026-09,Q3,Caribe,Valledupar,Web,PyME,Teclado Mecánico,Accesorios,Ana Torres,1,314000,15,314000,47100,266900,179000,179000,87900,32.93,Entregado,Transferencia,5,5,No,No
ORD-03419,2024-08-09,2024,2024-08,Q3,Caribe,Barranquilla,Ventas corporativas,PyME,Laptop Pro 14,Tecnología,Carlos Ruiz,19,4464000,20,84816000,16963200,67852800,3539000,67241000,611800,0.9,Procesando,Efectivo,5,1,No,No
ORD-03420,2024-12-25,2024,2024-12,Q4,Caribe,Santa Marta,Marketplace,PyME,Monitor 24,Tecnología,Carlos Ruiz,1,839000,10,839000,83900,755100,509000,509000,246100,32.59,Entregado,Efectivo,2,2,No,No
ORD-03421,2024-06-10,2024,2024-06,Q2,Pacífica,Pasto,Marketplace,PyME,Laptop Air 13,Tecnología,Sofía Herrera,1,3562000,5,3562000,178100,3383900,2634000,2634000,749900,22.16,Entregado,Tarjeta crédito,5,6,No,Sí
ORD-03422,2024-04-03,2024,2024-04,Q2,Caribe,Cartagena,Marketplace,Corporativo,Laptop Pro 14,Tecnología,Diego Martínez,8,4608000,5,36864000,1843200,35020800,3628000,29024000,5996800,17.12,Entregado,Transferencia,4,3,No,Sí
ORD-03423,2025-10-14,2025,2025-10,Q4,Andina,Manizales,Marketplace,PyME,Escritorio Ajustable,Mobiliario,Laura Gómez,2,2016000,8,4032000,322560,3709440,1433000,2866000,843440,22.74,En tránsito,Transferencia,5,3,No,No
ORD-03424,2026-07-22,2026,2026-07,Q3,Caribe,Montería,Web,Consumidor,Webcam HD,Accesorios,Valentina Rojas,1,265000,8,265000,21200,243800,140000,140000,103800,42.58,Procesando,Tarjeta crédito,4,2,No,No
ORD-03425,2025-01-21,2025,2025-01,Q1,Andina,Pereira,Marketplace,Consumidor,Mouse Inalámbrico,Accesorios,Ana Torres,5,173000,0,865000,0,865000,86000,430000,435000,50.29,Entregado,Tarjeta crédito,5,5,No,Sí
ORD-03426,2025-02-09,2025,2025-02,Q1,Caribe,Cartagena,Web,Emprendedor,Escritorio Ajustable,Mobiliario,Sofía Herrera,1,2058000,10,2058000,205800,1852200,1381000,1381000,471200,25.44,Entregado,Efectivo,5,7,No,Sí
ORD-03427,2026-03-12,2026,2026-03,Q1,Andina,Manizales,Tienda física,PyME,Dock USB-C,Accesorios,Valentina Rojas,6,410000,10,2460000,246000,2214000,227000,1362000,852000,38.48,Entregado,Tarjeta débito,4,2,No,No
ORD-03428,2025-07-26,2025,2025-07,Q3,Andina,Medellín,Web,Corporativo,Mouse Inalámbrico,Accesorios,Ana Torres,2,176000,10,352000,35200,316800,89000,178000,138800,43.81,Procesando,Tarjeta crédito,5,3,No,Sí
ORD-03429,2026-06-14,2026,2026-06,Q2,Caribe,Cartagena,Web,PyME,Mouse Inalámbrico,Accesorios,Ana Torres,2,187000,10,374000,37400,336600,85000,170000,166600,49.49,Entregado,Tarjeta crédito,3,4,Sí,No
ORD-03430,2025-11-10,2025,2025-11,Q4,Amazonía,Leticia,Marketplace,PyME,Mouse Inalámbrico,Accesorios,Ana Torres,1,194000,5,194000,9700,184300,84000,84000,100300,54.42,En tránsito,PSE,5,1,No,Sí
ORD-03431,2024-09-14,2024,2024-09,Q3,Caribe,Cartagena,Web,PyME,Dock USB-C,Accesorios,Andrés Moreno,10,402000,0,4020000,0,4020000,228000,2280000,1740000,43.28,En tránsito,Transferencia,5,1,No,No
ORD-03432,2026-05-14,2026,2026-05,Q2,Pacífica,Buenaventura,Web,PyME,Monitor 27,Tecnología,Diego Martínez,1,1298000,0,1298000,0,1298000,804000,804000,494000,38.06,Cancelado,Tarjeta crédito,,,No,No
ORD-03433,2025-03-01,2025,2025-03,Q1,Caribe,Montería,Web,PyME,Teclado Mecánico,Accesorios,Sofía Herrera,6,314000,0,1884000,0,1884000,181000,1086000,798000,42.36,Procesando,Efectivo,1,6,No,No
ORD-03434,2024-02-02,2024,2024-02,Q1,Pacífica,Popayán,Web,PyME,Dock USB-C,Accesorios,Valentina Rojas,2,402000,10,804000,80400,723600,230000,460000,263600,36.43,En tránsito,PSE,2,3,No,No
ORD-03435,2025-09-04,2025,2025-09,Q3,Andina,Bogotá,Marketplace,Corporativo,Teclado Mecánico,Accesorios,Sofía Herrera,2,307000,20,614000,122800,491200,173000,346000,145200,29.56,Procesando,PSE,4,3,No,No
ORD-03436,2024-12-18,2024,2024-12,Q4,Caribe,Barranquilla,Marketplace,Emprendedor,Monitor 24,Tecnología,Ana Torres,6,839000,5,5034000,251700,4782300,507000,3042000,1740300,36.39,Entregado,Efectivo,4,7,No,No
ORD-03437,2025-04-20,2025,2025-04,Q2,Pacífica,Buenaventura,Marketplace,Emprendedor,Monitor 27,Tecnología,Sofía Herrera,4,1200000,5,4800000,240000,4560000,813000,3252000,1308000,28.68,Cancelado,Tarjeta débito,,,No,No
ORD-03438,2024-11-08,2024,2024-11,Q4,Pacífica,Pasto,Marketplace,PyME,Dock USB-C,Accesorios,Laura Gómez,2,441000,3,882000,26460,855540,227000,454000,401540,46.93,Cancelado,Tarjeta débito,,,No,No
ORD-03439,2026-05-20,2026,2026-05,Q2,Andina,Manizales,Web,Consumidor,Dock USB-C,Accesorios,Sofía Herrera,5,426000,20,2130000,426000,1704000,233000,1165000,539000,31.63,Entregado,PSE,5,6,No,No
ORD-03440,2024-08-11,2024,2024-08,Q3,Andina,Manizales,Marketplace,Consumidor,Silla Ergonómica,Mobiliario,Juan Castro,10,1392000,10,13920000,1392000,12528000,942000,9420000,3108000,24.81,Cancelado,Transferencia,,,No,No
ORD-03441,2024-11-06,2024,2024-11,Q4,Caribe,Cartagena,Web,PyME,Headset Pro,Audio,Andrés Moreno,4,571000,3,2284000,68520,2215480,294000,1176000,1039480,46.92,Procesando,Transferencia,1,4,No,Sí
ORD-03442,2025-09-18,2025,2025-09,Q3,Andina,Bucaramanga,Tienda física,Emprendedor,Headset Pro,Audio,Ana Torres,10,520000,0,5200000,0,5200000,282000,2820000,2380000,45.77,Entregado,Tarjeta débito,3,3,No,Sí
ORD-03443,2024-09-06,2024,2024-09,Q3,Caribe,Cartagena,Web,Emprendedor,Silla Ergonómica,Mobiliario,Carlos Ruiz,2,1421000,5,2842000,142100,2699900,960000,1920000,779900,28.89,En tránsito,Transferencia,4,2,No,Sí
ORD-03444,2025-09-06,2025,2025-09,Q3,Caribe,Santa Marta,Web,Emprendedor,Laptop Pro 14,Tecnología,Carlos Ruiz,2,4704000,10,9408000,940800,8467200,3675000,7350000,1117200,13.19,Entregado,Tarjeta crédito,5,7,No,Sí
ORD-03445,2025-08-15,2025,2025-08,Q3,Pacífica,Pasto,Web,Emprendedor,Monitor 24,Tecnología,Ana Torres,1,764000,5,764000,38200,725800,497000,497000,228800,31.52,Entregado,Transferencia,4,5,No,No
ORD-03446,2025-10-05,2025,2025-10,Q4,Andina,Bogotá,Tienda física,Emprendedor,Headset Pro,Audio,Carlos Ruiz,2,520000,0,1040000,0,1040000,278000,556000,484000,46.54,En tránsito,PSE,5,2,No,Sí
ORD-03447,2026-02-03,2026,2026-02,Q1,Andina,Bucaramanga,Ventas corporativas,Corporativo,Monitor 24,Tecnología,Sofía Herrera,12,725000,20,8700000,1740000,6960000,504000,6048000,912000,13.1,Entregado,Tarjeta débito,5,4,No,No
ORD-03448,2024-02-01,2024,2024-02,Q1,Pacífica,Pasto,Web,Corporativo,Audífonos Bluetooth,Audio,Ana Torres,1,382000,15,382000,57300,324700,207000,207000,117700,36.25,Entregado,Efectivo,5,5,No,No
ORD-03449,2026-05-03,2026,2026-05,Q2,Andina,Bucaramanga,Web,Consumidor,Laptop Pro 14,Tecnología,Ana Torres,1,4986000,5,4986000,249300,4736700,3495000,3495000,1241700,26.21,Procesando,Efectivo,4,4,No,No
ORD-03450,2025-05-10,2025,2025-05,Q2,Pacífica,Buenaventura,Web,Corporativo,Headset Pro,Audio,Sofía Herrera,5,540000,5,2700000,135000,2565000,290000,1450000,1115000,43.47,Procesando,Tarjeta crédito,5,6,No,No
ORD-03451,2026-08-18,2026,2026-08,Q3,Andina,Bogotá,Web,Corporativo,Laptop Pro 14,Tecnología,Juan Castro,2,4704000,8,9408000,752640,8655360,3550000,7100000,1555360,17.97,Entregado,PSE,5,7,No,No
ORD-03452,2025-08-02,2025,2025-08,Q3,Pacífica,Cali,Web,PyME,Audífonos Bluetooth,Audio,Juan Castro,4,382000,5,1528000,76400,1451600,205000,820000,631600,43.51,Entregado,Tarjeta débito,4,6,No,No
ORD-03453,2026-01-18,2026,2026-01,Q1,Pacífica,Cali,Marketplace,PyME,Audífonos Bluetooth,Audio,Juan Castro,6,374000,8,2244000,179520,2064480,212000,1272000,792480,38.39,Entregado,Transferencia,5,6,No,No
ORD-03454,2025-04-10,2025,2025-04,Q2,Pacífica,Popayán,Marketplace,Consumidor,Headset Pro,Audio,Carlos Ruiz,1,499000,10,499000,49900,449100,278000,278000,171100,38.1,Entregado,Tarjeta crédito,5,4,No,No
ORD-03455,2024-05-04,2024,2024-05,Q2,Caribe,Cartagena,Tienda física,PyME,Mouse Inalámbrico,Accesorios,Juan Castro,2,191000,15,382000,57300,324700,89000,178000,146700,45.18,Cancelado,Tarjeta crédito,,,No,No
ORD-03456,2025-08-16,2025,2025-08,Q3,Andina,Medellín,Tienda física,Emprendedor,Silla Ergonómica,Mobiliario,Juan Castro,3,1450000,0,4350000,0,4350000,979000,2937000,1413000,32.48,Entregado,Efectivo,5,2,No,No
ORD-03457,2024-03-26,2024,2024-03,Q1,Orinoquía,Yopal,Tienda física,PyME,Teclado Mecánico,Accesorios,Diego Martínez,4,320000,20,1280000,256000,1024000,174000,696000,328000,32.03,Entregado,Tarjeta crédito,4,1,No,No
ORD-03458,2026-02-24,2026,2026-02,Q1,Andina,Pereira,Web,Corporativo,Escritorio Ajustable,Mobiliario,Sofía Herrera,3,2058000,8,6174000,493920,5680080,1457000,4371000,1309080,23.05,Cancelado,Tarjeta débito,,,No,No
ORD-03459,2025-04-28,2025,2025-04,Q2,Caribe,Barranquilla,Web,Consumidor,Mouse Inalámbrico,Accesorios,Juan Castro,3,176000,10,528000,52800,475200,82000,246000,229200,48.23,Procesando,Tarjeta crédito,4,2,No,No
ORD-03460,2025-01-19,2025,2025-01,Q1,Caribe,Barranquilla,Ventas corporativas,PyME,Headset Pro,Audio,Sofía Herrera,16,484000,3,7744000,232320,7511680,298000,4768000,2743680,36.53,En tránsito,Efectivo,4,2,No,Sí
ORD-03461,2024-04-11,2024,2024-04,Q2,Pacífica,Cali,Web,PyME,Laptop Air 13,Tecnología,Laura Gómez,4,3430000,8,13720000,1097600,12622400,2579000,10316000,2306400,18.27,Entregado,Transferencia,5,4,No,No
ORD-03462,2025-11-03,2025,2025-11,Q4,Pacífica,Buenaventura,Web,Corporativo,Dock USB-C,Accesorios,Carlos Ruiz,1,450000,5,450000,22500,427500,228000,228000,199500,46.67,Entregado,Tarjeta débito,3,3,No,No
ORD-03463,2024-03-04,2024,2024-03,Q1,Pacífica,Buenaventura,Tienda física,Corporativo,Escritorio Ajustable,Mobiliario,Diego Martínez,2,2100000,8,4200000,336000,3864000,1405000,2810000,1054000,27.28,Entregado,Tarjeta crédito,5,2,No,Sí
ORD-03464,2025-10-23,2025,2025-10,Q4,Andina,Bucaramanga,Marketplace,Consumidor,Headset Pro,Audio,Juan Castro,10,499000,10,4990000,499000,4491000,287000,2870000,1621000,36.09,Entregado,Tarjeta crédito,5,6,No,No
ORD-03465,2024-04-09,2024,2024-04,Q2,Andina,Medellín,Ventas corporativas,Emprendedor,Monitor 27,Tecnología,Valentina Rojas,5,1162000,8,5810000,464800,5345200,803000,4015000,1330200,24.89,Entregado,Transferencia,4,1,No,No
ORD-03466,2025-04-09,2025,2025-04,Q2,Amazonía,Leticia,Web,Consumidor,Mouse Inalámbrico,Accesorios,Ana Torres,4,176000,5,704000,35200,668800,85000,340000,328800,49.16,En tránsito,Transferencia,5,4,No,Sí
ORD-03467,2024-02-18,2024,2024-02,Q1,Caribe,Valledupar,Web,Emprendedor,Dock USB-C,Accesorios,Sofía Herrera,5,402000,10,2010000,201000,1809000,229000,1145000,664000,36.71,Entregado,Tarjeta crédito,5,4,No,Sí
ORD-03468,2024-10-05,2024,2024-10,Q4,Andina,Bucaramanga,Tienda física,Consumidor,Monitor 24,Tecnología,Ana Torres,2,780000,5,1560000,78000,1482000,500000,1000000,482000,32.52,Procesando,Tarjeta crédito,5,3,No,No
ORD-03469,2025-05-14,2025,2025-05,Q2,Andina,Medellín,Ventas corporativas,PyME,Silla Ergonómica,Mobiliario,Carlos Ruiz,5,1429000,10,7145000,714500,6430500,947000,4735000,1695500,26.37,Cancelado,Efectivo,,,No,Sí
ORD-03470,2025-08-29,2025,2025-08,Q3,Caribe,Cartagena,Marketplace,Corporativo,Silla Ergonómica,Mobiliario,Laura Gómez,1,1392000,8,1392000,111360,1280640,937000,937000,343640,26.83,Procesando,Tarjeta crédito,3,3,No,No
ORD-03471,2026-09-05,2026,2026-09,Q3,Andina,Bucaramanga,Tienda física,PyME,Webcam HD,Accesorios,Valentina Rojas,1,270000,5,270000,13500,256500,153000,153000,103500,40.35,En tránsito,Tarjeta débito,5,3,No,Sí
ORD-03472,2026-03-12,2026,2026-03,Q1,Andina,Medellín,Tienda física,Corporativo,Headset Pro,Audio,Carlos Ruiz,1,520000,5,520000,26000,494000,299000,299000,195000,39.47,En tránsito,Transferencia,5,2,No,No
ORD-03473,2024-07-24,2024,2024-07,Q3,Andina,Bogotá,Marketplace,Consumidor,Escritorio Ajustable,Mobiliario,Ana Torres,2,2016000,3,4032000,120960,3911040,1398000,2796000,1115040,28.51,Entregado,PSE,5,4,No,No
ORD-03474,2024-09-09,2024,2024-09,Q3,Amazonía,Florencia,Web,Corporativo,Headset Pro,Audio,Juan Castro,1,510000,5,510000,25500,484500,277000,277000,207500,42.83,En tránsito,Tarjeta crédito,5,2,No,No
ORD-03475,2025-09-02,2025,2025-09,Q3,Andina,Medellín,Web,PyME,Webcam HD,Accesorios,Juan Castro,2,265000,5,530000,26500,503500,142000,284000,219500,43.59,Entregado,Tarjeta crédito,5,5,No,Sí
ORD-03476,2024-10-17,2024,2024-10,Q4,Andina,Manizales,Ventas corporativas,Consumidor,Teclado Mecánico,Accesorios,Valentina Rojas,17,298000,5,5066000,253300,4812700,176000,2992000,1820700,37.83,Cancelado,PSE,,,No,Sí
ORD-03477,2024-09-16,2024,2024-09,Q3,Caribe,Barranquilla,Marketplace,PyME,Silla Ergonómica,Mobiliario,Ana Torres,5,1392000,5,6960000,348000,6612000,950000,4750000,1862000,28.16,Procesando,PSE,5,3,No,No
ORD-03478,2025-06-06,2025,2025-06,Q2,Caribe,Montería,Web,PyME,Webcam HD,Accesorios,Valentina Rojas,1,280000,10,280000,28000,252000,140000,140000,112000,44.44,Entregado,PSE,4,4,No,No
ORD-03479,2025-09-26,2025,2025-09,Q3,Caribe,Montería,Marketplace,Corporativo,Audífonos Bluetooth,Audio,Ana Torres,3,374000,10,1122000,112200,1009800,203000,609000,400800,39.69,En tránsito,PSE,3,1,No,No
ORD-03480,2025-10-18,2025,2025-10,Q4,Pacífica,Buenaventura,Ventas corporativas,Corporativo,Teclado Mecánico,Accesorios,Valentina Rojas,11,298000,5,3278000,163900,3114100,176000,1936000,1178100,37.83,Entregado,PSE,5,7,No,No
ORD-03481,2024-06-09,2024,2024-06,Q2,Amazonía,Leticia,Marketplace,Consumidor,Dock USB-C,Accesorios,Andrés Moreno,3,417000,10,1251000,125100,1125900,247000,741000,384900,34.19,Entregado,Transferencia,4,3,No,Sí
ORD-03482,2026-05-17,2026,2026-05,Q2,Andina,Pereira,Web,Emprendedor,Teclado Mecánico,Accesorios,Sofía Herrera,2,332000,0,664000,0,664000,182000,364000,300000,45.18,Entregado,Tarjeta crédito,5,5,No,No
ORD-03483,2024-09-08,2024,2024-09,Q3,Andina,Pereira,Tienda física,Emprendedor,Monitor 27,Tecnología,Ana Torres,3,1250000,15,3750000,562500,3187500,827000,2481000,706500,22.16,Cancelado,Tarjeta crédito,,,No,Sí
ORD-03484,2025-11-11,2025,2025-11,Q4,Andina,Manizales,Web,Corporativo,Dock USB-C,Accesorios,Andrés Moreno,2,450000,5,900000,45000,855000,245000,490000,365000,42.69,Procesando,Efectivo,5,4,No,No
ORD-03485,2025-07-16,2025,2025-07,Q3,Caribe,Santa Marta,Ventas corporativas,Consumidor,Mouse Inalámbrico,Accesorios,Carlos Ruiz,13,167000,8,2171000,173680,1997320,89000,1157000,840320,42.07,En tránsito,Transferencia,5,2,No,No
ORD-03486,2025-09-08,2025,2025-09,Q3,Pacífica,Popayán,Tienda física,Emprendedor,Laptop Air 13,Tecnología,Juan Castro,3,3500000,15,10500000,1575000,8925000,2649000,7947000,978000,10.96,Entregado,Tarjeta crédito,5,3,No,Sí
ORD-03487,2026-05-30,2026,2026-05,Q2,Caribe,Cartagena,Marketplace,Corporativo,Monitor 27,Tecnología,Ana Torres,3,1272000,20,3816000,763200,3052800,819000,2457000,595800,19.52,En tránsito,Tarjeta crédito,5,2,No,Sí
ORD-03488,2024-07-10,2024,2024-07,Q3,Amazonía,Florencia,Tienda física,PyME,Laptop Pro 14,Tecnología,Andrés Moreno,10,4800000,15,48000000,7200000,40800000,3733000,37330000,3470000,8.5,Entregado,Transferencia,4,1,No,No
ORD-03489,2024-04-07,2024,2024-04,Q2,Amazonía,Leticia,Web,Emprendedor,Monitor 24,Tecnología,Carlos Ruiz,5,764000,3,3820000,114600,3705400,509000,2545000,1160400,31.32,En tránsito,Tarjeta crédito,2,4,No,No
ORD-03490,2026-03-16,2026,2026-03,Q1,Amazonía,Mocoa,Tienda física,Emprendedor,Headset Pro,Audio,Valentina Rojas,4,520000,8,2080000,166400,1913600,275000,1100000,813600,42.52,Entregado,Tarjeta crédito,5,1,No,Sí
ORD-03491,2026-02-08,2026,2026-02,Q1,Caribe,Montería,Web,Emprendedor,Webcam HD,Accesorios,Carlos Ruiz,1,265000,8,265000,21200,243800,152000,152000,91800,37.65,Entregado,PSE,4,4,No,No
ORD-03492,2026-08-14,2026,2026-08,Q3,Pacífica,Quibdó,Web,Emprendedor,Headset Pro,Audio,Juan Castro,6,510000,5,3060000,153000,2907000,297000,1782000,1125000,38.7,Procesando,Tarjeta débito,5,1,No,No
ORD-03493,2024-03-08,2024,2024-03,Q1,Andina,Bogotá,Tienda física,PyME,Laptop Pro 14,Tecnología,Sofía Herrera,2,4800000,15,9600000,1440000,8160000,3519000,7038000,1122000,13.75,Entregado,Tarjeta débito,4,5,No,No
ORD-03494,2026-03-28,2026,2026-03,Q1,Caribe,Cartagena,Web,Consumidor,Monitor 24,Tecnología,Andrés Moreno,1,764000,8,764000,61120,702880,505000,505000,197880,28.15,Entregado,Transferencia,4,4,No,Sí
ORD-03495,2024-03-17,2024,2024-03,Q1,Pacífica,Popayán,Ventas corporativas,Emprendedor,Escritorio Ajustable,Mobiliario,Carlos Ruiz,9,1953000,10,17577000,1757700,15819300,1500000,13500000,2319300,14.66,Cancelado,Tarjeta crédito,,,No,No
ORD-03496,2025-05-21,2025,2025-05,Q2,Andina,Bucaramanga,Marketplace,Corporativo,Silla Ergonómica,Mobiliario,Valentina Rojas,1,1476000,5,1476000,73800,1402200,901000,901000,501200,35.74,En tránsito,Tarjeta débito,5,6,No,Sí
ORD-03497,2024-05-27,2024,2024-05,Q2,Andina,Bogotá,Ventas corporativas,Consumidor,Headset Pro,Audio,Juan Castro,23,513000,5,11799000,589950,11209050,276000,6348000,4861050,43.37,En tránsito,Tarjeta crédito,5,3,No,No
ORD-03498,2025-02-05,2025,2025-02,Q1,Andina,Bogotá,Web,PyME,Teclado Mecánico,Accesorios,Diego Martínez,1,314000,5,314000,15700,298300,184000,184000,114300,38.32,Procesando,Transferencia,5,2,No,No
ORD-03499,2025-12-14,2025,2025-12,Q4,Pacífica,Popayán,Marketplace,PyME,Laptop Air 13,Tecnología,Carlos Ruiz,10,3763000,0,37630000,0,37630000,2513000,25130000,12500000,33.22,Procesando,Transferencia,5,4,No,No
ORD-03500,2026-01-30,2026,2026-01,Q1,Caribe,Montería,Web,PyME,Headset Pro,Audio,Sofía Herrera,1,510000,8,510000,40800,469200,290000,290000,179200,38.19,En tránsito,Tarjeta débito,5,4,No,Sí
ORD-03501,2026-09-19,2026,2026-09,Q3,Andina,Pereira,Tienda física,Consumidor,Silla Ergonómica,Mobiliario,Sofía Herrera,3,1450000,0,4350000,0,4350000,985000,2955000,1395000,32.07,Entregado,Efectivo,5,2,No,Sí
ORD-03502,2026-02-20,2026,2026-02,Q1,Pacífica,Popayán,Tienda física,PyME,Silla Ergonómica,Mobiliario,Diego Martínez,5,1450000,3,7250000,217500,7032500,953000,4765000,2267500,32.24,En tránsito,Efectivo,5,2,No,Sí
ORD-03503,2025-01-22,2025,2025-01,Q1,Caribe,Montería,Tienda física,Consumidor,Silla Ergonómica,Mobiliario,Juan Castro,3,1450000,0,4350000,0,4350000,927000,2781000,1569000,36.07,Cancelado,PSE,,,No,No
ORD-03504,2025-12-23,2025,2025-12,Q4,Pacífica,Popayán,Web,PyME,Mouse Inalámbrico,Accesorios,Ana Torres,3,198000,3,594000,17820,576180,90000,270000,306180,53.14,Entregado,Tarjeta débito,5,4,No,Sí
ORD-03505,2026-09-28,2026,2026-09,Q3,Caribe,Barranquilla,Web,Consumidor,Teclado Mecánico,Accesorios,Laura Gómez,1,314000,5,314000,15700,298300,181000,181000,117300,39.32,Cancelado,Efectivo,,,No,Sí
ORD-03506,2026-07-16,2026,2026-07,Q3,Andina,Manizales,Web,Corporativo,Monitor 24,Tecnología,Laura Gómez,4,764000,0,3056000,0,3056000,538000,2152000,904000,29.58,En tránsito,Tarjeta débito,3,5,No,No
ORD-03507,2024-06-04,2024,2024-06,Q2,Pacífica,Quibdó,Tienda física,Emprendedor,Laptop Pro 14,Tecnología,Valentina Rojas,1,5088000,0,5088000,0,5088000,3499000,3499000,1589000,31.23,Procesando,PSE,5,2,No,Sí
ORD-03508,2025-04-15,2025,2025-04,Q2,Caribe,Cartagena,Tienda física,PyME,Escritorio Ajustable,Mobiliario,Diego Martínez,2,2100000,5,4200000,210000,3990000,1398000,2796000,1194000,29.92,Cancelado,Tarjeta débito,,,No,No
ORD-03509,2026-01-11,2026,2026-01,Q1,Andina,Manizales,Tienda física,Consumidor,Dock USB-C,Accesorios,Diego Martínez,1,410000,10,410000,41000,369000,235000,235000,134000,36.31,Procesando,Efectivo,5,4,No,No
ORD-03510,2025-03-20,2025,2025-03,Q1,Amazonía,Leticia,Web,Emprendedor,Dock USB-C,Accesorios,Diego Martínez,4,402000,3,1608000,48240,1559760,226000,904000,655760,42.04,Cancelado,Transferencia,,,No,No
ORD-03511,2025-05-17,2025,2025-05,Q2,Andina,Bucaramanga,Web,PyME,Monitor 27,Tecnología,Diego Martínez,3,1298000,0,3894000,0,3894000,864000,2592000,1302000,33.44,Entregado,Tarjeta débito,5,6,No,No
ORD-03512,2024-06-29,2024,2024-06,Q2,Caribe,Valledupar,Web,PyME,Audífonos Bluetooth,Audio,Valentina Rojas,3,405000,5,1215000,60750,1154250,217000,651000,503250,43.6,Entregado,Transferencia,5,5,No,No
ORD-03513,2025-03-30,2025,2025-03,Q1,Pacífica,Quibdó,Ventas corporativas,Consumidor,Dock USB-C,Accesorios,Laura Gómez,7,381000,8,2667000,213360,2453640,237000,1659000,794640,32.39,Procesando,PSE,5,4,No,No
ORD-03514,2025-03-24,2025,2025-03,Q1,Andina,Manizales,Ventas corporativas,PyME,Silla Ergonómica,Mobiliario,Valentina Rojas,18,1348000,3,24264000,727920,23536080,896000,16128000,7408080,31.48,Entregado,Tarjeta crédito,4,3,No,Sí
ORD-03515,2024-08-29,2024,2024-08,Q3,Andina,Bucaramanga,Marketplace,Emprendedor,Silla Ergonómica,Mobiliario,Valentina Rojas,2,1392000,5,2784000,139200,2644800,903000,1806000,838800,31.72,Procesando,Transferencia,4,2,No,Sí
ORD-03516,2024-05-24,2024,2024-05,Q2,Caribe,Barranquilla,Web,Consumidor,Dock USB-C,Accesorios,Valentina Rojas,2,426000,5,852000,42600,809400,232000,464000,345400,42.67,En tránsito,Efectivo,5,3,No,No
ORD-03517,2024-01-12,2024,2024-01,Q1,Caribe,Valledupar,Marketplace,PyME,Headset Pro,Audio,Valentina Rojas,5,499000,5,2495000,124750,2370250,294000,1470000,900250,37.98,Entregado,Transferencia,5,2,No,No
ORD-03518,2026-08-13,2026,2026-08,Q3,Pacífica,Buenaventura,Ventas corporativas,Consumidor,Audífonos Bluetooth,Audio,Juan Castro,9,363000,8,3267000,261360,3005640,216000,1944000,1061640,35.32,Entregado,Efectivo,5,2,No,No
ORD-03519,2024-10-06,2024,2024-10,Q4,Andina,Bucaramanga,Web,Emprendedor,Mouse Inalámbrico,Accesorios,Andrés Moreno,2,176000,3,352000,10560,341440,86000,172000,169440,49.63,Entregado,Transferencia,4,7,No,Sí
ORD-03520,2024-06-13,2024,2024-06,Q2,Andina,Manizales,Ventas corporativas,Corporativo,Teclado Mecánico,Accesorios,Juan Castro,4,315000,10,1260000,126000,1134000,174000,696000,438000,38.62,Entregado,Tarjeta crédito,2,3,No,No
ORD-03521,2025-05-02,2025,2025-05,Q2,Pacífica,Quibdó,Marketplace,Consumidor,Webcam HD,Accesorios,Carlos Ruiz,3,275000,8,825000,66000,759000,143000,429000,330000,43.48,Procesando,PSE,5,3,No,No
ORD-03522,2026-06-10,2026,2026-06,Q2,Caribe,Valledupar,Web,PyME,Headset Pro,Audio,Valentina Rojas,8,540000,5,4320000,216000,4104000,298000,2384000,1720000,41.91,Entregado,Efectivo,5,1,No,No
ORD-03523,2026-07-15,2026,2026-07,Q3,Caribe,Barranquilla,Web,PyME,Mouse Inalámbrico,Accesorios,Ana Torres,6,176000,5,1056000,52800,1003200,86000,516000,487200,48.56,Procesando,PSE,5,4,No,Sí
ORD-03524,2024-12-30,2024,2024-12,Q4,Amazonía,Florencia,Web,Consumidor,Monitor 27,Tecnología,Juan Castro,1,1372000,3,1372000,41160,1330840,867000,867000,463840,34.85,Procesando,Tarjeta crédito,4,4,No,No
ORD-03525,2025-02-15,2025,2025-02,Q1,Caribe,Cartagena,Ventas corporativas,Corporativo,Monitor 24,Tecnología,Juan Castro,3,725000,3,2175000,65250,2109750,519000,1557000,552750,26.2,Procesando,Transferencia,5,2,No,No
ORD-03526,2025-12-26,2025,2025-12,Q4,Andina,Manizales,Web,Corporativo,Monitor 24,Tecnología,Carlos Ruiz,1,856000,10,856000,85600,770400,531000,531000,239400,31.07,Procesando,Tarjeta crédito,5,4,No,No
ORD-03527,2024-07-14,2024,2024-07,Q3,Amazonía,Mocoa,Tienda física,Consumidor,Dock USB-C,Accesorios,Valentina Rojas,3,410000,10,1230000,123000,1107000,229000,687000,420000,37.94,Entregado,Tarjeta débito,5,6,No,No
ORD-03528,2026-09-11,2026,2026-09,Q3,Orinoquía,Villavicencio,Web,Consumidor,Headset Pro,Audio,Carlos Ruiz,1,510000,5,510000,25500,484500,276000,276000,208500,43.03,Entregado,Tarjeta débito,4,8,Sí,No
ORD-03529,2024-02-24,2024,2024-02,Q1,Andina,Pereira,Marketplace,Consumidor,Mouse Inalámbrico,Accesorios,Sofía Herrera,2,173000,5,346000,17300,328700,84000,168000,160700,48.89,Procesando,Tarjeta crédito,3,5,No,No
ORD-03530,2024-09-04,2024,2024-09,Q3,Caribe,Montería,Ventas corporativas,Consumidor,Mouse Inalámbrico,Accesorios,Laura Gómez,17,167000,10,2839000,283900,2555100,89000,1513000,1042100,40.79,Cancelado,PSE,,,No,Sí
ORD-03531,2025-04-13,2025,2025-04,Q2,Andina,Manizales,Web,PyME,Laptop Pro 14,Tecnología,Juan Castro,2,4704000,3,9408000,282240,9125760,3713000,7426000,1699760,18.63,Cancelado,Transferencia,,,No,No
ORD-03532,2025-08-21,2025,2025-08,Q3,Caribe,Santa Marta,Tienda física,Consumidor,Teclado Mecánico,Accesorios,Laura Gómez,6,320000,5,1920000,96000,1824000,183000,1098000,726000,39.8,Entregado,Transferencia,5,2,No,No
ORD-03533,2025-01-18,2025,2025-01,Q1,Pacífica,Popayán,Marketplace,Emprendedor,Laptop Pro 14,Tecnología,Andrés Moreno,5,4608000,0,23040000,0,23040000,3532000,17660000,5380000,23.35,Entregado,Transferencia,5,1,No,No
ORD-03534,2025-07-04,2025,2025-07,Q3,Orinoquía,Villavicencio,Tienda física,Emprendedor,Webcam HD,Accesorios,Diego Martínez,10,270000,8,2700000,216000,2484000,153000,1530000,954000,38.41,Entregado,PSE,4,5,No,No
ORD-03535,2024-03-25,2024,2024-03,Q1,Pacífica,Quibdó,Ventas corporativas,Consumidor,Audífonos Bluetooth,Audio,Andrés Moreno,4,363000,8,1452000,116160,1335840,197000,788000,547840,41.01,En tránsito,Tarjeta crédito,4,5,No,No
ORD-03536,2026-02-26,2026,2026-02,Q1,Orinoquía,Villavicencio,Marketplace,Emprendedor,Teclado Mecánico,Accesorios,Ana Torres,1,307000,0,307000,0,307000,169000,169000,138000,44.95,Cancelado,Transferencia,,,No,No
ORD-03537,2026-02-19,2026,2026-02,Q1,Pacífica,Buenaventura,Tienda física,Emprendedor,Webcam HD,Accesorios,Carlos Ruiz,10,270000,15,2700000,405000,2295000,141000,1410000,885000,38.56,Entregado,PSE,5,7,No,No
ORD-03538,2024-06-15,2024,2024-06,Q2,Andina,Pereira,Web,PyME,Laptop Pro 14,Tecnología,Juan Castro,2,4986000,10,9972000,997200,8974800,3670000,7340000,1634800,18.22,Entregado,Transferencia,4,4,No,No
ORD-03539,2026-09-14,2026,2026-09,Q3,Orinoquía,Arauca,Web,Emprendedor,Dock USB-C,Accesorios,Juan Castro,2,402000,10,804000,80400,723600,248000,496000,227600,31.45,Procesando,Tarjeta débito,2,6,No,No
ORD-03540,2024-12-01,2024,2024-12,Q4,Caribe,Santa Marta,Ventas corporativas,Consumidor,Laptop Pro 14,Tecnología,Juan Castro,11,5000000,3,55000000,1650000,53350000,3601000,39611000,13739000,25.75,Cancelado,Transferencia,,,No,No
ORD-03541,2025-07-27,2025,2025-07,Q3,Caribe,Montería,Tienda física,Consumidor,Webcam HD,Accesorios,Sofía Herrera,6,270000,10,1620000,162000,1458000,148000,888000,570000,39.09,Cancelado,Efectivo,,,No,No
ORD-03542,2026-06-11,2026,2026-06,Q2,Pacífica,Pasto,Marketplace,Consumidor,Headset Pro,Audio,Juan Castro,3,529000,10,1587000,158700,1428300,277000,831000,597300,41.82,Entregado,PSE,4,4,No,Sí
ORD-03543,2024-04-05,2024,2024-04,Q2,Andina,Manizales,Web,Corporativo,Mouse Inalámbrico,Accesorios,Valentina Rojas,1,176000,5,176000,8800,167200,85000,85000,82200,49.16,Procesando,Tarjeta débito,4,5,No,No
ORD-03544,2026-04-01,2026,2026-04,Q2,Caribe,Montería,Tienda física,PyME,Mouse Inalámbrico,Accesorios,Sofía Herrera,6,180000,8,1080000,86400,993600,82000,492000,501600,50.48,Cancelado,Tarjeta débito,,,No,Sí
ORD-03545,2026-04-01,2026,2026-04,Q2,Caribe,Montería,Web,Corporativo,Monitor 27,Tecnología,Valentina Rojas,2,1225000,3,2450000,73500,2376500,857000,1714000,662500,27.88,Procesando,Tarjeta crédito,5,3,No,No
ORD-03546,2026-06-26,2026,2026-06,Q2,Andina,Pereira,Web,PyME,Monitor 24,Tecnología,Diego Martínez,4,810000,5,3240000,162000,3078000,493000,1972000,1106000,35.93,Entregado,PSE,4,4,No,No
ORD-03547,2026-04-14,2026,2026-04,Q2,Andina,Manizales,Web,Emprendedor,Laptop Pro 14,Tecnología,Diego Martínez,2,4704000,5,9408000,470400,8937600,3513000,7026000,1911600,21.39,En tránsito,Transferencia,5,4,No,Sí
ORD-03548,2024-06-28,2024,2024-06,Q2,Andina,Pereira,Web,Emprendedor,Audífonos Bluetooth,Audio,Sofía Herrera,4,405000,0,1620000,0,1620000,211000,844000,776000,47.9,En tránsito,Tarjeta débito,5,6,No,Sí
ORD-03549,2025-10-11,2025,2025-10,Q4,Pacífica,Pasto,Marketplace,Consumidor,Audífonos Bluetooth,Audio,Diego Martínez,2,374000,0,748000,0,748000,206000,412000,336000,44.92,En tránsito,Efectivo,4,2,No,No
ORD-03550,2025-08-11,2025,2025-08,Q3,Caribe,Barranquilla,Tienda física,PyME,Audífonos Bluetooth,Audio,Carlos Ruiz,2,390000,5,780000,39000,741000,209000,418000,323000,43.59,Entregado,Tarjeta crédito,4,3,No,No
ORD-03551,2025-09-03,2025,2025-09,Q3,Andina,Bucaramanga,Web,Corporativo,Mouse Inalámbrico,Accesorios,Sofía Herrera,6,176000,8,1056000,84480,971520,84000,504000,467520,48.12,Entregado,Efectivo,4,6,No,Sí
ORD-03552,2024-03-09,2024,2024-03,Q1,Amazonía,Leticia,Tienda física,Consumidor,Headset Pro,Audio,Andrés Moreno,6,520000,8,3120000,249600,2870400,284000,1704000,1166400,40.64,Procesando,PSE,5,3,No,No
ORD-03553,2024-01-21,2024,2024-01,Q1,Andina,Bucaramanga,Tienda física,Consumidor,Dock USB-C,Accesorios,Carlos Ruiz,1,410000,15,410000,61500,348500,228000,228000,120500,34.58,Cancelado,PSE,,,No,No
ORD-03554,2024-08-21,2024,2024-08,Q3,Andina,Manizales,Web,Corporativo,Silla Ergonómica,Mobiliario,Carlos Ruiz,4,1421000,0,5684000,0,5684000,918000,3672000,2012000,35.4,Cancelado,Tarjeta crédito,,,No,No
ORD-03555,2025-05-13,2025,2025-05,Q2,Andina,Bucaramanga,Tienda física,Emprendedor,Webcam HD,Accesorios,Juan Castro,3,286000,3,858000,25740,832260,144000,432000,400260,48.09,Entregado,PSE,3,5,No,No
ORD-03556,2024-07-12,2024,2024-07,Q3,Caribe,Cartagena,Tienda física,Emprendedor,Dock USB-C,Accesorios,Diego Martínez,8,410000,5,3280000,164000,3116000,240000,1920000,1196000,38.38,En tránsito,Efectivo,5,4,No,No
ORD-03557,2024-03-11,2024,2024-03,Q1,Andina,Pereira,Tienda física,Consumidor,Teclado Mecánico,Accesorios,Laura Gómez,5,320000,10,1600000,160000,1440000,185000,925000,515000,35.76,Cancelado,Transferencia,,,No,No
ORD-03558,2026-03-17,2026,2026-03,Q1,Andina,Manizales,Web,PyME,Teclado Mecánico,Accesorios,Juan Castro,1,314000,0,314000,0,314000,168000,168000,146000,46.5,Cancelado,Tarjeta crédito,,,No,No
ORD-03559,2025-09-21,2025,2025-09,Q3,Andina,Bogotá,Tienda física,Consumidor,Silla Ergonómica,Mobiliario,Andrés Moreno,1,1450000,0,1450000,0,1450000,939000,939000,511000,35.24,En tránsito,Tarjeta débito,4,1,No,Sí
ORD-03560,2026-03-11,2026,2026-03,Q1,Caribe,Montería,Ventas corporativas,Corporativo,Escritorio Ajustable,Mobiliario,Ana Torres,5,1953000,0,9765000,0,9765000,1455000,7275000,2490000,25.5,Entregado,Tarjeta débito,2,2,No,No
ORD-03561,2026-04-24,2026,2026-04,Q2,Caribe,Santa Marta,Tienda física,Consumidor,Teclado Mecánico,Accesorios,Sofía Herrera,1,320000,10,320000,32000,288000,181000,181000,107000,37.15,Entregado,PSE,5,4,No,Sí
ORD-03562,2025-11-24,2025,2025-11,Q4,Caribe,Valledupar,Tienda física,Corporativo,Escritorio Ajustable,Mobiliario,Laura Gómez,1,2352000,0,2352000,0,2352000,1417000,1417000,935000,39.75,Entregado,PSE,5,2,No,Sí
ORD-03563,2025-11-01,2025,2025-11,Q4,Pacífica,Cali,Web,PyME,Dock USB-C,Accesorios,Juan Castro,4,450000,8,1800000,144000,1656000,246000,984000,672000,40.58,Cancelado,Transferencia,,,No,No
ORD-03564,2024-02-20,2024,2024-02,Q1,Amazonía,Leticia,Web,Emprendedor,Audífonos Bluetooth,Audio,Ana Torres,1,382000,10,382000,38200,343800,206000,206000,137800,40.08,Entregado,Tarjeta débito,5,3,No,Sí
ORD-03565,2024-09-22,2024,2024-09,Q3,Andina,Manizales,Ventas corporativas,Emprendedor,Escritorio Ajustable,Mobiliario,Sofía Herrera,16,1953000,3,31248000,937440,30310560,1445000,23120000,7190560,23.72,Entregado,Transferencia,5,4,No,No
ORD-03566,2025-09-02,2025,2025-09,Q3,Andina,Manizales,Web,Emprendedor,Webcam HD,Accesorios,Juan Castro,2,265000,0,530000,0,530000,147000,294000,236000,44.53,Procesando,Transferencia,5,6,No,Sí
ORD-03567,2024-07-11,2024,2024-07,Q3,Caribe,Montería,Web,Consumidor,Dock USB-C,Accesorios,Andrés Moreno,2,402000,0,804000,0,804000,243000,486000,318000,39.55,Entregado,PSE,5,4,No,No
ORD-03568,2025-10-18,2025,2025-10,Q4,Pacífica,Pasto,Web,Corporativo,Monitor 27,Tecnología,Andrés Moreno,1,1225000,5,1225000,61250,1163750,855000,855000,308750,26.53,Entregado,PSE,5,7,No,No
ORD-03569,2025-06-23,2025,2025-06,Q2,Pacífica,Buenaventura,Tienda física,PyME,Escritorio Ajustable,Mobiliario,Juan Castro,2,2226000,0,4452000,0,4452000,1462000,2924000,1528000,34.32,Entregado,Tarjeta débito,5,4,No,No
ORD-03570,2024-12-13,2024,2024-12,Q4,Andina,Bogotá,Web,PyME,Mouse Inalámbrico,Accesorios,Valentina Rojas,1,198000,20,198000,39600,158400,88000,88000,70400,44.44,En tránsito,Efectivo,5,7,No,No
ORD-03571,2025-10-17,2025,2025-10,Q4,Caribe,Cartagena,Web,Consumidor,Audífonos Bluetooth,Audio,Laura Gómez,1,382000,5,382000,19100,362900,213000,213000,149900,41.31,En tránsito,Tarjeta débito,5,5,No,No
ORD-03572,2024-06-15,2024,2024-06,Q2,Andina,Bogotá,Web,Corporativo,Audífonos Bluetooth,Audio,Ana Torres,3,405000,20,1215000,243000,972000,199000,597000,375000,38.58,Entregado,Tarjeta débito,4,4,No,Sí
ORD-03573,2024-12-29,2024,2024-12,Q4,Orinoquía,Villavicencio,Ventas corporativas,PyME,Teclado Mecánico,Accesorios,Diego Martínez,18,333000,10,5994000,599400,5394600,179000,3222000,2172600,40.27,En tránsito,Transferencia,5,3,No,Sí
ORD-03574,2025-10-23,2025,2025-10,Q4,Andina,Bucaramanga,Marketplace,PyME,Laptop Air 13,Tecnología,Carlos Ruiz,2,3360000,5,6720000,336000,6384000,2611000,5222000,1162000,18.2,Procesando,Tarjeta crédito,4,2,No,No
ORD-03575,2026-02-18,2026,2026-02,Q1,Caribe,Cartagena,Tienda física,Corporativo,Monitor 27,Tecnología,Juan Castro,1,1250000,0,1250000,0,1250000,802000,802000,448000,35.84,Cancelado,PSE,,,No,No
ORD-03576,2025-02-28,2025,2025-02,Q1,Caribe,Barranquilla,Web,Corporativo,Monitor 24,Tecnología,Ana Torres,2,764000,10,1528000,152800,1375200,526000,1052000,323200,23.5,Entregado,Tarjeta débito,5,4,Sí,No
ORD-03577,2024-04-12,2024,2024-04,Q2,Andina,Bucaramanga,Web,PyME,Mouse Inalámbrico,Accesorios,Valentina Rojas,10,176000,15,1760000,264000,1496000,88000,880000,616000,41.18,En tránsito,Tarjeta crédito,5,5,No,No
ORD-03578,2026-06-18,2026,2026-06,Q2,Andina,Manizales,Web,Emprendedor,Teclado Mecánico,Accesorios,Juan Castro,3,332000,3,996000,29880,966120,179000,537000,429120,44.42,Procesando,Tarjeta crédito,4,1,No,No
ORD-03579,2025-07-28,2025,2025-07,Q3,Caribe,Valledupar,Tienda física,PyME,Dock USB-C,Accesorios,Sofía Herrera,3,410000,0,1230000,0,1230000,238000,714000,516000,41.95,Entregado,Efectivo,5,3,No,No
ORD-03580,2026-07-22,2026,2026-07,Q3,Pacífica,Pasto,Web,PyME,Dock USB-C,Accesorios,Ana Torres,1,402000,8,402000,32160,369840,240000,240000,129840,35.11,Cancelado,PSE,,,No,Sí
ORD-03581,2024-12-10,2024,2024-12,Q4,Andina,Bucaramanga,Marketplace,Corporativo,Silla Ergonómica,Mobiliario,Valentina Rojas,6,1559000,15,9354000,1403100,7950900,978000,5868000,2082900,26.2,Entregado,Transferencia,4,4,No,No
ORD-03582,2025-05-28,2025,2025-05,Q2,Caribe,Valledupar,Marketplace,PyME,Mouse Inalámbrico,Accesorios,Valentina Rojas,5,183000,3,915000,27450,887550,82000,410000,477550,53.81,En tránsito,PSE,3,3,No,No
ORD-03583,2026-02-11,2026,2026-02,Q1,Andina,Pereira,Marketplace,Corporativo,Teclado Mecánico,Accesorios,Andrés Moreno,1,307000,8,307000,24560,282440,175000,175000,107440,38.04,Entregado,Tarjeta crédito,4,3,No,No
ORD-03584,2026-08-12,2026,2026-08,Q3,Andina,Bogotá,Marketplace,Emprendedor,Headset Pro,Audio,Juan Castro,2,499000,8,998000,79840,918160,275000,550000,368160,40.1,Cancelado,Efectivo,,,No,No
ORD-03585,2025-04-07,2025,2025-04,Q2,Caribe,Santa Marta,Web,Corporativo,Silla Ergonómica,Mobiliario,Carlos Ruiz,1,1421000,0,1421000,0,1421000,902000,902000,519000,36.52,Procesando,Tarjeta débito,4,5,No,No
ORD-03586,2026-06-09,2026,2026-06,Q2,Amazonía,Mocoa,Web,PyME,Dock USB-C,Accesorios,Carlos Ruiz,1,426000,20,426000,85200,340800,226000,226000,114800,33.69,Procesando,PSE,5,5,No,Sí
ORD-03587,2026-09-14,2026,2026-09,Q3,Andina,Bogotá,Web,Corporativo,Teclado Mecánico,Accesorios,Sofía Herrera,4,314000,5,1256000,62800,1193200,168000,672000,521200,43.68,Entregado,Tarjeta débito,5,5,No,No
ORD-03588,2025-12-05,2025,2025-12,Q4,Andina,Medellín,Web,Emprendedor,Dock USB-C,Accesorios,Ana Torres,6,450000,0,2700000,0,2700000,235000,1410000,1290000,47.78,En tránsito,PSE,3,3,No,No
ORD-03589,2025-09-06,2025,2025-09,Q3,Orinoquía,Yopal,Marketplace,Emprendedor,Laptop Pro 14,Tecnología,Ana Torres,1,4608000,0,4608000,0,4608000,3747000,3747000,861000,18.68,En tránsito,PSE,4,1,No,No
ORD-03590,2026-08-09,2026,2026-08,Q3,Caribe,Montería,Marketplace,Emprendedor,Silla Ergonómica,Mobiliario,Carlos Ruiz,4,1392000,0,5568000,0,5568000,967000,3868000,1700000,30.53,En tránsito,Tarjeta débito,4,4,No,Sí
ORD-03591,2026-03-13,2026,2026-03,Q1,Amazonía,Florencia,Web,PyME,Dock USB-C,Accesorios,Andrés Moreno,1,402000,0,402000,0,402000,244000,244000,158000,39.3,Entregado,Efectivo,4,6,No,No
ORD-03592,2025-09-13,2025,2025-09,Q3,Caribe,Cartagena,Ventas corporativas,Consumidor,Mouse Inalámbrico,Accesorios,Diego Martínez,7,167000,8,1169000,93520,1075480,82000,574000,501480,46.63,Entregado,Tarjeta débito,4,2,No,No
ORD-03593,2025-04-30,2025,2025-04,Q2,Andina,Manizales,Web,Corporativo,Laptop Pro 14,Tecnología,Andrés Moreno,3,4704000,5,14112000,705600,13406400,3578000,10734000,2672400,19.93,Entregado,Tarjeta crédito,3,5,No,No
ORD-03594,2024-02-06,2024,2024-02,Q1,Pacífica,Pasto,Web,Consumidor,Monitor 24,Tecnología,Carlos Ruiz,1,764000,0,764000,0,764000,534000,534000,230000,30.1,Entregado,Tarjeta débito,5,5,No,No
ORD-03595,2024-08-29,2024,2024-08,Q3,Andina,Bogotá,Web,Emprendedor,Mouse Inalámbrico,Accesorios,Ana Torres,2,176000,3,352000,10560,341440,84000,168000,173440,50.8,Procesando,Tarjeta débito,5,3,No,No
ORD-03596,2025-03-18,2025,2025-03,Q1,Andina,Bucaramanga,Ventas corporativas,Consumidor,Teclado Mecánico,Accesorios,Carlos Ruiz,16,298000,0,4768000,0,4768000,172000,2752000,2016000,42.28,Cancelado,Tarjeta débito,,,No,Sí
ORD-03597,2026-04-20,2026,2026-04,Q2,Andina,Bucaramanga,Ventas corporativas,Consumidor,Monitor 24,Tecnología,Juan Castro,14,725000,5,10150000,507500,9642500,500000,7000000,2642500,27.4,Entregado,Tarjeta débito,5,3,No,Sí
ORD-03598,2026-02-11,2026,2026-02,Q1,Caribe,Cartagena,Ventas corporativas,Consumidor,Monitor 27,Tecnología,Diego Martínez,9,1162000,5,10458000,522900,9935100,814000,7326000,2609100,26.26,Entregado,PSE,5,4,No,No
ORD-03599,2025-02-20,2025,2025-02,Q1,Andina,Manizales,Web,PyME,Webcam HD,Accesorios,Valentina Rojas,1,265000,8,265000,21200,243800,144000,144000,99800,40.94,Entregado,PSE,4,6,No,Sí
ORD-03600,2024-07-19,2024,2024-07,Q3,Orinoquía,Arauca,Web,PyME,Headset Pro,Audio,Andrés Moreno,1,510000,0,510000,0,510000,281000,281000,229000,44.9,En tránsito,PSE,4,4,No,Sí
ORD-03601,2025-02-13,2025,2025-02,Q1,Andina,Manizales,Web,Emprendedor,Headset Pro,Audio,Diego Martínez,1,510000,3,510000,15300,494700,277000,277000,217700,44.01,Entregado,Transferencia,5,7,No,No
ORD-03602,2024-06-20,2024,2024-06,Q2,Caribe,Cartagena,Web,Corporativo,Audífonos Bluetooth,Audio,Sofía Herrera,6,405000,5,2430000,121500,2308500,216000,1296000,1012500,43.86,Cancelado,Tarjeta débito,,,No,No
ORD-03603,2025-03-04,2025,2025-03,Q1,Caribe,Montería,Ventas corporativas,Emprendedor,Escritorio Ajustable,Mobiliario,Laura Gómez,8,1953000,5,15624000,781200,14842800,1453000,11624000,3218800,21.69,Entregado,Tarjeta crédito,4,6,No,No
ORD-03604,2024-07-30,2024,2024-07,Q3,Andina,Manizales,Marketplace,Corporativo,Escritorio Ajustable,Mobiliario,Andrés Moreno,4,2016000,15,8064000,1209600,6854400,1441000,5764000,1090400,15.91,Entregado,Tarjeta crédito,5,6,No,No
ORD-03605,2025-01-29,2025,2025-01,Q1,Andina,Pereira,Tienda física,Consumidor,Teclado Mecánico,Accesorios,Valentina Rojas,5,320000,5,1600000,80000,1520000,173000,865000,655000,43.09,En tránsito,Tarjeta crédito,4,3,No,No
ORD-03606,2025-07-11,2025,2025-07,Q3,Andina,Bucaramanga,Web,Corporativo,Audífonos Bluetooth,Audio,Carlos Ruiz,1,382000,5,382000,19100,362900,215000,215000,147900,40.76,Entregado,Tarjeta crédito,4,4,No,No
ORD-03607,2025-01-24,2025,2025-01,Q1,Andina,Bucaramanga,Web,PyME,Escritorio Ajustable,Mobiliario,Juan Castro,6,2058000,0,12348000,0,12348000,1411000,8466000,3882000,31.44,En tránsito,Tarjeta crédito,4,6,No,No
ORD-03608,2024-01-16,2024,2024-01,Q1,Andina,Medellín,Marketplace,PyME,Teclado Mecánico,Accesorios,Ana Torres,8,307000,10,2456000,245600,2210400,182000,1456000,754400,34.13,Cancelado,Tarjeta crédito,,,No,Sí
ORD-03609,2024-08-05,2024,2024-08,Q3,Andina,Medellín,Ventas corporativas,Consumidor,Monitor 24,Tecnología,Carlos Ruiz,9,725000,8,6525000,522000,6003000,532000,4788000,1215000,20.24,Cancelado,Tarjeta débito,,,No,No
ORD-03610,2024-06-06,2024,2024-06,Q2,Amazonía,Leticia,Web,Emprendedor,Webcam HD,Accesorios,Diego Martínez,1,280000,10,280000,28000,252000,143000,143000,109000,43.25,Cancelado,Tarjeta débito,,,No,No
ORD-03611,2025-09-24,2025,2025-09,Q3,Pacífica,Cali,Marketplace,PyME,Laptop Air 13,Tecnología,Andrés Moreno,8,3360000,8,26880000,2150400,24729600,2754000,22032000,2697600,10.91,Procesando,Efectivo,4,3,No,Sí
ORD-03612,2025-07-18,2025,2025-07,Q3,Amazonía,Florencia,Ventas corporativas,PyME,Webcam HD,Accesorios,Ana Torres,9,251000,5,2259000,112950,2146050,148000,1332000,814050,37.93,Cancelado,Efectivo,,,No,No
ORD-03613,2026-04-09,2026,2026-04,Q2,Orinoquía,Yopal,Web,Consumidor,Mouse Inalámbrico,Accesorios,Ana Torres,1,176000,3,176000,5280,170720,86000,86000,84720,49.63,Entregado,Tarjeta crédito,4,1,No,No
ORD-03614,2024-03-07,2024,2024-03,Q1,Andina,Pereira,Web,Corporativo,Headset Pro,Audio,Laura Gómez,3,510000,8,1530000,122400,1407600,290000,870000,537600,38.19,Cancelado,Tarjeta débito,,,No,No
ORD-03615,2025-06-10,2025,2025-06,Q2,Andina,Medellín,Marketplace,Emprendedor,Laptop Pro 14,Tecnología,Carlos Ruiz,2,4884000,3,9768000,293040,9474960,3638000,7276000,2198960,23.21,Procesando,Tarjeta crédito,3,3,No,No
ORD-03616,2025-10-10,2025,2025-10,Q4,Caribe,Montería,Ventas corporativas,Consumidor,Monitor 24,Tecnología,Sofía Herrera,7,725000,20,5075000,1015000,4060000,541000,3787000,273000,6.72,Entregado,Tarjeta débito,4,4,No,No
ORD-03617,2024-06-23,2024,2024-06,Q2,Caribe,Valledupar,Tienda física,Consumidor,Monitor 27,Tecnología,Valentina Rojas,6,1325000,20,7950000,1590000,6360000,799000,4794000,1566000,24.62,Procesando,Tarjeta crédito,4,5,No,No
ORD-03618,2025-08-29,2025,2025-08,Q3,Andina,Manizales,Web,Corporativo,Monitor 27,Tecnología,Ana Torres,1,1225000,10,1225000,122500,1102500,850000,850000,252500,22.9,Entregado,Tarjeta débito,5,4,No,No
ORD-03619,2024-07-19,2024,2024-07,Q3,Caribe,Santa Marta,Marketplace,Emprendedor,Webcam HD,Accesorios,Ana Torres,1,259000,0,259000,0,259000,146000,146000,113000,43.63,Entregado,PSE,5,2,No,No
ORD-03620,2026-03-26,2026,2026-03,Q1,Caribe,Valledupar,Web,PyME,Mouse Inalámbrico,Accesorios,Valentina Rojas,2,176000,3,352000,10560,341440,86000,172000,169440,49.63,Entregado,Transferencia,5,6,No,No
ORD-03621,2024-10-08,2024,2024-10,Q4,Pacífica,Cali,Web,Corporativo,Monitor 24,Tecnología,Juan Castro,6,764000,0,4584000,0,4584000,536000,3216000,1368000,29.84,Entregado,Tarjeta crédito,5,2,No,No
ORD-03622,2025-07-18,2025,2025-07,Q3,Andina,Bogotá,Marketplace,Consumidor,Laptop Air 13,Tecnología,Valentina Rojas,1,3360000,3,3360000,100800,3259200,2508000,2508000,751200,23.05,Entregado,Efectivo,4,1,No,Sí
ORD-03623,2025-08-29,2025,2025-08,Q3,Andina,Bucaramanga,Tienda física,PyME,Laptop Pro 14,Tecnología,Carlos Ruiz,5,4800000,8,24000000,1920000,22080000,3527000,17635000,4445000,20.13,Entregado,Transferencia,4,4,No,No
ORD-03624,2024-07-03,2024,2024-07,Q3,Caribe,Valledupar,Web,PyME,Silla Ergonómica,Mobiliario,Diego Martínez,2,1421000,10,2842000,284200,2557800,966000,1932000,625800,24.47,Entregado,PSE,5,3,No,No
ORD-03625,2026-07-08,2026,2026-07,Q3,Caribe,Barranquilla,Ventas corporativas,Emprendedor,Mouse Inalámbrico,Accesorios,Ana Torres,7,167000,5,1169000,58450,1110550,90000,630000,480550,43.27,Cancelado,Efectivo,,,No,Sí
ORD-03626,2024-04-06,2024,2024-04,Q2,Andina,Bogotá,Web,PyME,Audífonos Bluetooth,Audio,Valentina Rojas,2,382000,3,764000,22920,741080,215000,430000,311080,41.98,Entregado,Efectivo,4,4,No,No
ORD-03627,2025-10-03,2025,2025-10,Q4,Caribe,Cartagena,Tienda física,Emprendedor,Mouse Inalámbrico,Accesorios,Valentina Rojas,1,180000,8,180000,14400,165600,89000,89000,76600,46.26,Entregado,Efectivo,5,5,No,No
ORD-03628,2025-09-15,2025,2025-09,Q3,Andina,Bucaramanga,Web,Consumidor,Mouse Inalámbrico,Accesorios,Carlos Ruiz,1,176000,8,176000,14080,161920,82000,82000,79920,49.36,Entregado,Transferencia,2,7,No,Sí
ORD-03629,2025-12-20,2025,2025-12,Q4,Orinoquía,Yopal,Marketplace,Emprendedor,Headset Pro,Audio,Ana Torres,3,559000,3,1677000,50310,1626690,285000,855000,771690,47.44,Cancelado,Tarjeta crédito,,,No,No
ORD-03630,2025-06-18,2025,2025-06,Q2,Caribe,Valledupar,Marketplace,Corporativo,Teclado Mecánico,Accesorios,Ana Torres,6,326000,15,1956000,293400,1662600,177000,1062000,600600,36.12,Procesando,Tarjeta débito,4,4,No,No
ORD-03631,2024-09-17,2024,2024-09,Q3,Orinoquía,Villavicencio,Web,Corporativo,Mouse Inalámbrico,Accesorios,Diego Martínez,1,176000,15,176000,26400,149600,86000,86000,63600,42.51,En tránsito,Transferencia,3,5,No,Sí
ORD-03632,2025-12-25,2025,2025-12,Q4,Amazonía,Leticia,Web,Emprendedor,Dock USB-C,Accesorios,Diego Martínez,3,450000,3,1350000,40500,1309500,242000,726000,583500,44.56,Entregado,Tarjeta crédito,4,1,No,No
ORD-03633,2024-01-30,2024,2024-01,Q1,Andina,Bogotá,Marketplace,Consumidor,Audífonos Bluetooth,Audio,Diego Martínez,2,374000,10,748000,74800,673200,216000,432000,241200,35.83,Entregado,PSE,3,2,No,No
ORD-03634,2024-09-13,2024,2024-09,Q3,Pacífica,Cali,Tienda física,Consumidor,Teclado Mecánico,Accesorios,Juan Castro,4,320000,15,1280000,192000,1088000,180000,720000,368000,33.82,Entregado,Transferencia,5,1,No,No
ORD-03635,2025-01-28,2025,2025-01,Q1,Pacífica,Pasto,Marketplace,PyME,Laptop Air 13,Tecnología,Laura Gómez,2,3360000,5,6720000,336000,6384000,2615000,5230000,1154000,18.08,Entregado,Transferencia,5,4,No,Sí
ORD-03636,2025-06-18,2025,2025-06,Q2,Pacífica,Cali,Web,Emprendedor,Audífonos Bluetooth,Audio,Ana Torres,2,405000,5,810000,40500,769500,212000,424000,345500,44.9,Procesando,Transferencia,4,5,No,Sí
ORD-03637,2026-01-08,2026,2026-01,Q1,Orinoquía,Villavicencio,Tienda física,Emprendedor,Mouse Inalámbrico,Accesorios,Laura Gómez,1,180000,0,180000,0,180000,88000,88000,92000,51.11,Entregado,Efectivo,5,1,No,No
ORD-03638,2025-05-31,2025,2025-05,Q2,Caribe,Valledupar,Ventas corporativas,Consumidor,Audífonos Bluetooth,Audio,Juan Castro,10,384000,0,3840000,0,3840000,216000,2160000,1680000,43.75,Entregado,Tarjeta débito,5,2,No,Sí
ORD-03639,2026-06-07,2026,2026-06,Q2,Andina,Bogotá,Marketplace,Consumidor,Laptop Air 13,Tecnología,Valentina Rojas,1,3562000,8,3562000,284960,3277040,2643000,2643000,634040,19.35,Entregado,PSE,1,5,Sí,No
ORD-03640,2026-05-03,2026,2026-05,Q2,Pacífica,Quibdó,Marketplace,PyME,Headset Pro,Audio,Juan Castro,1,529000,3,529000,15870,513130,299000,299000,214130,41.73,En tránsito,Transferencia,4,3,No,No
ORD-03641,2024-02-08,2024,2024-02,Q1,Pacífica,Quibdó,Tienda física,Emprendedor,Laptop Pro 14,Tecnología,Laura Gómez,3,4800000,0,14400000,0,14400000,3734000,11202000,3198000,22.21,Cancelado,PSE,,,No,No
ORD-03642,2025-02-08,2025,2025-02,Q1,Caribe,Barranquilla,Marketplace,PyME,Escritorio Ajustable,Mobiliario,Ana Torres,6,2016000,5,12096000,604800,11491200,1391000,8346000,3145200,27.37,Procesando,Transferencia,4,3,No,No
ORD-03643,2026-08-29,2026,2026-08,Q3,Andina,Manizales,Web,Corporativo,Audífonos Bluetooth,Audio,Valentina Rojas,8,382000,8,3056000,244480,2811520,207000,1656000,1155520,41.1,Entregado,Efectivo,5,7,No,No
ORD-03644,2026-08-13,2026,2026-08,Q3,Pacífica,Buenaventura,Web,Emprendedor,Audífonos Bluetooth,Audio,Carlos Ruiz,1,382000,10,382000,38200,343800,211000,211000,132800,38.63,Cancelado,PSE,,,No,Sí
ORD-03645,2024-05-21,2024,2024-05,Q2,Andina,Medellín,Marketplace,PyME,Webcam HD,Accesorios,Sofía Herrera,2,275000,5,550000,27500,522500,151000,302000,220500,42.2,En tránsito,Efectivo,4,2,No,Sí
ORD-03646,2026-01-30,2026,2026-01,Q1,Amazonía,Mocoa,Ventas corporativas,Corporativo,Audífonos Bluetooth,Audio,Laura Gómez,12,363000,5,4356000,217800,4138200,216000,2592000,1546200,37.36,Cancelado,Tarjeta crédito,,,No,Sí
ORD-03647,2025-08-10,2025,2025-08,Q3,Andina,Pereira,Tienda física,PyME,Monitor 24,Tecnología,Sofía Herrera,1,780000,15,780000,117000,663000,532000,532000,131000,19.76,Entregado,Efectivo,3,5,No,No
ORD-03648,2026-03-19,2026,2026-03,Q1,Caribe,Santa Marta,Tienda física,Corporativo,Monitor 24,Tecnología,Valentina Rojas,6,780000,0,4680000,0,4680000,523000,3138000,1542000,32.95,Entregado,Tarjeta débito,4,3,No,No
ORD-03649,2026-05-10,2026,2026-05,Q2,Caribe,Cartagena,Web,PyME,Monitor 24,Tecnología,Sofía Herrera,1,810000,15,810000,121500,688500,501000,501000,187500,27.23,Procesando,PSE,5,5,No,No
ORD-03650,2024-11-13,2024,2024-11,Q4,Andina,Pereira,Marketplace,Consumidor,Teclado Mecánico,Accesorios,Laura Gómez,1,344000,10,344000,34400,309600,183000,183000,126600,40.89,Cancelado,Efectivo,,,No,No
ORD-03651,2026-09-08,2026,2026-09,Q3,Caribe,Valledupar,Web,Emprendedor,Dock USB-C,Accesorios,Sofía Herrera,2,402000,10,804000,80400,723600,230000,460000,263600,36.43,En tránsito,Transferencia,5,7,No,No
ORD-03652,2024-03-10,2024,2024-03,Q1,Caribe,Valledupar,Web,Corporativo,Escritorio Ajustable,Mobiliario,Valentina Rojas,1,2058000,0,2058000,0,2058000,1465000,1465000,593000,28.81,Entregado,Tarjeta débito,5,4,No,Sí
ORD-03653,2026-09-29,2026,2026-09,Q3,Amazonía,Mocoa,Web,Consumidor,Escritorio Ajustable,Mobiliario,Sofía Herrera,2,2058000,5,4116000,205800,3910200,1471000,2942000,968200,24.76,Procesando,PSE,5,4,No,Sí
ORD-03654,2024-12-18,2024,2024-12,Q4,Caribe,Montería,Web,Consumidor,Headset Pro,Audio,Ana Torres,8,571000,5,4568000,228400,4339600,286000,2288000,2051600,47.28,Entregado,Tarjeta crédito,4,5,No,Sí
ORD-03655,2025-04-06,2025,2025-04,Q2,Andina,Pereira,Marketplace,Corporativo,Monitor 27,Tecnología,Laura Gómez,3,1200000,5,3600000,180000,3420000,789000,2367000,1053000,30.79,Entregado,Transferencia,3,3,No,Sí
ORD-03656,2025-11-18,2025,2025-11,Q4,Pacífica,Buenaventura,Web,Corporativo,Audífonos Bluetooth,Audio,Juan Castro,10,428000,0,4280000,0,4280000,213000,2130000,2150000,50.23,Entregado,Transferencia,5,6,No,No
ORD-03657,2025-09-18,2025,2025-09,Q3,Orinoquía,Yopal,Ventas corporativas,Corporativo,Dock USB-C,Accesorios,Laura Gómez,6,381000,3,2286000,68580,2217420,248000,1488000,729420,32.89,Entregado,Transferencia,3,2,No,No
ORD-03658,2025-05-02,2025,2025-05,Q2,Orinoquía,Yopal,Marketplace,PyME,Dock USB-C,Accesorios,Ana Torres,2,417000,8,834000,66720,767280,236000,472000,295280,38.48,Entregado,PSE,4,1,No,Sí
ORD-03659,2025-08-04,2025,2025-08,Q3,Andina,Manizales,Marketplace,Consumidor,Silla Ergonómica,Mobiliario,Diego Martínez,5,1392000,8,6960000,556800,6403200,945000,4725000,1678200,26.21,Entregado,PSE,4,4,No,Sí
ORD-03660,2025-07-17,2025,2025-07,Q3,Caribe,Valledupar,Web,Corporativo,Dock USB-C,Accesorios,Andrés Moreno,10,402000,0,4020000,0,4020000,232000,2320000,1700000,42.29,En tránsito,Transferencia,5,6,No,No
ORD-03661,2025-08-21,2025,2025-08,Q3,Caribe,Barranquilla,Web,Consumidor,Laptop Pro 14,Tecnología,Valentina Rojas,2,4704000,5,9408000,470400,8937600,3684000,7368000,1569600,17.56,Entregado,Transferencia,5,9,No,No
ORD-03662,2026-03-12,2026,2026-03,Q1,Andina,Medellín,Web,PyME,Laptop Pro 14,Tecnología,Ana Torres,4,4704000,8,18816000,1505280,17310720,3707000,14828000,2482720,14.34,En tránsito,Tarjeta débito,4,3,No,No
ORD-03663,2025-02-18,2025,2025-02,Q1,Andina,Manizales,Web,Consumidor,Mouse Inalámbrico,Accesorios,Ana Torres,4,176000,10,704000,70400,633600,88000,352000,281600,44.44,Entregado,Efectivo,3,4,No,No
ORD-03664,2026-05-11,2026,2026-05,Q2,Caribe,Barranquilla,Marketplace,Consumidor,Silla Ergonómica,Mobiliario,Laura Gómez,4,1476000,8,5904000,472320,5431680,933000,3732000,1699680,31.29,Entregado,Tarjeta crédito,4,4,No,No
ORD-03665,2026-03-30,2026,2026-03,Q1,Pacífica,Pasto,Web,Corporativo,Escritorio Ajustable,Mobiliario,Ana Torres,2,2058000,0,4116000,0,4116000,1505000,3010000,1106000,26.87,Cancelado,Tarjeta débito,,,No,No
ORD-03666,2024-03-20,2024,2024-03,Q1,Pacífica,Pasto,Ventas corporativas,Consumidor,Dock USB-C,Accesorios,Diego Martínez,6,381000,8,2286000,182880,2103120,248000,1488000,615120,29.25,Procesando,PSE,4,1,No,Sí
ORD-03667,2025-07-10,2025,2025-07,Q3,Andina,Bogotá,Web,PyME,Monitor 27,Tecnología,Laura Gómez,6,1225000,10,7350000,735000,6615000,794000,4764000,1851000,27.98,Cancelado,Tarjeta crédito,,,No,Sí
ORD-03668,2026-02-03,2026,2026-02,Q1,Andina,Pereira,Web,Corporativo,Laptop Pro 14,Tecnología,Juan Castro,4,4704000,5,18816000,940800,17875200,3565000,14260000,3615200,20.22,Cancelado,PSE,,,No,No
ORD-03669,2025-05-12,2025,2025-05,Q2,Andina,Medellín,Tienda física,Emprendedor,Monitor 27,Tecnología,Carlos Ruiz,1,1325000,8,1325000,106000,1219000,803000,803000,416000,34.13,Cancelado,Efectivo,,,No,No
ORD-03670,2025-10-11,2025,2025-10,Q4,Andina,Manizales,Marketplace,PyME,Escritorio Ajustable,Mobiliario,Sofía Herrera,10,2016000,8,20160000,1612800,18547200,1399000,13990000,4557200,24.57,Procesando,Transferencia,4,3,No,No
ORD-03671,2026-04-12,2026,2026-04,Q2,Pacífica,Buenaventura,Tienda física,PyME,Monitor 27,Tecnología,Ana Torres,4,1250000,15,5000000,750000,4250000,829000,3316000,934000,21.98,Entregado,PSE,4,4,No,No
ORD-03672,2025-02-05,2025,2025-02,Q1,Pacífica,Quibdó,Web,PyME,Teclado Mecánico,Accesorios,Sofía Herrera,3,314000,8,942000,75360,866640,169000,507000,359640,41.5,Entregado,Transferencia,5,4,No,No
ORD-03673,2026-09-24,2026,2026-09,Q3,Andina,Manizales,Ventas corporativas,Consumidor,Monitor 27,Tecnología,Sofía Herrera,12,1162000,10,13944000,1394400,12549600,814000,9768000,2781600,22.16,Procesando,PSE,5,1,No,No
ORD-03674,2026-09-08,2026,2026-09,Q3,Amazonía,Leticia,Marketplace,Corporativo,Monitor 27,Tecnología,Diego Martínez,3,1200000,10,3600000,360000,3240000,844000,2532000,708000,21.85,Entregado,Efectivo,3,2,No,No
ORD-03675,2025-08-26,2025,2025-08,Q3,Caribe,Barranquilla,Web,Corporativo,Monitor 27,Tecnología,Sofía Herrera,1,1225000,10,1225000,122500,1102500,815000,815000,287500,26.08,Entregado,Tarjeta crédito,5,4,No,No
ORD-03676,2026-05-10,2026,2026-05,Q2,Andina,Manizales,Web,Corporativo,Headset Pro,Audio,Andrés Moreno,10,540000,5,5400000,270000,5130000,274000,2740000,2390000,46.59,Procesando,PSE,5,4,No,Sí
ORD-03677,2024-02-25,2024,2024-02,Q1,Pacífica,Buenaventura,Web,Corporativo,Monitor 27,Tecnología,Sofía Herrera,4,1225000,0,4900000,0,4900000,807000,3228000,1672000,34.12,En tránsito,Efectivo,4,4,No,Sí
ORD-03678,2024-10-05,2024,2024-10,Q4,Amazonía,Leticia,Marketplace,Corporativo,Laptop Air 13,Tecnología,Sofía Herrera,5,3360000,20,16800000,3360000,13440000,2532000,12660000,780000,5.8,Entregado,Tarjeta débito,5,4,No,No
ORD-03679,2025-03-21,2025,2025-03,Q1,Amazonía,Florencia,Web,Emprendedor,Monitor 24,Tecnología,Valentina Rojas,2,764000,5,1528000,76400,1451600,498000,996000,455600,31.39,Procesando,Efectivo,4,4,No,Sí
ORD-03680,2024-10-04,2024,2024-10,Q4,Andina,Medellín,Marketplace,Corporativo,Headset Pro,Audio,Ana Torres,1,499000,5,499000,24950,474050,302000,302000,172050,36.29,Procesando,Tarjeta débito,4,1,No,Sí
ORD-03681,2025-07-10,2025,2025-07,Q3,Andina,Bogotá,Ventas corporativas,Emprendedor,Monitor 27,Tecnología,Ana Torres,14,1162000,0,16268000,0,16268000,821000,11494000,4774000,29.35,Entregado,PSE,5,2,No,Sí
ORD-03682,2025-12-30,2025,2025-12,Q4,Pacífica,Pasto,Marketplace,Corporativo,Audífonos Bluetooth,Audio,Valentina Rojas,2,419000,8,838000,67040,770960,217000,434000,336960,43.71,Entregado,Efectivo,5,1,No,No
ORD-03683,2024-08-03,2024,2024-08,Q3,Andina,Bogotá,Web,Corporativo,Monitor 27,Tecnología,Sofía Herrera,2,1225000,3,2450000,73500,2376500,837000,1674000,702500,29.56,En tránsito,PSE,5,3,No,No
ORD-03684,2025-12-26,2025,2025-12,Q4,Andina,Bogotá,Web,Corporativo,Escritorio Ajustable,Mobiliario,Valentina Rojas,5,2305000,5,11525000,576250,10948750,1412000,7060000,3888750,35.52,Cancelado,Tarjeta débito,,,No,No
ORD-03685,2025-12-12,2025,2025-12,Q4,Pacífica,Pasto,Marketplace,PyME,Laptop Pro 14,Tecnología,Andrés Moreno,2,5161000,0,10322000,0,10322000,3463000,6926000,3396000,32.9,Entregado,Tarjeta débito,5,3,No,No
ORD-03686,2025-06-12,2025,2025-06,Q2,Amazonía,Mocoa,Tienda física,Emprendedor,Laptop Pro 14,Tecnología,Andrés Moreno,2,5088000,5,10176000,508800,9667200,3670000,7340000,2327200,24.07,Cancelado,Tarjeta crédito,,,No,No
ORD-03687,2025-10-01,2025,2025-10,Q4,Pacífica,Quibdó,Tienda física,Emprendedor,Audífonos Bluetooth,Audio,Diego Martínez,4,390000,8,1560000,124800,1435200,199000,796000,639200,44.54,En tránsito,PSE,5,4,No,No
ORD-03688,2024-07-12,2024,2024-07,Q3,Caribe,Barranquilla,Web,Emprendedor,Monitor 27,Tecnología,Laura Gómez,1,1225000,0,1225000,0,1225000,864000,864000,361000,29.47,Procesando,Tarjeta crédito,4,3,No,No
ORD-03689,2024-05-23,2024,2024-05,Q2,Andina,Bogotá,Web,Corporativo,Mouse Inalámbrico,Accesorios,Laura Gómez,4,187000,0,748000,0,748000,87000,348000,400000,53.48,Procesando,PSE,5,2,No,No
ORD-03690,2024-03-13,2024,2024-03,Q1,Pacífica,Cali,Ventas corporativas,PyME,Laptop Pro 14,Tecnología,Carlos Ruiz,16,4464000,0,71424000,0,71424000,3695000,59120000,12304000,17.23,Entregado,Transferencia,5,5,No,Sí
ORD-03691,2024-02-15,2024,2024-02,Q1,Pacífica,Popayán,Web,Consumidor,Mouse Inalámbrico,Accesorios,Carlos Ruiz,2,176000,5,352000,17600,334400,88000,176000,158400,47.37,Entregado,Transferencia,4,6,No,Sí
ORD-03692,2026-04-29,2026,2026-04,Q2,Amazonía,Leticia,Marketplace,Consumidor,Monitor 27,Tecnología,Laura Gómez,6,1200000,5,7200000,360000,6840000,820000,4920000,1920000,28.07,Entregado,PSE,4,4,No,Sí
ORD-03693,2026-07-18,2026,2026-07,Q3,Andina,Bogotá,Ventas corporativas,Corporativo,Headset Pro,Audio,Sofía Herrera,8,484000,10,3872000,387200,3484800,292000,2336000,1148800,32.97,Entregado,Transferencia,4,1,No,No
ORD-03694,2026-08-18,2026,2026-08,Q3,Andina,Medellín,Tienda física,Consumidor,Audífonos Bluetooth,Audio,Andrés Moreno,1,390000,0,390000,0,390000,215000,215000,175000,44.87,Entregado,PSE,3,3,No,Sí
ORD-03695,2025-06-06,2025,2025-06,Q2,Andina,Bogotá,Marketplace,Emprendedor,Laptop Pro 14,Tecnología,Diego Martínez,1,4884000,10,4884000,488400,4395600,3476000,3476000,919600,20.92,Entregado,Transferencia,5,6,No,No
ORD-03696,2026-02-28,2026,2026-02,Q1,Orinoquía,Arauca,Web,Corporativo,Audífonos Bluetooth,Audio,Valentina Rojas,10,382000,10,3820000,382000,3438000,202000,2020000,1418000,41.24,Entregado,PSE,4,3,No,No
ORD-03697,2025-03-07,2025,2025-03,Q1,Amazonía,Florencia,Web,Corporativo,Laptop Air 13,Tecnología,Sofía Herrera,3,3430000,0,10290000,0,10290000,2727000,8181000,2109000,20.5,Procesando,Transferencia,3,7,No,No
ORD-03698,2024-09-01,2024,2024-09,Q3,Caribe,Cartagena,Tienda física,Corporativo,Teclado Mecánico,Accesorios,Diego Martínez,3,320000,3,960000,28800,931200,170000,510000,421200,45.23,Procesando,Tarjeta crédito,5,3,No,No
ORD-03699,2026-09-20,2026,2026-09,Q3,Pacífica,Pasto,Tienda física,Consumidor,Headset Pro,Audio,Diego Martínez,3,520000,5,1560000,78000,1482000,284000,852000,630000,42.51,Entregado,Efectivo,3,3,No,Sí
ORD-03700,2024-07-16,2024,2024-07,Q3,Caribe,Valledupar,Web,PyME,Teclado Mecánico,Accesorios,Juan Castro,2,314000,15,628000,94200,533800,174000,348000,185800,34.81,Entregado,PSE,5,3,No,No
ORD-03701,2025-07-16,2025,2025-07,Q3,Amazonía,Leticia,Web,Consumidor,Escritorio Ajustable,Mobiliario,Andrés Moreno,8,2058000,10,16464000,1646400,14817600,1504000,12032000,2785600,18.8,En tránsito,Tarjeta débito,2,1,No,Sí
ORD-03702,2026-06-10,2026,2026-06,Q2,Caribe,Barranquilla,Web,Consumidor,Laptop Air 13,Tecnología,Andrés Moreno,2,3636000,5,7272000,363600,6908400,2586000,5172000,1736400,25.13,Cancelado,Tarjeta crédito,,,No,Sí
ORD-03703,2025-08-14,2025,2025-08,Q3,Andina,Bogotá,Web,Emprendedor,Silla Ergonómica,Mobiliario,Laura Gómez,2,1421000,8,2842000,227360,2614640,937000,1874000,740640,28.33,Entregado,Transferencia,5,5,No,No
ORD-03704,2024-11-03,2024,2024-11,Q4,Andina,Manizales,Marketplace,PyME,Escritorio Ajustable,Mobiliario,Carlos Ruiz,1,2258000,20,2258000,451600,1806400,1418000,1418000,388400,21.5,Entregado,Tarjeta crédito,5,1,No,No
ORD-03705,2024-11-16,2024,2024-11,Q4,Caribe,Santa Marta,Web,PyME,Monitor 24,Tecnología,Sofía Herrera,5,856000,0,4280000,0,4280000,515000,2575000,1705000,39.84,Entregado,Efectivo,5,4,No,No
ORD-03706,2026-08-25,2026,2026-08,Q3,Andina,Pereira,Ventas corporativas,Corporativo,Dock USB-C,Accesorios,Valentina Rojas,11,381000,0,4191000,0,4191000,237000,2607000,1584000,37.8,Cancelado,Tarjeta débito,,,No,Sí
ORD-03707,2024-11-20,2024,2024-11,Q4,Caribe,Valledupar,Ventas corporativas,Consumidor,Dock USB-C,Accesorios,Diego Martínez,7,427000,0,2989000,0,2989000,235000,1645000,1344000,44.96,Procesando,Tarjeta crédito,5,2,No,Sí
ORD-03708,2026-03-29,2026,2026-03,Q1,Pacífica,Quibdó,Marketplace,Consumidor,Laptop Pro 14,Tecnología,Diego Martínez,4,4608000,10,18432000,1843200,16588800,3539000,14156000,2432800,14.67,Cancelado,PSE,,,No,No
ORD-03709,2025-09-23,2025,2025-09,Q3,Andina,Bogotá,Tienda física,PyME,Silla Ergonómica,Mobiliario,Ana Torres,5,1450000,3,7250000,217500,7032500,945000,4725000,2307500,32.81,Procesando,Transferencia,4,3,No,No
ORD-03710,2024-06-16,2024,2024-06,Q2,Orinoquía,Yopal,Marketplace,Consumidor,Silla Ergonómica,Mobiliario,Ana Torres,1,1476000,5,1476000,73800,1402200,970000,970000,432200,30.82,Cancelado,Efectivo,,,No,Sí
ORD-03711,2025-07-24,2025,2025-07,Q3,Andina,Manizales,Ventas corporativas,PyME,Laptop Air 13,Tecnología,Sofía Herrera,4,3255000,0,13020000,0,13020000,2555000,10220000,2800000,21.51,Entregado,PSE,5,2,No,No
ORD-03712,2024-09-24,2024,2024-09,Q3,Andina,Pereira,Tienda física,PyME,Laptop Air 13,Tecnología,Diego Martínez,3,3500000,0,10500000,0,10500000,2702000,8106000,2394000,22.8,Entregado,Tarjeta crédito,5,3,No,No
ORD-03713,2025-12-04,2025,2025-12,Q4,Caribe,Barranquilla,Marketplace,Emprendedor,Teclado Mecánico,Accesorios,Carlos Ruiz,3,344000,3,1032000,30960,1001040,168000,504000,497040,49.65,Entregado,PSE,5,5,No,No
ORD-03714,2025-07-25,2025,2025-07,Q3,Orinoquía,Villavicencio,Web,Consumidor,Escritorio Ajustable,Mobiliario,Juan Castro,4,2058000,15,8232000,1234800,6997200,1401000,5604000,1393200,19.91,Entregado,Transferencia,5,2,No,Sí
ORD-03715,2026-01-18,2026,2026-01,Q1,Orinoquía,Yopal,Tienda física,Consumidor,Dock USB-C,Accesorios,Andrés Moreno,6,410000,5,2460000,123000,2337000,242000,1452000,885000,37.87,Procesando,PSE,5,5,No,No
ORD-03716,2024-02-15,2024,2024-02,Q1,Orinoquía,Arauca,Web,Emprendedor,Escritorio Ajustable,Mobiliario,Laura Gómez,2,2058000,10,4116000,411600,3704400,1461000,2922000,782400,21.12,Procesando,Efectivo,3,8,No,No
ORD-03717,2024-08-16,2024,2024-08,Q3,Amazonía,Leticia,Web,Corporativo,Audífonos Bluetooth,Audio,Carlos Ruiz,2,382000,5,764000,38200,725800,208000,416000,309800,42.68,Procesando,Transferencia,4,5,No,No
ORD-03718,2025-08-10,2025,2025-08,Q3,Pacífica,Buenaventura,Marketplace,Corporativo,Audífonos Bluetooth,Audio,Valentina Rojas,2,374000,5,748000,37400,710600,197000,394000,316600,44.55,Procesando,PSE,5,3,No,No
ORD-03719,2026-07-15,2026,2026-07,Q3,Pacífica,Quibdó,Tienda física,Emprendedor,Audífonos Bluetooth,Audio,Laura Gómez,5,390000,5,1950000,97500,1852500,210000,1050000,802500,43.32,Entregado,Tarjeta crédito,5,1,No,No
ORD-03720,2024-11-21,2024,2024-11,Q4,Andina,Manizales,Web,Consumidor,Silla Ergonómica,Mobiliario,Carlos Ruiz,3,1592000,3,4776000,143280,4632720,937000,2811000,1821720,39.32,Entregado,Tarjeta débito,4,4,No,No
ORD-03721,2025-07-29,2025,2025-07,Q3,Caribe,Santa Marta,Web,PyME,Webcam HD,Accesorios,Andrés Moreno,1,265000,10,265000,26500,238500,152000,152000,86500,36.27,Entregado,Tarjeta débito,4,4,No,Sí
ORD-03722,2024-09-11,2024,2024-09,Q3,Andina,Bucaramanga,Marketplace,PyME,Silla Ergonómica,Mobiliario,Ana Torres,3,1392000,8,4176000,334080,3841920,967000,2901000,940920,24.49,Procesando,Tarjeta débito,4,1,No,No
ORD-03723,2026-04-16,2026,2026-04,Q2,Andina,Manizales,Tienda física,Emprendedor,Dock USB-C,Accesorios,Carlos Ruiz,1,410000,5,410000,20500,389500,238000,238000,151500,38.9,En tránsito,Efectivo,5,6,No,No
ORD-03724,2024-01-11,2024,2024-01,Q1,Andina,Medellín,Marketplace,Consumidor,Headset Pro,Audio,Sofía Herrera,1,499000,10,499000,49900,449100,280000,280000,169100,37.65,Entregado,Transferencia,3,4,No,Sí
ORD-03725,2025-07-13,2025,2025-07,Q3,Amazonía,Florencia,Marketplace,PyME,Silla Ergonómica,Mobiliario,Diego Martínez,2,1392000,0,2784000,0,2784000,934000,1868000,916000,32.9,Entregado,Transferencia,4,2,No,No
ORD-03726,2026-03-17,2026,2026-03,Q1,Amazonía,Leticia,Web,Consumidor,Escritorio Ajustable,Mobiliario,Andrés Moreno,2,2058000,0,4116000,0,4116000,1462000,2924000,1192000,28.96,Cancelado,Tarjeta débito,,,No,Sí
ORD-03727,2025-06-01,2025,2025-06,Q2,Caribe,Cartagena,Marketplace,Corporativo,Silla Ergonómica,Mobiliario,Laura Gómez,1,1476000,15,1476000,221400,1254600,916000,916000,338600,26.99,Entregado,Tarjeta crédito,5,5,No,No
ORD-03728,2025-09-26,2025,2025-09,Q3,Andina,Manizales,Tienda física,Corporativo,Laptop Air 13,Tecnología,Carlos Ruiz,1,3500000,10,3500000,350000,3150000,2682000,2682000,468000,14.86,Procesando,Efectivo,5,5,No,No
ORD-03729,2025-07-17,2025,2025-07,Q3,Orinoquía,Villavicencio,Web,PyME,Monitor 27,Tecnología,Sofía Herrera,1,1225000,20,1225000,245000,980000,835000,835000,145000,14.8,En tránsito,Transferencia,2,7,No,Sí
ORD-03730,2026-08-03,2026,2026-08,Q3,Caribe,Montería,Web,PyME,Monitor 24,Tecnología,Ana Torres,8,764000,5,6112000,305600,5806400,526000,4208000,1598400,27.53,Entregado,Tarjeta débito,5,3,No,No
ORD-03731,2026-08-14,2026,2026-08,Q3,Amazonía,Florencia,Web,PyME,Escritorio Ajustable,Mobiliario,Diego Martínez,4,2058000,10,8232000,823200,7408800,1469000,5876000,1532800,20.69,Entregado,Transferencia,4,6,No,Sí
ORD-03732,2025-06-08,2025,2025-06,Q2,Andina,Bucaramanga,Web,PyME,Silla Ergonómica,Mobiliario,Carlos Ruiz,1,1506000,5,1506000,75300,1430700,920000,920000,510700,35.7,Entregado,Transferencia,5,3,No,No
ORD-03733,2025-02-11,2025,2025-02,Q1,Andina,Bogotá,Marketplace,Corporativo,Dock USB-C,Accesorios,Carlos Ruiz,3,394000,10,1182000,118200,1063800,240000,720000,343800,32.32,Cancelado,Tarjeta débito,,,No,Sí
ORD-03734,2024-11-12,2024,2024-11,Q4,Pacífica,Buenaventura,Ventas corporativas,Consumidor,Teclado Mecánico,Accesorios,Diego Martínez,11,333000,3,3663000,109890,3553110,178000,1958000,1595110,44.89,Cancelado,PSE,,,No,No
ORD-03735,2025-08-07,2025,2025-08,Q3,Andina,Bucaramanga,Ventas corporativas,Emprendedor,Monitor 24,Tecnología,Sofía Herrera,6,725000,10,4350000,435000,3915000,504000,3024000,891000,22.76,En tránsito,Transferencia,5,6,No,No
ORD-03736,2026-03-09,2026,2026-03,Q1,Orinoquía,Villavicencio,Web,Consumidor,Webcam HD,Accesorios,Sofía Herrera,1,265000,8,265000,21200,243800,148000,148000,95800,39.29,Entregado,Transferencia,5,6,No,No
ORD-03737,2026-01-20,2026,2026-01,Q1,Caribe,Barranquilla,Marketplace,PyME,Escritorio Ajustable,Mobiliario,Ana Torres,3,2016000,5,6048000,302400,5745600,1495000,4485000,1260600,21.94,Entregado,Tarjeta débito,5,2,No,No
ORD-03738,2026-03-30,2026,2026-03,Q1,Andina,Bucaramanga,Ventas corporativas,PyME,Escritorio Ajustable,Mobiliario,Carlos Ruiz,16,1953000,5,31248000,1562400,29685600,1433000,22928000,6757600,22.76,Entregado,Tarjeta débito,5,4,No,No
ORD-03739,2026-01-31,2026,2026-01,Q1,Orinoquía,Villavicencio,Ventas corporativas,Emprendedor,Laptop Pro 14,Tecnología,Sofía Herrera,6,4464000,10,26784000,2678400,24105600,3448000,20688000,3417600,14.18,Entregado,PSE,5,3,No,Sí
ORD-03740,2025-05-20,2025,2025-05,Q2,Caribe,Montería,Web,Consumidor,Webcam HD,Accesorios,Ana Torres,3,280000,8,840000,67200,772800,139000,417000,355800,46.04,Procesando,Tarjeta débito,5,5,No,Sí
ORD-03741,2025-12-21,2025,2025-12,Q4,Andina,Bogotá,Marketplace,Emprendedor,Monitor 24,Tecnología,Andrés Moreno,2,839000,0,1678000,0,1678000,509000,1018000,660000,39.33,Entregado,Tarjeta débito,5,4,No,No
ORD-03742,2024-12-28,2024,2024-12,Q4,Pacífica,Cali,Marketplace,Corporativo,Teclado Mecánico,Accesorios,Ana Torres,10,344000,8,3440000,275200,3164800,178000,1780000,1384800,43.76,Entregado,Efectivo,4,1,No,No
ORD-03743,2025-07-05,2025,2025-07,Q3,Andina,Pereira,Web,Emprendedor,Headset Pro,Audio,Laura Gómez,1,510000,5,510000,25500,484500,297000,297000,187500,38.7,Entregado,Tarjeta débito,4,4,No,No
ORD-03744,2026-05-23,2026,2026-05,Q2,Caribe,Montería,Web,Emprendedor,Monitor 24,Tecnología,Diego Martínez,4,810000,0,3240000,0,3240000,497000,1988000,1252000,38.64,Entregado,Transferencia,5,6,No,No
ORD-03745,2024-03-21,2024,2024-03,Q1,Andina,Bucaramanga,Web,Corporativo,Laptop Air 13,Tecnología,Laura Gómez,10,3430000,15,34300000,5145000,29155000,2698000,26980000,2175000,7.46,Procesando,PSE,4,9,No,Sí
ORD-03746,2024-10-16,2024,2024-10,Q4,Pacífica,Popayán,Web,Corporativo,Dock USB-C,Accesorios,Juan Castro,1,402000,0,402000,0,402000,234000,234000,168000,41.79,Procesando,Tarjeta débito,4,4,No,Sí
ORD-03747,2024-09-09,2024,2024-09,Q3,Caribe,Santa Marta,Marketplace,Corporativo,Teclado Mecánico,Accesorios,Laura Gómez,3,307000,10,921000,92100,828900,173000,519000,309900,37.39,Entregado,Efectivo,5,1,No,No
ORD-03748,2025-09-10,2025,2025-09,Q3,Caribe,Santa Marta,Tienda física,Corporativo,Teclado Mecánico,Accesorios,Valentina Rojas,4,320000,10,1280000,128000,1152000,181000,724000,428000,37.15,Cancelado,Transferencia,,,No,Sí
ORD-03749,2026-03-21,2026,2026-03,Q1,Pacífica,Cali,Tienda física,PyME,Audífonos Bluetooth,Audio,Andrés Moreno,1,390000,0,390000,0,390000,201000,201000,189000,48.46,En tránsito,Tarjeta débito,4,5,No,Sí
ORD-03750,2024-09-13,2024,2024-09,Q3,Caribe,Cartagena,Web,PyME,Dock USB-C,Accesorios,Juan Castro,1,402000,5,402000,20100,381900,243000,243000,138900,36.37,Cancelado,Transferencia,,,No,No
ORD-03751,2026-01-15,2026,2026-01,Q1,Andina,Pereira,Tienda física,PyME,Laptop Pro 14,Tecnología,Laura Gómez,1,4800000,5,4800000,240000,4560000,3586000,3586000,974000,21.36,Entregado,Efectivo,4,5,No,No
ORD-03752,2024-12-30,2024,2024-12,Q4,Andina,Bogotá,Tienda física,Corporativo,Laptop Pro 14,Tecnología,Sofía Herrera,5,5376000,3,26880000,806400,26073600,3459000,17295000,8778600,33.67,Cancelado,Transferencia,,,No,No
ORD-03753,2024-08-04,2024,2024-08,Q3,Andina,Medellín,Ventas corporativas,PyME,Webcam HD,Accesorios,Ana Torres,18,251000,10,4518000,451800,4066200,148000,2664000,1402200,34.48,Entregado,PSE,2,4,No,No
ORD-03754,2025-08-08,2025,2025-08,Q3,Amazonía,Mocoa,Ventas corporativas,Consumidor,Silla Ergonómica,Mobiliario,Diego Martínez,16,1348000,8,21568000,1725440,19842560,962000,15392000,4450560,22.43,Entregado,Tarjeta débito,3,1,No,No
ORD-03755,2024-11-02,2024,2024-11,Q4,Andina,Bogotá,Tienda física,Consumidor,Headset Pro,Audio,Juan Castro,3,582000,0,1746000,0,1746000,287000,861000,885000,50.69,Procesando,Tarjeta débito,3,5,No,Sí
ORD-03756,2024-01-14,2024,2024-01,Q1,Caribe,Valledupar,Web,Consumidor,Escritorio Ajustable,Mobiliario,Ana Torres,3,2058000,15,6174000,926100,5247900,1370000,4110000,1137900,21.68,Entregado,Efectivo,4,5,No,No
ORD-03757,2025-01-27,2025,2025-01,Q1,Amazonía,Leticia,Tienda física,Emprendedor,Escritorio Ajustable,Mobiliario,Laura Gómez,4,2100000,20,8400000,1680000,6720000,1404000,5616000,1104000,16.43,Entregado,Tarjeta débito,3,2,No,No
ORD-03758,2026-05-02,2026,2026-05,Q2,Orinoquía,Arauca,Web,Consumidor,Webcam HD,Accesorios,Carlos Ruiz,1,280000,5,280000,14000,266000,149000,149000,117000,43.98,Cancelado,Tarjeta débito,,,No,No
ORD-03759,2025-08-12,2025,2025-08,Q3,Caribe,Santa Marta,Marketplace,Emprendedor,Silla Ergonómica,Mobiliario,Valentina Rojas,1,1392000,3,1392000,41760,1350240,905000,905000,445240,32.97,Procesando,Transferencia,5,4,No,Sí
ORD-03760,2024-11-15,2024,2024-11,Q4,Amazonía,Mocoa,Marketplace,Consumidor,Monitor 27,Tecnología,Carlos Ruiz,4,1344000,5,5376000,268800,5107200,850000,3400000,1707200,33.43,Entregado,Efectivo,5,1,No,Sí
ORD-03761,2025-11-18,2025,2025-11,Q4,Orinoquía,Yopal,Web,Emprendedor,Laptop Pro 14,Tecnología,Laura Gómez,10,5268000,8,52680000,4214400,48465600,3438000,34380000,14085600,29.06,Cancelado,Tarjeta débito,,,No,No
ORD-03762,2024-08-12,2024,2024-08,Q3,Andina,Medellín,Tienda física,Emprendedor,Mouse Inalámbrico,Accesorios,Juan Castro,1,180000,15,180000,27000,153000,83000,83000,70000,45.75,Entregado,PSE,4,1,Sí,No
ORD-03763,2026-01-08,2026,2026-01,Q1,Orinoquía,Arauca,Tienda física,Corporativo,Dock USB-C,Accesorios,Ana Torres,5,410000,0,2050000,0,2050000,241000,1205000,845000,41.22,Entregado,Tarjeta crédito,5,4,No,Sí
ORD-03764,2026-07-10,2026,2026-07,Q3,Pacífica,Quibdó,Marketplace,Emprendedor,Escritorio Ajustable,Mobiliario,Juan Castro,3,2016000,8,6048000,483840,5564160,1490000,4470000,1094160,19.66,Procesando,Efectivo,3,4,No,No
ORD-03765,2025-05-02,2025,2025-05,Q2,Andina,Manizales,Web,PyME,Headset Pro,Audio,Carlos Ruiz,2,540000,0,1080000,0,1080000,280000,560000,520000,48.15,Entregado,Efectivo,5,7,No,No
ORD-03766,2026-06-30,2026,2026-06,Q2,Andina,Bogotá,Ventas corporativas,PyME,Laptop Pro 14,Tecnología,Juan Castro,5,4732000,0,23660000,0,23660000,3705000,18525000,5135000,21.7,Entregado,Tarjeta crédito,4,4,No,No
ORD-03767,2025-09-14,2025,2025-09,Q3,Caribe,Valledupar,Tienda física,PyME,Laptop Air 13,Tecnología,Laura Gómez,2,3500000,8,7000000,560000,6440000,2582000,5164000,1276000,19.81,Entregado,Tarjeta débito,4,4,No,Sí
ORD-03768,2025-09-08,2025,2025-09,Q3,Pacífica,Quibdó,Web,Consumidor,Escritorio Ajustable,Mobiliario,Laura Gómez,10,2058000,3,20580000,617400,19962600,1402000,14020000,5942600,29.77,Procesando,Tarjeta crédito,2,5,No,No
ORD-03769,2024-11-29,2024,2024-11,Q4,Andina,Pereira,Tienda física,Consumidor,Laptop Air 13,Tecnología,Sofía Herrera,4,3920000,0,15680000,0,15680000,2749000,10996000,4684000,29.87,Entregado,Tarjeta crédito,4,4,No,No
ORD-03770,2026-05-06,2026,2026-05,Q2,Pacífica,Cali,Web,Consumidor,Webcam HD,Accesorios,Sofía Herrera,2,280000,10,560000,56000,504000,147000,294000,210000,41.67,Cancelado,Tarjeta crédito,,,No,No
ORD-03771,2024-03-02,2024,2024-03,Q1,Andina,Bogotá,Tienda física,PyME,Laptop Pro 14,Tecnología,Valentina Rojas,2,4800000,5,9600000,480000,9120000,3443000,6886000,2234000,24.5,Entregado,PSE,5,3,No,Sí
ORD-03772,2025-05-25,2025,2025-05,Q2,Andina,Bucaramanga,Marketplace,Consumidor,Mouse Inalámbrico,Accesorios,Juan Castro,4,183000,0,732000,0,732000,83000,332000,400000,54.64,Procesando,PSE,4,4,No,No
ORD-03773,2026-09-14,2026,2026-09,Q3,Andina,Manizales,Web,PyME,Silla Ergonómica,Mobiliario,Valentina Rojas,1,1421000,20,1421000,284200,1136800,941000,941000,195800,17.22,Procesando,Tarjeta débito,5,3,No,Sí
ORD-03774,2024-03-23,2024,2024-03,Q1,Caribe,Barranquilla,Marketplace,PyME,Headset Pro,Audio,Juan Castro,1,499000,8,499000,39920,459080,289000,289000,170080,37.05,En tránsito,Efectivo,5,6,No,No
ORD-03775,2024-03-27,2024,2024-03,Q1,Caribe,Valledupar,Web,Corporativo,Headset Pro,Audio,Sofía Herrera,4,510000,5,2040000,102000,1938000,276000,1104000,834000,43.03,Entregado,PSE,5,8,No,Sí
ORD-03776,2025-02-02,2025,2025-02,Q1,Caribe,Barranquilla,Web,PyME,Laptop Pro 14,Tecnología,Sofía Herrera,3,4704000,0,14112000,0,14112000,3755000,11265000,2847000,20.17,Procesando,PSE,4,3,No,No
ORD-03777,2025-07-12,2025,2025-07,Q3,Andina,Manizales,Marketplace,PyME,Escritorio Ajustable,Mobiliario,Carlos Ruiz,4,2016000,0,8064000,0,8064000,1419000,5676000,2388000,29.61,Entregado,PSE,5,4,No,Sí
ORD-03778,2026-06-18,2026,2026-06,Q2,Caribe,Barranquilla,Web,Corporativo,Mouse Inalámbrico,Accesorios,Andrés Moreno,3,187000,3,561000,16830,544170,86000,258000,286170,52.59,Entregado,Tarjeta débito,5,5,No,No
ORD-03779,2026-09-26,2026,2026-09,Q3,Orinoquía,Arauca,Tienda física,PyME,Laptop Pro 14,Tecnología,Sofía Herrera,2,4800000,10,9600000,960000,8640000,3581000,7162000,1478000,17.11,Cancelado,PSE,,,No,Sí
ORD-03780,2026-09-17,2026,2026-09,Q3,Pacífica,Cali,Tienda física,Consumidor,Mouse Inalámbrico,Accesorios,Sofía Herrera,3,180000,0,540000,0,540000,89000,267000,273000,50.56,Entregado,PSE,3,4,No,No
ORD-03781,2026-03-25,2026,2026-03,Q1,Caribe,Valledupar,Tienda física,Corporativo,Monitor 24,Tecnología,Carlos Ruiz,2,780000,8,1560000,124800,1435200,521000,1042000,393200,27.4,Cancelado,Efectivo,,,No,Sí
ORD-03782,2024-05-29,2024,2024-05,Q2,Caribe,Montería,Web,Corporativo,Dock USB-C,Accesorios,Valentina Rojas,5,426000,8,2130000,170400,1959600,231000,1155000,804600,41.06,Entregado,PSE,1,2,No,No
ORD-03783,2024-03-09,2024,2024-03,Q1,Pacífica,Buenaventura,Marketplace,Consumidor,Monitor 27,Tecnología,Laura Gómez,2,1200000,0,2400000,0,2400000,841000,1682000,718000,29.92,Entregado,Tarjeta crédito,5,4,No,No
ORD-03784,2026-09-21,2026,2026-09,Q3,Pacífica,Buenaventura,Web,PyME,Monitor 24,Tecnología,Valentina Rojas,4,764000,0,3056000,0,3056000,522000,2088000,968000,31.68,Entregado,Transferencia,4,5,Sí,No
ORD-03785,2024-01-18,2024,2024-01,Q1,Pacífica,Cali,Ventas corporativas,Corporativo,Silla Ergonómica,Mobiliario,Juan Castro,16,1348000,3,21568000,647040,20920960,903000,14448000,6472960,30.94,Entregado,Transferencia,4,3,No,Sí
ORD-03786,2026-05-10,2026,2026-05,Q2,Orinoquía,Arauca,Web,Consumidor,Webcam HD,Accesorios,Valentina Rojas,3,280000,10,840000,84000,756000,143000,429000,327000,43.25,Entregado,PSE,4,5,No,No
ORD-03787,2025-06-17,2025,2025-06,Q2,Caribe,Barranquilla,Web,Consumidor,Dock USB-C,Accesorios,Laura Gómez,3,426000,0,1278000,0,1278000,227000,681000,597000,46.71,Entregado,Transferencia,4,6,No,Sí
ORD-03788,2025-06-08,2025,2025-06,Q2,Andina,Bogotá,Marketplace,PyME,Audífonos Bluetooth,Audio,Ana Torres,6,397000,3,2382000,71460,2310540,207000,1242000,1068540,46.25,Cancelado,PSE,,,No,Sí
ORD-03789,2024-04-16,2024,2024-04,Q2,Caribe,Cartagena,Web,PyME,Audífonos Bluetooth,Audio,Sofía Herrera,1,382000,8,382000,30560,351440,206000,206000,145440,41.38,Cancelado,PSE,,,No,No
ORD-03790,2025-12-27,2025,2025-12,Q4,Andina,Bucaramanga,Ventas corporativas,Consumidor,Webcam HD,Accesorios,Laura Gómez,19,281000,10,5339000,533900,4805100,145000,2755000,2050100,42.67,Entregado,Tarjeta débito,4,5,No,Sí
ORD-03791,2025-01-10,2025,2025-01,Q1,Pacífica,Popayán,Web,Emprendedor,Audífonos Bluetooth,Audio,Ana Torres,3,382000,20,1146000,229200,916800,204000,612000,304800,33.25,Entregado,Tarjeta débito,5,6,No,No
ORD-03792,2024-02-18,2024,2024-02,Q1,Orinoquía,Villavicencio,Ventas corporativas,Consumidor,Teclado Mecánico,Accesorios,Juan Castro,11,298000,0,3278000,0,3278000,185000,2035000,1243000,37.92,Entregado,Tarjeta crédito,4,3,No,No
ORD-03793,2025-09-29,2025,2025-09,Q3,Caribe,Cartagena,Web,PyME,Laptop Air 13,Tecnología,Diego Martínez,2,3430000,15,6860000,1029000,5831000,2656000,5312000,519000,8.9,En tránsito,Tarjeta crédito,5,1,No,No
ORD-03794,2025-04-27,2025,2025-04,Q2,Caribe,Santa Marta,Web,PyME,Monitor 27,Tecnología,Carlos Ruiz,8,1225000,8,9800000,784000,9016000,797000,6376000,2640000,29.28,Entregado,Tarjeta crédito,5,2,No,No
ORD-03795,2024-04-27,2024,2024-04,Q2,Andina,Bucaramanga,Web,Consumidor,Dock USB-C,Accesorios,Valentina Rojas,5,402000,0,2010000,0,2010000,247000,1235000,775000,38.56,Entregado,PSE,5,1,No,Sí
ORD-03796,2024-07-24,2024,2024-07,Q3,Caribe,Valledupar,Web,Consumidor,Mouse Inalámbrico,Accesorios,Diego Martínez,3,176000,0,528000,0,528000,86000,258000,270000,51.14,Cancelado,Efectivo,,,No,No
ORD-03797,2026-01-25,2026,2026-01,Q1,Caribe,Cartagena,Marketplace,Corporativo,Mouse Inalámbrico,Accesorios,Andrés Moreno,1,173000,3,173000,5190,167810,86000,86000,81810,48.75,Entregado,Transferencia,5,1,No,No
ORD-03798,2024-11-18,2024,2024-11,Q4,Andina,Pereira,Ventas corporativas,Emprendedor,Mouse Inalámbrico,Accesorios,Sofía Herrera,23,187000,5,4301000,215050,4085950,84000,1932000,2153950,52.72,Entregado,PSE,3,2,No,No
ORD-03799,2024-09-22,2024,2024-09,Q3,Caribe,Valledupar,Marketplace,Consumidor,Audífonos Bluetooth,Audio,Ana Torres,6,374000,0,2244000,0,2244000,198000,1188000,1056000,47.06,Entregado,Tarjeta débito,4,4,No,Sí
ORD-03800,2025-10-20,2025,2025-10,Q4,Pacífica,Pasto,Tienda física,Consumidor,Headset Pro,Audio,Valentina Rojas,1,520000,5,520000,26000,494000,297000,297000,197000,39.88,Entregado,Efectivo,4,1,No,No
ORD-03801,2026-01-22,2026,2026-01,Q1,Andina,Bucaramanga,Marketplace,Emprendedor,Laptop Air 13,Tecnología,Andrés Moreno,1,3360000,8,3360000,268800,3091200,2617000,2617000,474200,15.34,Procesando,Tarjeta crédito,5,4,No,Sí
ORD-03802,2026-03-19,2026,2026-03,Q1,Caribe,Santa Marta,Ventas corporativas,Consumidor,Monitor 24,Tecnología,Juan Castro,11,725000,10,7975000,797500,7177500,523000,5753000,1424500,19.85,Entregado,PSE,3,4,No,Sí
ORD-03803,2026-01-27,2026,2026-01,Q1,Orinoquía,Arauca,Ventas corporativas,PyME,Monitor 27,Tecnología,Andrés Moreno,6,1162000,10,6972000,697200,6274800,823000,4938000,1336800,21.3,Entregado,Efectivo,5,1,No,Sí
ORD-03804,2026-05-23,2026,2026-05,Q2,Caribe,Cartagena,Web,PyME,Teclado Mecánico,Accesorios,Diego Martínez,2,332000,0,664000,0,664000,176000,352000,312000,46.99,Entregado,Efectivo,5,6,No,No
ORD-03805,2025-06-13,2025,2025-06,Q2,Orinoquía,Arauca,Tienda física,Corporativo,Laptop Air 13,Tecnología,Laura Gómez,4,3710000,15,14840000,2226000,12614000,2684000,10736000,1878000,14.89,Entregado,PSE,5,2,No,Sí
ORD-03806,2025-06-05,2025,2025-06,Q2,Andina,Bogotá,Web,Emprendedor,Headset Pro,Audio,Ana Torres,2,540000,5,1080000,54000,1026000,288000,576000,450000,43.86,En tránsito,Tarjeta crédito,5,7,No,No
ORD-03807,2026-08-18,2026,2026-08,Q3,Pacífica,Popayán,Marketplace,Consumidor,Monitor 27,Tecnología,Valentina Rojas,6,1200000,0,7200000,0,7200000,806000,4836000,2364000,32.83,Procesando,PSE,5,5,No,Sí
ORD-03808,2026-05-16,2026,2026-05,Q2,Pacífica,Quibdó,Tienda física,PyME,Escritorio Ajustable,Mobiliario,Sofía Herrera,1,2226000,0,2226000,0,2226000,1405000,1405000,821000,36.88,En tránsito,PSE,5,3,No,No
ORD-03809,2024-12-07,2024,2024-12,Q4,Pacífica,Cali,Marketplace,PyME,Monitor 27,Tecnología,Ana Torres,1,1344000,15,1344000,201600,1142400,867000,867000,275400,24.11,Procesando,Tarjeta crédito,5,1,No,No
ORD-03810,2026-06-16,2026,2026-06,Q2,Caribe,Barranquilla,Tienda física,PyME,Silla Ergonómica,Mobiliario,Ana Torres,3,1537000,3,4611000,138330,4472670,986000,2958000,1514670,33.87,Cancelado,Tarjeta débito,,,No,No
ORD-03811,2024-06-17,2024,2024-06,Q2,Pacífica,Pasto,Marketplace,Emprendedor,Laptop Air 13,Tecnología,Diego Martínez,2,3562000,15,7124000,1068600,6055400,2650000,5300000,755400,12.47,Entregado,Efectivo,5,3,No,Sí
ORD-03812,2024-06-17,2024,2024-06,Q2,Andina,Manizales,Web,Corporativo,Webcam HD,Accesorios,Diego Martínez,3,280000,0,840000,0,840000,139000,417000,423000,50.36,Cancelado,PSE,,,No,No
ORD-03813,2024-10-27,2024,2024-10,Q4,Caribe,Montería,Web,PyME,Monitor 27,Tecnología,Juan Castro,5,1225000,5,6125000,306250,5818750,789000,3945000,1873750,32.2,Entregado,Tarjeta débito,4,4,No,Sí
ORD-03814,2024-07-22,2024,2024-07,Q3,Caribe,Santa Marta,Tienda física,PyME,Dock USB-C,Accesorios,Carlos Ruiz,1,410000,0,410000,0,410000,237000,237000,173000,42.2,Entregado,PSE,4,4,No,No
ORD-03815,2024-07-06,2024,2024-07,Q3,Andina,Pereira,Web,Corporativo,Audífonos Bluetooth,Audio,Diego Martínez,5,382000,15,1910000,286500,1623500,212000,1060000,563500,34.71,En tránsito,Tarjeta débito,3,6,No,Sí
ORD-03816,2026-04-09,2026,2026-04,Q2,Amazonía,Mocoa,Tienda física,Consumidor,Audífonos Bluetooth,Audio,Sofía Herrera,4,390000,15,1560000,234000,1326000,214000,856000,470000,35.44,Entregado,PSE,3,2,No,Sí
ORD-03817,2026-09-17,2026,2026-09,Q3,Caribe,Cartagena,Web,Consumidor,Audífonos Bluetooth,Audio,Valentina Rojas,2,382000,0,764000,0,764000,208000,416000,348000,45.55,Entregado,Transferencia,5,7,No,No
ORD-03818,2025-06-25,2025,2025-06,Q2,Andina,Bogotá,Tienda física,Corporativo,Dock USB-C,Accesorios,Diego Martínez,2,435000,10,870000,87000,783000,246000,492000,291000,37.16,Entregado,Tarjeta crédito,4,3,No,No
ORD-03819,2025-11-07,2025,2025-11,Q4,Andina,Manizales,Ventas corporativas,PyME,Laptop Air 13,Tecnología,Ana Torres,7,3646000,5,25522000,1276100,24245900,2701000,18907000,5338900,22.02,Entregado,Tarjeta crédito,1,2,No,Sí
ORD-03820,2026-09-29,2026,2026-09,Q3,Caribe,Santa Marta,Web,Consumidor,Laptop Pro 14,Tecnología,Andrés Moreno,3,4704000,10,14112000,1411200,12700800,3410000,10230000,2470800,19.45,En tránsito,Transferencia,5,3,No,No
ORD-03821,2025-06-08,2025,2025-06,Q2,Pacífica,Cali,Tienda física,Emprendedor,Teclado Mecánico,Accesorios,Andrés Moreno,3,339000,15,1017000,152550,864450,182000,546000,318450,36.84,Entregado,Efectivo,5,5,No,Sí
ORD-03822,2024-02-15,2024,2024-02,Q1,Andina,Bucaramanga,Ventas corporativas,Consumidor,Webcam HD,Accesorios,Juan Castro,16,251000,10,4016000,401600,3614400,152000,2432000,1182400,32.71,Procesando,Tarjeta crédito,4,6,No,No
ORD-03823,2026-08-21,2026,2026-08,Q3,Andina,Pereira,Web,PyME,Monitor 27,Tecnología,Laura Gómez,1,1225000,8,1225000,98000,1127000,825000,825000,302000,26.8,Procesando,PSE,2,6,No,No
ORD-03824,2026-05-17,2026,2026-05,Q2,Andina,Medellín,Web,Emprendedor,Monitor 24,Tecnología,Sofía Herrera,3,810000,20,2430000,486000,1944000,519000,1557000,387000,19.91,En tránsito,Tarjeta crédito,5,5,No,No
ORD-03825,2025-11-01,2025,2025-11,Q4,Amazonía,Mocoa,Marketplace,Corporativo,Monitor 27,Tecnología,Diego Martínez,6,1344000,3,8064000,241920,7822080,826000,4956000,2866080,36.64,En tránsito,Transferencia,4,4,No,Sí
ORD-03826,2025-02-21,2025,2025-02,Q1,Pacífica,Popayán,Web,Consumidor,Silla Ergonómica,Mobiliario,Carlos Ruiz,2,1421000,8,2842000,227360,2614640,902000,1804000,810640,31.0,Entregado,Tarjeta crédito,3,3,No,No
ORD-03827,2026-04-04,2026,2026-04,Q2,Caribe,Valledupar,Ventas corporativas,Corporativo,Mouse Inalámbrico,Accesorios,Diego Martínez,3,167000,15,501000,75150,425850,83000,249000,176850,41.53,Procesando,PSE,4,2,No,No
ORD-03828,2024-07-27,2024,2024-07,Q3,Andina,Bogotá,Web,Emprendedor,Laptop Pro 14,Tecnología,Sofía Herrera,1,4704000,0,4704000,0,4704000,3736000,3736000,968000,20.58,Procesando,Efectivo,4,4,No,No
ORD-03829,2024-03-10,2024,2024-03,Q1,Andina,Bogotá,Web,Corporativo,Laptop Air 13,Tecnología,Valentina Rojas,1,3430000,10,3430000,343000,3087000,2664000,2664000,423000,13.7,Entregado,Tarjeta crédito,5,6,No,No
ORD-03830,2026-06-09,2026,2026-06,Q2,Pacífica,Buenaventura,Marketplace,PyME,Monitor 24,Tecnología,Andrés Moreno,1,794000,10,794000,79400,714600,498000,498000,216600,30.31,Entregado,Tarjeta crédito,4,4,No,No
ORD-03831,2024-01-26,2024,2024-01,Q1,Pacífica,Cali,Web,PyME,Escritorio Ajustable,Mobiliario,Sofía Herrera,2,2058000,10,4116000,411600,3704400,1427000,2854000,850400,22.96,Cancelado,Tarjeta débito,,,No,No
ORD-03832,2024-07-01,2024,2024-07,Q3,Pacífica,Popayán,Ventas corporativas,PyME,Laptop Pro 14,Tecnología,Valentina Rojas,4,4464000,8,17856000,1428480,16427520,3700000,14800000,1627520,9.91,Cancelado,Transferencia,,,No,No
ORD-03833,2024-05-14,2024,2024-05,Q2,Orinoquía,Villavicencio,Marketplace,PyME,Webcam HD,Accesorios,Valentina Rojas,1,275000,5,275000,13750,261250,141000,141000,120250,46.03,Entregado,Tarjeta débito,5,1,No,Sí
ORD-03834,2026-09-24,2026,2026-09,Q3,Andina,Bucaramanga,Web,Consumidor,Mouse Inalámbrico,Accesorios,Laura Gómez,2,176000,5,352000,17600,334400,89000,178000,156400,46.77,Procesando,Tarjeta débito,3,4,No,No
ORD-03835,2026-01-06,2026,2026-01,Q1,Amazonía,Florencia,Ventas corporativas,Emprendedor,Audífonos Bluetooth,Audio,Sofía Herrera,6,363000,5,2178000,108900,2069100,203000,1218000,851100,41.13,Entregado,Efectivo,4,2,No,No
ORD-03836,2024-04-21,2024,2024-04,Q2,Pacífica,Pasto,Tienda física,PyME,Webcam HD,Accesorios,Laura Gómez,1,270000,5,270000,13500,256500,140000,140000,116500,45.42,Entregado,Transferencia,5,1,No,Sí
ORD-03837,2025-07-06,2025,2025-07,Q3,Pacífica,Buenaventura,Marketplace,Emprendedor,Monitor 24,Tecnología,Andrés Moreno,1,749000,15,749000,112350,636650,490000,490000,146650,23.03,Cancelado,Efectivo,,,No,Sí
ORD-03838,2025-10-15,2025,2025-10,Q4,Caribe,Valledupar,Tienda física,PyME,Monitor 27,Tecnología,Carlos Ruiz,2,1250000,8,2500000,200000,2300000,804000,1608000,692000,30.09,Procesando,Transferencia,3,4,No,No
ORD-03839,2024-07-28,2024,2024-07,Q3,Pacífica,Pasto,Marketplace,PyME,Silla Ergonómica,Mobiliario,Sofía Herrera,4,1392000,15,5568000,835200,4732800,959000,3836000,896800,18.95,Entregado,Tarjeta débito,4,4,No,Sí
ORD-03840,2026-07-09,2026,2026-07,Q3,Pacífica,Popayán,Tienda física,Emprendedor,Laptop Pro 14,Tecnología,Ana Torres,3,4800000,15,14400000,2160000,12240000,3645000,10935000,1305000,10.66,Entregado,Tarjeta débito,5,1,No,No
ORD-03841,2024-07-15,2024,2024-07,Q3,Andina,Pereira,Web,PyME,Audífonos Bluetooth,Audio,Carlos Ruiz,4,382000,20,1528000,305600,1222400,199000,796000,426400,34.88,Procesando,Efectivo,5,3,No,No
ORD-03842,2024-05-30,2024,2024-05,Q2,Orinoquía,Villavicencio,Tienda física,Consumidor,Monitor 24,Tecnología,Carlos Ruiz,2,827000,10,1654000,165400,1488600,506000,1012000,476600,32.02,Cancelado,PSE,,,No,No
ORD-03843,2024-12-31,2024,2024-12,Q4,Pacífica,Pasto,Web,Consumidor,Webcam HD,Accesorios,Sofía Herrera,2,296000,10,592000,59200,532800,152000,304000,228800,42.94,Procesando,PSE,5,7,No,Sí
ORD-03844,2024-06-28,2024,2024-06,Q2,Caribe,Valledupar,Ventas corporativas,Consumidor,Headset Pro,Audio,Andrés Moreno,5,513000,5,2565000,128250,2436750,288000,1440000,996750,40.9,Entregado,PSE,4,2,No,No
ORD-03845,2024-05-28,2024,2024-05,Q2,Pacífica,Cali,Marketplace,Consumidor,Dock USB-C,Accesorios,Andrés Moreno,5,417000,10,2085000,208500,1876500,231000,1155000,721500,38.45,Cancelado,Tarjeta débito,,,No,No
ORD-03846,2026-02-03,2026,2026-02,Q1,Pacífica,Popayán,Ventas corporativas,PyME,Mouse Inalámbrico,Accesorios,Juan Castro,17,167000,5,2839000,141950,2697050,86000,1462000,1235050,45.79,Entregado,Tarjeta débito,5,2,No,No
ORD-03847,2025-05-25,2025,2025-05,Q2,Pacífica,Quibdó,Web,Corporativo,Laptop Pro 14,Tecnología,Sofía Herrera,2,4986000,15,9972000,1495800,8476200,3674000,7348000,1128200,13.31,Entregado,Transferencia,2,7,No,No
ORD-03848,2024-04-17,2024,2024-04,Q2,Amazonía,Leticia,Ventas corporativas,Consumidor,Webcam HD,Accesorios,Juan Castro,8,251000,0,2008000,0,2008000,149000,1192000,816000,40.64,Entregado,Tarjeta débito,5,4,No,Sí
ORD-03849,2025-11-03,2025,2025-11,Q4,Andina,Manizales,Tienda física,PyME,Mouse Inalámbrico,Accesorios,Laura Gómez,6,202000,10,1212000,121200,1090800,89000,534000,556800,51.05,En tránsito,Tarjeta crédito,3,5,No,Sí
ORD-03850,2024-11-24,2024,2024-11,Q4,Caribe,Santa Marta,Web,PyME,Audífonos Bluetooth,Audio,Laura Gómez,2,428000,3,856000,25680,830320,202000,404000,426320,51.34,Entregado,Transferencia,4,4,Sí,No
ORD-03851,2025-12-18,2025,2025-12,Q4,Andina,Manizales,Ventas corporativas,Emprendedor,Silla Ergonómica,Mobiliario,Ana Torres,19,1510000,0,28690000,0,28690000,894000,16986000,11704000,40.79,Entregado,Tarjeta débito,5,1,No,No
ORD-03852,2026-01-17,2026,2026-01,Q1,Andina,Bogotá,Web,Consumidor,Silla Ergonómica,Mobiliario,Diego Martínez,2,1421000,15,2842000,426300,2415700,937000,1874000,541700,22.42,Entregado,Tarjeta crédito,5,4,No,No
ORD-03853,2024-08-23,2024,2024-08,Q3,Caribe,Barranquilla,Marketplace,PyME,Monitor 24,Tecnología,Juan Castro,1,749000,0,749000,0,749000,537000,537000,212000,28.3,En tránsito,Tarjeta crédito,5,3,No,No
ORD-03854,2024-10-04,2024,2024-10,Q4,Caribe,Valledupar,Ventas corporativas,Corporativo,Headset Pro,Audio,Ana Torres,21,484000,0,10164000,0,10164000,291000,6111000,4053000,39.88,En tránsito,Tarjeta débito,5,1,No,No
ORD-03855,2024-05-16,2024,2024-05,Q2,Orinoquía,Yopal,Web,Emprendedor,Silla Ergonómica,Mobiliario,Valentina Rojas,3,1506000,15,4518000,677700,3840300,915000,2745000,1095300,28.52,Cancelado,Tarjeta débito,,,No,No
ORD-03856,2024-04-06,2024,2024-04,Q2,Caribe,Montería,Web,Emprendedor,Monitor 27,Tecnología,Valentina Rojas,8,1225000,10,9800000,980000,8820000,833000,6664000,2156000,24.44,Entregado,Efectivo,5,2,No,Sí
ORD-03857,2025-08-08,2025,2025-08,Q3,Pacífica,Quibdó,Tienda física,PyME,Dock USB-C,Accesorios,Sofía Herrera,2,410000,5,820000,41000,779000,240000,480000,299000,38.38,Procesando,Efectivo,5,5,No,Sí
ORD-03858,2025-07-12,2025,2025-07,Q3,Andina,Bogotá,Web,PyME,Laptop Air 13,Tecnología,Carlos Ruiz,3,3430000,5,10290000,514500,9775500,2749000,8247000,1528500,15.64,Entregado,Efectivo,4,2,No,No
ORD-03859,2025-06-22,2025,2025-06,Q2,Caribe,Santa Marta,Web,Corporativo,Silla Ergonómica,Mobiliario,Ana Torres,5,1506000,0,7530000,0,7530000,908000,4540000,2990000,39.71,Cancelado,Transferencia,,,No,No
ORD-03860,2026-05-01,2026,2026-05,Q2,Andina,Bogotá,Web,PyME,Headset Pro,Audio,Carlos Ruiz,8,540000,5,4320000,216000,4104000,301000,2408000,1696000,41.33,Cancelado,Tarjeta crédito,,,No,No
ORD-03861,2024-08-14,2024,2024-08,Q3,Andina,Manizales,Ventas corporativas,Emprendedor,Dock USB-C,Accesorios,Sofía Herrera,5,381000,5,1905000,95250,1809750,236000,1180000,629750,34.8,Entregado,Transferencia,4,1,No,Sí
ORD-03862,2024-07-12,2024,2024-07,Q3,Pacífica,Pasto,Ventas corporativas,PyME,Dock USB-C,Accesorios,Valentina Rojas,12,381000,3,4572000,137160,4434840,243000,2916000,1518840,34.25,Entregado,Efectivo,5,4,No,No
ORD-03863,2024-04-06,2024,2024-04,Q2,Caribe,Santa Marta,Marketplace,PyME,Dock USB-C,Accesorios,Laura Gómez,3,394000,5,1182000,59100,1122900,244000,732000,390900,34.81,En tránsito,Efectivo,5,3,No,No
ORD-03864,2024-03-28,2024,2024-03,Q1,Pacífica,Cali,Tienda física,Consumidor,Laptop Pro 14,Tecnología,Valentina Rojas,4,4800000,5,19200000,960000,18240000,3753000,15012000,3228000,17.7,Entregado,Tarjeta débito,4,3,No,No
ORD-03865,2024-09-13,2024,2024-09,Q3,Andina,Pereira,Marketplace,PyME,Webcam HD,Accesorios,Andrés Moreno,1,259000,15,259000,38850,220150,142000,142000,78150,35.5,Entregado,PSE,3,4,No,No
ORD-03866,2026-06-13,2026,2026-06,Q2,Andina,Bucaramanga,Ventas corporativas,Consumidor,Audífonos Bluetooth,Audio,Sofía Herrera,14,384000,15,5376000,806400,4569600,206000,2884000,1685600,36.89,En tránsito,PSE,5,6,No,No
ORD-03867,2026-04-16,2026,2026-04,Q2,Pacífica,Popayán,Tienda física,Consumidor,Laptop Air 13,Tecnología,Valentina Rojas,1,3500000,15,3500000,525000,2975000,2641000,2641000,334000,11.23,En tránsito,Tarjeta crédito,5,2,No,Sí
ORD-03868,2025-03-15,2025,2025-03,Q1,Caribe,Valledupar,Web,Emprendedor,Monitor 27,Tecnología,Diego Martínez,2,1225000,10,2450000,245000,2205000,798000,1596000,609000,27.62,Cancelado,Tarjeta crédito,,,No,No
ORD-03869,2025-06-14,2025,2025-06,Q2,Pacífica,Popayán,Web,PyME,Escritorio Ajustable,Mobiliario,Carlos Ruiz,1,2181000,5,2181000,109050,2071950,1374000,1374000,697950,33.69,Entregado,PSE,5,4,No,No
ORD-03870,2024-03-17,2024,2024-03,Q1,Andina,Manizales,Web,Consumidor,Monitor 27,Tecnología,Sofía Herrera,2,1225000,10,2450000,245000,2205000,796000,1592000,613000,27.8,Entregado,Tarjeta débito,4,5,No,No
ORD-03871,2024-07-06,2024,2024-07,Q3,Pacífica,Buenaventura,Web,PyME,Silla Ergonómica,Mobiliario,Laura Gómez,4,1421000,0,5684000,0,5684000,908000,3632000,2052000,36.1,Cancelado,PSE,,,No,Sí
ORD-03872,2024-02-17,2024,2024-02,Q1,Caribe,Barranquilla,Web,Corporativo,Silla Ergonómica,Mobiliario,Andrés Moreno,4,1421000,0,5684000,0,5684000,920000,3680000,2004000,35.26,Procesando,Efectivo,4,1,No,Sí
ORD-03873,2024-07-16,2024,2024-07,Q3,Amazonía,Florencia,Tienda física,Consumidor,Monitor 27,Tecnología,Sofía Herrera,1,1250000,8,1250000,100000,1150000,805000,805000,345000,30.0,En tránsito,Efectivo,4,4,No,Sí
ORD-03874,2026-01-24,2026,2026-01,Q1,Caribe,Valledupar,Web,Corporativo,Audífonos Bluetooth,Audio,Ana Torres,3,382000,10,1146000,114600,1031400,217000,651000,380400,36.88,Procesando,Tarjeta crédito,4,6,No,No
ORD-03875,2024-10-05,2024,2024-10,Q4,Amazonía,Mocoa,Web,Corporativo,Dock USB-C,Accesorios,Diego Martínez,4,402000,3,1608000,48240,1559760,247000,988000,571760,36.66,Entregado,PSE,5,1,Sí,Sí
ORD-03876,2026-06-19,2026,2026-06,Q2,Andina,Manizales,Ventas corporativas,Emprendedor,Mouse Inalámbrico,Accesorios,Laura Gómez,18,177000,8,3186000,254880,2931120,83000,1494000,1437120,49.03,Entregado,Tarjeta débito,5,2,No,No
ORD-03877,2024-12-10,2024,2024-12,Q4,Caribe,Barranquilla,Web,Corporativo,Headset Pro,Audio,Laura Gómez,4,571000,15,2284000,342600,1941400,278000,1112000,829400,42.72,Entregado,Tarjeta débito,5,3,No,No
ORD-03878,2025-04-08,2025,2025-04,Q2,Caribe,Valledupar,Web,Corporativo,Monitor 27,Tecnología,Diego Martínez,4,1225000,5,4900000,245000,4655000,823000,3292000,1363000,29.28,Entregado,Efectivo,4,4,No,Sí
ORD-03879,2025-03-30,2025,2025-03,Q1,Andina,Bogotá,Web,Emprendedor,Dock USB-C,Accesorios,Laura Gómez,1,402000,5,402000,20100,381900,235000,235000,146900,38.47,En tránsito,Transferencia,5,4,No,Sí
ORD-03880,2026-01-07,2026,2026-01,Q1,Andina,Pereira,Web,Corporativo,Audífonos Bluetooth,Audio,Sofía Herrera,2,382000,5,764000,38200,725800,201000,402000,323800,44.61,Entregado,Tarjeta crédito,5,7,No,No
ORD-03881,2024-07-05,2024,2024-07,Q3,Caribe,Valledupar,Web,Consumidor,Mouse Inalámbrico,Accesorios,Diego Martínez,1,176000,10,176000,17600,158400,88000,88000,70400,44.44,Entregado,PSE,3,3,No,No
ORD-03882,2024-02-04,2024,2024-02,Q1,Pacífica,Buenaventura,Web,Emprendedor,Escritorio Ajustable,Mobiliario,Diego Martínez,2,2058000,0,4116000,0,4116000,1457000,2914000,1202000,29.2,Entregado,Transferencia,5,3,No,No
ORD-03883,2026-08-05,2026,2026-08,Q3,Caribe,Barranquilla,Tienda física,PyME,Mouse Inalámbrico,Accesorios,Andrés Moreno,2,180000,0,360000,0,360000,82000,164000,196000,54.44,Entregado,Tarjeta débito,5,5,No,No
ORD-03884,2026-06-09,2026,2026-06,Q2,Andina,Bogotá,Marketplace,Emprendedor,Silla Ergonómica,Mobiliario,Valentina Rojas,1,1476000,5,1476000,73800,1402200,979000,979000,423200,30.18,Entregado,Tarjeta crédito,4,4,No,No
ORD-03885,2025-03-07,2025,2025-03,Q1,Andina,Pereira,Marketplace,Emprendedor,Silla Ergonómica,Mobiliario,Carlos Ruiz,3,1392000,5,4176000,208800,3967200,924000,2772000,1195200,30.13,Entregado,Transferencia,4,2,No,No
ORD-03886,2025-06-11,2025,2025-06,Q2,Caribe,Valledupar,Web,PyME,Dock USB-C,Accesorios,Sofía Herrera,1,426000,5,426000,21300,404700,243000,243000,161700,39.96,Procesando,Transferencia,5,3,No,Sí
ORD-03887,2024-07-04,2024,2024-07,Q3,Andina,Manizales,Marketplace,Corporativo,Silla Ergonómica,Mobiliario,Valentina Rojas,1,1392000,5,1392000,69600,1322400,976000,976000,346400,26.19,Cancelado,Tarjeta crédito,,,No,No
ORD-03888,2025-10-15,2025,2025-10,Q4,Pacífica,Pasto,Marketplace,PyME,Silla Ergonómica,Mobiliario,Andrés Moreno,3,1392000,3,4176000,125280,4050720,966000,2898000,1152720,28.46,En tránsito,PSE,4,4,No,Sí
ORD-03889,2026-09-24,2026,2026-09,Q3,Amazonía,Mocoa,Tienda física,Corporativo,Mouse Inalámbrico,Accesorios,Valentina Rojas,1,180000,5,180000,9000,171000,89000,89000,82000,47.95,Cancelado,Tarjeta débito,,,No,No
ORD-03890,2026-06-28,2026,2026-06,Q2,Pacífica,Quibdó,Web,PyME,Silla Ergonómica,Mobiliario,Juan Castro,1,1506000,5,1506000,75300,1430700,935000,935000,495700,34.65,Procesando,PSE,3,4,No,No
ORD-03891,2026-04-16,2026,2026-04,Q2,Andina,Bucaramanga,Ventas corporativas,Emprendedor,Audífonos Bluetooth,Audio,Diego Martínez,11,363000,8,3993000,319440,3673560,208000,2288000,1385560,37.72,Entregado,Tarjeta débito,4,2,No,Sí
ORD-03892,2024-04-01,2024,2024-04,Q2,Andina,Medellín,Web,PyME,Headset Pro,Audio,Ana Torres,5,510000,5,2550000,127500,2422500,300000,1500000,922500,38.08,Cancelado,Tarjeta crédito,,,No,No
ORD-03893,2026-04-06,2026,2026-04,Q2,Andina,Manizales,Web,PyME,Mouse Inalámbrico,Accesorios,Carlos Ruiz,2,176000,5,352000,17600,334400,88000,176000,158400,47.37,Entregado,Tarjeta crédito,2,7,Sí,Sí
ORD-03894,2024-07-29,2024,2024-07,Q3,Orinoquía,Arauca,Web,Corporativo,Dock USB-C,Accesorios,Valentina Rojas,5,402000,5,2010000,100500,1909500,226000,1130000,779500,40.82,Cancelado,PSE,,,No,Sí
ORD-03895,2025-10-01,2025,2025-10,Q4,Orinoquía,Arauca,Web,Consumidor,Laptop Air 13,Tecnología,Ana Torres,10,3430000,15,34300000,5145000,29155000,2677000,26770000,2385000,8.18,En tránsito,PSE,4,6,No,Sí
ORD-03896,2024-03-28,2024,2024-03,Q1,Andina,Pereira,Web,PyME,Laptop Air 13,Tecnología,Andrés Moreno,1,3430000,0,3430000,0,3430000,2581000,2581000,849000,24.75,Procesando,Tarjeta crédito,5,7,No,No
ORD-03897,2025-04-20,2025,2025-04,Q2,Orinoquía,Arauca,Ventas corporativas,Consumidor,Dock USB-C,Accesorios,Laura Gómez,8,381000,0,3048000,0,3048000,243000,1944000,1104000,36.22,Entregado,Tarjeta crédito,2,3,No,No
ORD-03898,2026-02-11,2026,2026-02,Q1,Orinoquía,Yopal,Web,PyME,Teclado Mecánico,Accesorios,Juan Castro,2,314000,3,628000,18840,609160,178000,356000,253160,41.56,En tránsito,Tarjeta crédito,4,4,No,No
ORD-03899,2026-02-16,2026,2026-02,Q1,Pacífica,Buenaventura,Ventas corporativas,PyME,Laptop Air 13,Tecnología,Andrés Moreno,14,3255000,0,45570000,0,45570000,2579000,36106000,9464000,20.77,Cancelado,Transferencia,,,No,Sí
ORD-03900,2026-05-07,2026,2026-05,Q2,Caribe,Barranquilla,Web,Emprendedor,Headset Pro,Audio,Ana Torres,4,540000,8,2160000,172800,1987200,286000,1144000,843200,42.43,Entregado,Tarjeta débito,4,2,No,No
ORD-03901,2025-04-09,2025,2025-04,Q2,Pacífica,Buenaventura,Web,Consumidor,Headset Pro,Audio,Valentina Rojas,2,510000,0,1020000,0,1020000,297000,594000,426000,41.76,Entregado,Tarjeta débito,5,3,No,No
ORD-03902,2025-01-10,2025,2025-01,Q1,Orinoquía,Arauca,Ventas corporativas,Emprendedor,Headset Pro,Audio,Juan Castro,3,484000,8,1452000,116160,1335840,293000,879000,456840,34.2,Procesando,Tarjeta débito,5,3,No,No
ORD-03903,2026-06-25,2026,2026-06,Q2,Orinoquía,Arauca,Web,Corporativo,Mouse Inalámbrico,Accesorios,Sofía Herrera,1,187000,10,187000,18700,168300,85000,85000,83300,49.49,Entregado,PSE,4,7,No,No
ORD-03904,2025-11-09,2025,2025-11,Q4,Caribe,Barranquilla,Web,Consumidor,Teclado Mecánico,Accesorios,Andrés Moreno,4,351000,0,1404000,0,1404000,170000,680000,724000,51.57,Cancelado,Tarjeta crédito,,,No,No
ORD-03905,2024-03-15,2024,2024-03,Q1,Andina,Manizales,Marketplace,Emprendedor,Laptop Pro 14,Tecnología,Juan Castro,8,4608000,0,36864000,0,36864000,3747000,29976000,6888000,18.68,Entregado,Tarjeta débito,1,3,No,Sí
ORD-03906,2026-07-08,2026,2026-07,Q3,Andina,Bucaramanga,Tienda física,Corporativo,Silla Ergonómica,Mobiliario,Valentina Rojas,1,1450000,5,1450000,72500,1377500,980000,980000,397500,28.86,Cancelado,Tarjeta débito,,,No,Sí
ORD-03907,2025-09-24,2025,2025-09,Q3,Andina,Bucaramanga,Web,Emprendedor,Teclado Mecánico,Accesorios,Ana Torres,1,314000,0,314000,0,314000,174000,174000,140000,44.59,En tránsito,Efectivo,4,6,No,Sí
ORD-03908,2026-06-07,2026,2026-06,Q2,Pacífica,Popayán,Marketplace,Corporativo,Escritorio Ajustable,Mobiliario,Andrés Moreno,2,2137000,0,4274000,0,4274000,1417000,2834000,1440000,33.69,Cancelado,Tarjeta débito,,,No,No
ORD-03909,2024-12-08,2024,2024-12,Q4,Pacífica,Buenaventura,Tienda física,Corporativo,Silla Ergonómica,Mobiliario,Laura Gómez,3,1624000,15,4872000,730800,4141200,975000,2925000,1216200,29.37,Entregado,PSE,4,4,No,No
ORD-03910,2025-12-15,2025,2025-12,Q4,Andina,Manizales,Web,Emprendedor,Dock USB-C,Accesorios,Diego Martínez,6,450000,15,2700000,405000,2295000,234000,1404000,891000,38.82,Entregado,Efectivo,4,5,No,Sí
ORD-03911,2025-12-14,2025,2025-12,Q4,Pacífica,Buenaventura,Web,Consumidor,Monitor 27,Tecnología,Laura Gómez,2,1372000,10,2744000,274400,2469600,812000,1624000,845600,34.24,Entregado,Tarjeta crédito,5,4,No,Sí
ORD-03912,2026-08-29,2026,2026-08,Q3,Andina,Manizales,Web,Consumidor,Webcam HD,Accesorios,Carlos Ruiz,4,265000,0,1060000,0,1060000,147000,588000,472000,44.53,Procesando,Efectivo,5,3,No,No
ORD-03913,2024-06-18,2024,2024-06,Q2,Andina,Pereira,Web,PyME,Webcam HD,Accesorios,Laura Gómez,1,280000,15,280000,42000,238000,149000,149000,89000,37.39,Entregado,Efectivo,4,5,No,No
ORD-03914,2026-04-01,2026,2026-04,Q2,Andina,Bucaramanga,Marketplace,Consumidor,Laptop Pro 14,Tecnología,Valentina Rojas,5,4608000,8,23040000,1843200,21196800,3427000,17135000,4061800,19.16,Procesando,Efectivo,5,5,No,Sí
ORD-03915,2025-06-23,2025,2025-06,Q2,Andina,Bucaramanga,Marketplace,Emprendedor,Silla Ergonómica,Mobiliario,Sofía Herrera,1,1476000,5,1476000,73800,1402200,972000,972000,430200,30.68,En tránsito,PSE,4,2,No,No
ORD-03916,2025-08-18,2025,2025-08,Q3,Andina,Manizales,Web,Corporativo,Mouse Inalámbrico,Accesorios,Andrés Moreno,3,176000,0,528000,0,528000,85000,255000,273000,51.7,Cancelado,PSE,,,No,No
ORD-03917,2024-05-20,2024,2024-05,Q2,Pacífica,Buenaventura,Tienda física,PyME,Laptop Air 13,Tecnología,Andrés Moreno,1,3710000,20,3710000,742000,2968000,2588000,2588000,380000,12.8,Entregado,Tarjeta crédito,3,5,No,No
ORD-03918,2024-07-04,2024,2024-07,Q3,Pacífica,Buenaventura,Web,Consumidor,Headset Pro,Audio,Valentina Rojas,6,510000,5,3060000,153000,2907000,280000,1680000,1227000,42.21,Entregado,Tarjeta débito,4,4,No,No
ORD-03919,2024-03-10,2024,2024-03,Q1,Orinoquía,Yopal,Web,Emprendedor,Headset Pro,Audio,Diego Martínez,1,510000,5,510000,25500,484500,292000,292000,192500,39.73,En tránsito,Tarjeta crédito,5,6,No,No
ORD-03920,2026-01-04,2026,2026-01,Q1,Amazonía,Florencia,Web,Consumidor,Silla Ergonómica,Mobiliario,Carlos Ruiz,1,1421000,15,1421000,213150,1207850,933000,933000,274850,22.76,Entregado,PSE,5,5,No,No
ORD-03921,2026-06-20,2026,2026-06,Q2,Caribe,Montería,Tienda física,Consumidor,Monitor 24,Tecnología,Sofía Herrera,3,827000,10,2481000,248100,2232900,528000,1584000,648900,29.06,Entregado,Tarjeta débito,5,1,No,No
ORD-03922,2025-06-20,2025,2025-06,Q2,Pacífica,Buenaventura,Tienda física,Consumidor,Dock USB-C,Accesorios,Juan Castro,2,435000,8,870000,69600,800400,236000,472000,328400,41.03,Entregado,Tarjeta crédito,3,5,No,Sí
ORD-03923,2026-08-11,2026,2026-08,Q3,Andina,Pereira,Tienda física,PyME,Headset Pro,Audio,Laura Gómez,3,520000,5,1560000,78000,1482000,295000,885000,597000,40.28,En tránsito,Tarjeta crédito,5,2,No,No
ORD-03924,2026-01-21,2026,2026-01,Q1,Caribe,Cartagena,Tienda física,Corporativo,Escritorio Ajustable,Mobiliario,Sofía Herrera,1,2100000,0,2100000,0,2100000,1390000,1390000,710000,33.81,En tránsito,Tarjeta débito,4,2,No,Sí
ORD-03925,2024-02-19,2024,2024-02,Q1,Andina,Bogotá,Web,PyME,Laptop Air 13,Tecnología,Valentina Rojas,4,3430000,5,13720000,686000,13034000,2655000,10620000,2414000,18.52,Entregado,Efectivo,4,3,No,No
ORD-03926,2026-01-22,2026,2026-01,Q1,Orinoquía,Villavicencio,Marketplace,PyME,Escritorio Ajustable,Mobiliario,Andrés Moreno,1,2016000,5,2016000,100800,1915200,1446000,1446000,469200,24.5,Entregado,Tarjeta débito,5,5,No,Sí
ORD-03927,2026-08-30,2026,2026-08,Q3,Caribe,Valledupar,Web,Emprendedor,Monitor 27,Tecnología,Laura Gómez,1,1225000,10,1225000,122500,1102500,853000,853000,249500,22.63,Entregado,PSE,4,7,No,No
ORD-03928,2024-09-14,2024,2024-09,Q3,Amazonía,Leticia,Tienda física,PyME,Laptop Air 13,Tecnología,Valentina Rojas,4,3500000,0,14000000,0,14000000,2511000,10044000,3956000,28.26,Cancelado,Tarjeta débito,,,No,No
ORD-03929,2024-03-09,2024,2024-03,Q1,Pacífica,Quibdó,Web,PyME,Audífonos Bluetooth,Audio,Juan Castro,6,382000,5,2292000,114600,2177400,197000,1182000,995400,45.72,Entregado,PSE,4,5,No,No
ORD-03930,2025-01-05,2025,2025-01,Q1,Caribe,Barranquilla,Web,Consumidor,Silla Ergonómica,Mobiliario,Andrés Moreno,10,1421000,0,14210000,0,14210000,920000,9200000,5010000,35.26,En tránsito,Tarjeta débito,1,4,No,Sí
ORD-03931,2024-04-15,2024,2024-04,Q2,Andina,Bogotá,Web,Emprendedor,Mouse Inalámbrico,Accesorios,Sofía Herrera,1,176000,15,176000,26400,149600,85000,85000,64600,43.18,En tránsito,Tarjeta débito,3,2,No,No
ORD-03932,2025-12-07,2025,2025-12,Q4,Andina,Bogotá,Ventas corporativas,PyME,Teclado Mecánico,Accesorios,Andrés Moreno,10,333000,10,3330000,333000,2997000,173000,1730000,1267000,42.28,Cancelado,Tarjeta débito,,,No,No
ORD-03933,2026-04-18,2026,2026-04,Q2,Pacífica,Quibdó,Marketplace,PyME,Teclado Mecánico,Accesorios,Ana Torres,2,307000,20,614000,122800,491200,173000,346000,145200,29.56,Procesando,Transferencia,4,2,No,No
ORD-03934,2026-09-29,2026,2026-09,Q3,Andina,Bogotá,Web,Consumidor,Monitor 27,Tecnología,Sofía Herrera,10,1225000,5,12250000,612500,11637500,823000,8230000,3407500,29.28,En tránsito,PSE,3,5,No,No
ORD-03935,2024-12-25,2024,2024-12,Q4,Orinoquía,Villavicencio,Marketplace,Consumidor,Audífonos Bluetooth,Audio,Diego Martínez,1,419000,5,419000,20950,398050,203000,203000,195050,49.0,Entregado,Tarjeta crédito,5,5,No,No
ORD-03936,2026-01-11,2026,2026-01,Q1,Andina,Medellín,Tienda física,Consumidor,Audífonos Bluetooth,Audio,Andrés Moreno,1,390000,8,390000,31200,358800,202000,202000,156800,43.7,Entregado,Tarjeta débito,5,2,No,No
ORD-03937,2025-12-05,2025,2025-12,Q4,Andina,Manizales,Ventas corporativas,Emprendedor,Monitor 27,Tecnología,Diego Martínez,20,1302000,5,26040000,1302000,24738000,866000,17320000,7418000,29.99,Cancelado,Tarjeta débito,,,No,Sí
ORD-03938,2024-12-06,2024,2024-12,Q4,Pacífica,Buenaventura,Web,PyME,Mouse Inalámbrico,Accesorios,Diego Martínez,8,198000,0,1584000,0,1584000,90000,720000,864000,54.55,Entregado,Efectivo,5,5,No,Sí
ORD-03939,2026-06-14,2026,2026-06,Q2,Andina,Manizales,Web,Corporativo,Laptop Pro 14,Tecnología,Ana Torres,6,4986000,15,29916000,4487400,25428600,3661000,21966000,3462600,13.62,Cancelado,Tarjeta débito,,,No,No
ORD-03940,2026-05-19,2026,2026-05,Q2,Pacífica,Buenaventura,Ventas corporativas,Consumidor,Audífonos Bluetooth,Audio,Ana Torres,7,384000,0,2688000,0,2688000,200000,1400000,1288000,47.92,Cancelado,Tarjeta crédito,,,No,Sí
ORD-03941,2025-11-25,2025,2025-11,Q4,Pacífica,Popayán,Web,Emprendedor,Headset Pro,Audio,Diego Martínez,2,571000,15,1142000,171300,970700,298000,596000,374700,38.6,Entregado,Efectivo,5,5,No,Sí
ORD-03942,2025-01-21,2025,2025-01,Q1,Andina,Bucaramanga,Marketplace,Emprendedor,Headset Pro,Audio,Andrés Moreno,2,499000,3,998000,29940,968060,284000,568000,400060,41.33,Procesando,Efectivo,5,4,No,No
ORD-03943,2024-11-24,2024,2024-11,Q4,Pacífica,Cali,Marketplace,Corporativo,Monitor 24,Tecnología,Juan Castro,6,839000,3,5034000,151020,4882980,506000,3036000,1846980,37.82,Entregado,Efectivo,3,2,No,No
ORD-03944,2026-06-28,2026,2026-06,Q2,Andina,Medellín,Tienda física,PyME,Laptop Air 13,Tecnología,Sofía Herrera,3,3710000,8,11130000,890400,10239600,2524000,7572000,2667600,26.05,En tránsito,Tarjeta débito,4,5,No,No
ORD-03945,2026-04-09,2026,2026-04,Q2,Andina,Bogotá,Web,Emprendedor,Laptop Air 13,Tecnología,Sofía Herrera,4,3430000,5,13720000,686000,13034000,2541000,10164000,2870000,22.02,Procesando,Efectivo,5,1,No,Sí
ORD-03946,2026-08-04,2026,2026-08,Q3,Pacífica,Pasto,Ventas corporativas,Corporativo,Laptop Pro 14,Tecnología,Sofía Herrera,8,4464000,20,35712000,7142400,28569600,3549000,28392000,177600,0.62,Entregado,Efectivo,5,4,No,No
ORD-03947,2025-04-14,2025,2025-04,Q2,Andina,Medellín,Web,Corporativo,Mouse Inalámbrico,Accesorios,Juan Castro,2,176000,3,352000,10560,341440,85000,170000,171440,50.21,Entregado,Tarjeta crédito,4,4,No,No
ORD-03948,2025-06-28,2025,2025-06,Q2,Andina,Medellín,Tienda física,Corporativo,Laptop Pro 14,Tecnología,Juan Castro,10,5088000,5,50880000,2544000,48336000,3421000,34210000,14126000,29.22,Procesando,Transferencia,4,6,No,Sí
ORD-03949,2024-10-06,2024,2024-10,Q4,Caribe,Valledupar,Web,Consumidor,Headset Pro,Audio,Diego Martínez,4,510000,3,2040000,61200,1978800,276000,1104000,874800,44.21,En tránsito,Efectivo,4,3,No,No
ORD-03950,2025-01-15,2025,2025-01,Q1,Pacífica,Quibdó,Marketplace,Emprendedor,Laptop Air 13,Tecnología,Laura Gómez,3,3360000,3,10080000,302400,9777600,2619000,7857000,1920600,19.64,Entregado,Efectivo,5,2,No,No
ORD-03951,2024-03-27,2024,2024-03,Q1,Pacífica,Cali,Web,Consumidor,Audífonos Bluetooth,Audio,Diego Martínez,3,382000,5,1146000,57300,1088700,211000,633000,455700,41.86,Entregado,Tarjeta débito,4,8,No,Sí
ORD-03952,2024-03-05,2024,2024-03,Q1,Caribe,Barranquilla,Tienda física,Consumidor,Dock USB-C,Accesorios,Carlos Ruiz,1,410000,0,410000,0,410000,238000,238000,172000,41.95,Entregado,Efectivo,5,3,No,No
ORD-03953,2025-04-23,2025,2025-04,Q2,Pacífica,Cali,Web,Consumidor,Mouse Inalámbrico,Accesorios,Sofía Herrera,3,176000,8,528000,42240,485760,84000,252000,233760,48.12,Entregado,Efectivo,4,2,No,No
ORD-03954,2024-11-22,2024,2024-11,Q4,Caribe,Barranquilla,Ventas corporativas,PyME,Laptop Air 13,Tecnología,Carlos Ruiz,11,3646000,0,40106000,0,40106000,2530000,27830000,12276000,30.61,En tránsito,Tarjeta débito,4,2,No,No
ORD-03955,2025-06-20,2025,2025-06,Q2,Pacífica,Quibdó,Tienda física,Consumidor,Escritorio Ajustable,Mobiliario,Carlos Ruiz,6,2226000,8,13356000,1068480,12287520,1367000,8202000,4085520,33.25,Entregado,Tarjeta crédito,4,2,Sí,Sí
ORD-03956,2025-10-23,2025,2025-10,Q4,Orinoquía,Villavicencio,Web,Emprendedor,Teclado Mecánico,Accesorios,Andrés Moreno,5,314000,0,1570000,0,1570000,183000,915000,655000,41.72,Entregado,Tarjeta débito,4,5,No,No
ORD-03957,2026-06-11,2026,2026-06,Q2,Andina,Bucaramanga,Tienda física,Consumidor,Laptop Pro 14,Tecnología,Andrés Moreno,1,5088000,5,5088000,254400,4833600,3565000,3565000,1268600,26.25,Entregado,Efectivo,5,5,No,Sí
ORD-03958,2024-08-06,2024,2024-08,Q3,Andina,Bogotá,Web,Consumidor,Dock USB-C,Accesorios,Andrés Moreno,4,402000,5,1608000,80400,1527600,231000,924000,603600,39.51,Entregado,Transferencia,4,6,No,No
ORD-03959,2025-11-09,2025,2025-11,Q4,Andina,Manizales,Ventas corporativas,Emprendedor,Teclado Mecánico,Accesorios,Andrés Moreno,14,333000,0,4662000,0,4662000,171000,2394000,2268000,48.65,Entregado,Tarjeta crédito,5,6,No,No
ORD-03960,2024-05-29,2024,2024-05,Q2,Caribe,Cartagena,Web,Consumidor,Mouse Inalámbrico,Accesorios,Andrés Moreno,1,187000,20,187000,37400,149600,83000,83000,66600,44.52,Entregado,Tarjeta crédito,5,5,No,No
ORD-03961,2025-04-25,2025,2025-04,Q2,Andina,Manizales,Marketplace,Corporativo,Monitor 27,Tecnología,Valentina Rojas,2,1200000,5,2400000,120000,2280000,818000,1636000,644000,28.25,Entregado,Tarjeta crédito,5,3,No,Sí
ORD-03962,2025-08-10,2025,2025-08,Q3,Caribe,Valledupar,Ventas corporativas,Corporativo,Monitor 24,Tecnología,Valentina Rojas,10,725000,5,7250000,362500,6887500,492000,4920000,1967500,28.57,En tránsito,Transferencia,5,3,No,No
ORD-03963,2025-03-26,2025,2025-03,Q1,Caribe,Santa Marta,Marketplace,Consumidor,Monitor 24,Tecnología,Diego Martínez,2,749000,5,1498000,74900,1423100,507000,1014000,409100,28.75,Entregado,Tarjeta débito,2,1,No,No
ORD-03964,2024-01-23,2024,2024-01,Q1,Andina,Pereira,Marketplace,Consumidor,Audífonos Bluetooth,Audio,Sofía Herrera,10,374000,8,3740000,299200,3440800,212000,2120000,1320800,38.39,Cancelado,Tarjeta débito,,,No,No
ORD-03965,2026-05-09,2026,2026-05,Q2,Amazonía,Leticia,Tienda física,PyME,Dock USB-C,Accesorios,Valentina Rojas,2,435000,5,870000,43500,826500,241000,482000,344500,41.68,En tránsito,PSE,3,1,No,No
ORD-03966,2025-07-11,2025,2025-07,Q3,Andina,Bucaramanga,Marketplace,Corporativo,Dock USB-C,Accesorios,Diego Martínez,3,394000,0,1182000,0,1182000,245000,735000,447000,37.82,Entregado,Transferencia,4,2,No,Sí
ORD-03967,2025-12-23,2025,2025-12,Q4,Caribe,Barranquilla,Ventas corporativas,PyME,Monitor 24,Tecnología,Laura Gómez,5,812000,15,4060000,609000,3451000,500000,2500000,951000,27.56,Entregado,Tarjeta débito,5,4,No,No
ORD-03968,2026-02-06,2026,2026-02,Q1,Amazonía,Mocoa,Marketplace,PyME,Silla Ergonómica,Mobiliario,Carlos Ruiz,6,1392000,3,8352000,250560,8101440,943000,5658000,2443440,30.16,Procesando,Tarjeta débito,5,3,No,Sí
ORD-03969,2024-12-09,2024,2024-12,Q4,Pacífica,Quibdó,Web,PyME,Audífonos Bluetooth,Audio,Ana Torres,2,428000,5,856000,42800,813200,212000,424000,389200,47.86,Procesando,Efectivo,1,2,No,No
ORD-03970,2025-09-27,2025,2025-09,Q3,Andina,Medellín,Web,Consumidor,Laptop Pro 14,Tecnología,Laura Gómez,1,4704000,0,4704000,0,4704000,3509000,3509000,1195000,25.4,En tránsito,Transferencia,5,4,No,No
ORD-03971,2025-09-08,2025,2025-09,Q3,Caribe,Barranquilla,Tienda física,Corporativo,Monitor 24,Tecnología,Diego Martínez,2,780000,0,1560000,0,1560000,540000,1080000,480000,30.77,Procesando,Efectivo,4,1,No,No
ORD-03972,2026-03-02,2026,2026-03,Q1,Caribe,Cartagena,Web,Consumidor,Laptop Air 13,Tecnología,Diego Martínez,1,3430000,0,3430000,0,3430000,2674000,2674000,756000,22.04,Entregado,Transferencia,5,7,No,Sí
ORD-03973,2026-01-06,2026,2026-01,Q1,Amazonía,Florencia,Marketplace,Emprendedor,Webcam HD,Accesorios,Juan Castro,1,259000,3,259000,7770,251230,144000,144000,107230,42.68,En tránsito,Efectivo,3,2,No,Sí
ORD-03974,2024-04-23,2024,2024-04,Q2,Caribe,Barranquilla,Marketplace,Emprendedor,Dock USB-C,Accesorios,Juan Castro,3,394000,3,1182000,35460,1146540,247000,741000,405540,35.37,Procesando,Efectivo,3,4,No,No
ORD-03975,2024-08-03,2024,2024-08,Q3,Caribe,Cartagena,Web,Consumidor,Laptop Pro 14,Tecnología,Andrés Moreno,4,4704000,20,18816000,3763200,15052800,3607000,14428000,624800,4.15,Procesando,Tarjeta débito,5,4,No,Sí
ORD-03976,2026-01-14,2026,2026-01,Q1,Pacífica,Popayán,Ventas corporativas,Consumidor,Teclado Mecánico,Accesorios,Sofía Herrera,6,298000,10,1788000,178800,1609200,170000,1020000,589200,36.61,Entregado,PSE,1,4,No,Sí
ORD-03977,2024-09-11,2024,2024-09,Q3,Caribe,Cartagena,Tienda física,Consumidor,Teclado Mecánico,Accesorios,Laura Gómez,2,320000,10,640000,64000,576000,177000,354000,222000,38.54,Procesando,Tarjeta débito,4,3,No,Sí
ORD-03978,2024-05-13,2024,2024-05,Q2,Caribe,Cartagena,Web,Emprendedor,Laptop Air 13,Tecnología,Ana Torres,1,3636000,5,3636000,181800,3454200,2514000,2514000,940200,27.22,Entregado,Tarjeta débito,5,4,Sí,No
ORD-03979,2026-07-10,2026,2026-07,Q3,Andina,Medellín,Web,PyME,Teclado Mecánico,Accesorios,Sofía Herrera,1,314000,8,314000,25120,288880,175000,175000,113880,39.42,Entregado,PSE,4,2,No,No
ORD-03980,2026-08-26,2026,2026-08,Q3,Caribe,Montería,Marketplace,PyME,Dock USB-C,Accesorios,Valentina Rojas,8,394000,8,3152000,252160,2899840,228000,1824000,1075840,37.1,En tránsito,Tarjeta débito,5,2,No,No
ORD-03981,2024-01-21,2024,2024-01,Q1,Andina,Pereira,Web,PyME,Webcam HD,Accesorios,Laura Gómez,4,265000,8,1060000,84800,975200,140000,560000,415200,42.58,Entregado,Efectivo,5,3,No,No
ORD-03982,2024-06-02,2024,2024-06,Q2,Andina,Pereira,Web,PyME,Headset Pro,Audio,Ana Torres,1,540000,5,540000,27000,513000,277000,277000,236000,46.0,En tránsito,Efectivo,5,5,No,No
ORD-03983,2024-02-13,2024,2024-02,Q1,Andina,Manizales,Marketplace,Emprendedor,Laptop Pro 14,Tecnología,Juan Castro,1,4608000,5,4608000,230400,4377600,3541000,3541000,836600,19.11,Entregado,Tarjeta crédito,5,2,No,No
ORD-03984,2026-07-27,2026,2026-07,Q3,Andina,Bucaramanga,Marketplace,Corporativo,Monitor 27,Tecnología,Ana Torres,4,1200000,5,4800000,240000,4560000,856000,3424000,1136000,24.91,Procesando,Transferencia,5,1,No,Sí
ORD-03985,2024-06-18,2024,2024-06,Q2,Orinoquía,Arauca,Web,PyME,Teclado Mecánico,Accesorios,Ana Torres,1,332000,8,332000,26560,305440,174000,174000,131440,43.03,Cancelado,Tarjeta crédito,,,No,Sí
ORD-03986,2025-05-06,2025,2025-05,Q2,Pacífica,Cali,Web,Corporativo,Laptop Pro 14,Tecnología,Andrés Moreno,5,4986000,3,24930000,747900,24182100,3457000,17285000,6897100,28.52,Entregado,PSE,5,3,No,No
ORD-03987,2026-01-29,2026,2026-01,Q1,Pacífica,Pasto,Ventas corporativas,Corporativo,Webcam HD,Accesorios,Juan Castro,21,251000,0,5271000,0,5271000,147000,3087000,2184000,41.43,En tránsito,PSE,5,3,No,Sí
ORD-03988,2025-12-31,2025,2025-12,Q4,Andina,Bogotá,Marketplace,PyME,Audífonos Bluetooth,Audio,Valentina Rojas,4,419000,8,1676000,134080,1541920,214000,856000,685920,44.48,Entregado,PSE,4,5,No,No
ORD-03989,2024-07-19,2024,2024-07,Q3,Amazonía,Leticia,Marketplace,Corporativo,Teclado Mecánico,Accesorios,Carlos Ruiz,1,307000,15,307000,46050,260950,180000,180000,80950,31.02,Cancelado,Efectivo,,,No,Sí
ORD-03990,2025-11-09,2025,2025-11,Q4,Caribe,Santa Marta,Web,Consumidor,Monitor 24,Tecnología,Sofía Herrera,5,856000,5,4280000,214000,4066000,520000,2600000,1466000,36.06,Entregado,Efectivo,4,7,No,Sí
ORD-03991,2025-08-06,2025,2025-08,Q3,Caribe,Santa Marta,Tienda física,Emprendedor,Monitor 24,Tecnología,Valentina Rojas,1,780000,0,780000,0,780000,499000,499000,281000,36.03,Procesando,PSE,5,4,No,No
ORD-03992,2026-03-05,2026,2026-03,Q1,Caribe,Barranquilla,Ventas corporativas,PyME,Monitor 27,Tecnología,Andrés Moreno,16,1162000,0,18592000,0,18592000,803000,12848000,5744000,30.9,Cancelado,Efectivo,,,No,No
ORD-03993,2024-06-05,2024,2024-06,Q2,Caribe,Santa Marta,Web,PyME,Laptop Air 13,Tecnología,Valentina Rojas,1,3636000,10,3636000,363600,3272400,2569000,2569000,703400,21.49,Entregado,Tarjeta crédito,3,1,No,No
ORD-03994,2024-02-15,2024,2024-02,Q1,Andina,Bucaramanga,Marketplace,Consumidor,Laptop Pro 14,Tecnología,Valentina Rojas,3,4608000,5,13824000,691200,13132800,3488000,10464000,2668800,20.32,Entregado,Tarjeta crédito,5,6,Sí,Sí
ORD-03995,2024-02-01,2024,2024-02,Q1,Caribe,Cartagena,Ventas corporativas,PyME,Laptop Air 13,Tecnología,Diego Martínez,6,3255000,3,19530000,585900,18944100,2654000,15924000,3020100,15.94,Procesando,Efectivo,4,4,No,No
ORD-03996,2026-06-03,2026,2026-06,Q2,Orinoquía,Villavicencio,Tienda física,Consumidor,Laptop Air 13,Tecnología,Ana Torres,2,3710000,10,7420000,742000,6678000,2739000,5478000,1200000,17.97,Procesando,PSE,4,5,No,No
ORD-03997,2026-07-08,2026,2026-07,Q3,Orinoquía,Arauca,Web,PyME,Laptop Pro 14,Tecnología,Ana Torres,2,4704000,0,9408000,0,9408000,3706000,7412000,1996000,21.22,Entregado,Efectivo,3,4,No,No
ORD-03998,2026-02-03,2026,2026-02,Q1,Andina,Pereira,Tienda física,PyME,Escritorio Ajustable,Mobiliario,Ana Torres,10,2100000,5,21000000,1050000,19950000,1463000,14630000,5320000,26.67,Cancelado,Tarjeta débito,,,No,No
ORD-03999,2025-10-05,2025,2025-10,Q4,Caribe,Barranquilla,Marketplace,Emprendedor,Audífonos Bluetooth,Audio,Sofía Herrera,5,374000,3,1870000,56100,1813900,199000,995000,818900,45.15,Entregado,Tarjeta crédito,5,4,No,No
ORD-04000,2024-08-26,2024,2024-08,Q3,Amazonía,Mocoa,Ventas corporativas,Consumidor,Teclado Mecánico,Accesorios,Ana Torres,17,298000,15,5066000,759900,4306100,176000,2992000,1314100,30.52,Procesando,Tarjeta crédito,4,4,No,No
